51,318,0.184
51,318,0.253
50,317,0.269

225,219,0.121
223,221,0.169
222,221,0.18
220,223,0.196
219,224,0.214
218,225,0.226
217,226,0.235
216,228,0.248
214,230,0.265
213,233,0.272
212,234,0.287
211,237,0.304
209,239,0.315
208,241,0.328
207,244,0.337
206,246,0.346
204,248,0.354
203,251,0.363
201,253,0.377
200,256,0.392
198,259,0.402
196,262,0.412
194,264,0.42
193,267,0.43
191,269,0.435
190,272,0.438
189,274,0.44
187,277,0.443
186,280,0.444
185,283,0.444
184,285,0.445
183,288,0.447
182,291,0.45
181,294,0.456
180,297,0.457
180,299,0.457
179,302,0.457
178,305,0.457
177,307,0.454
176,310,0.453
176,313,0.453
175,316,0.455
174,318,0.456
173,321,0.459
173,324,0.46
172,326,0.463
171,328,0.464
170,331,0.464
169,333,0.465
169,335,0.465
168,339,0.465
167,342,0.467
166,344,0.468
166,347,0.468
165,350,0.466
165,352,0.465
164,354,0.467
164,356,0.47
163,358,0.472
162,360,0.472
162,362,0.473
161,364,0.473
161,366,0.473
160,368,0.473
160,370,0.473
159,372,0.473
159,374,0.473
158,375,0.475
158,377,0.476
158,379,0.476
157,380,0.477
157,381,0.477
157,382,0.477
157,384,0.477
156,385,0.477
156,386,0.477
156,387,0.474
156,388,0.471
156,390,0.456
156,391,0.439
156,392,0.431
156,393,0.427

157,398,0.094
157,399,0.131
157,399,0.14
157,400,0.162
157,400,0.19
157,400,0.216
157,401,0.24
157,402,0.256
157,403,0.267
157,404,0.271
157,405,0.279
157,406,0.291
157,407,0.303
157,408,0.317
157,410,0.326
157,411,0.334
158,412,0.34
158,414,0.347
158,415,0.352
158,417,0.358
159,418,0.363
159,420,0.37
160,421,0.373
160,423,0.376
160,425,0.38
161,427,0.384
161,429,0.388
161,430,0.392
162,432,0.396
162,434,0.401
163,435,0.406
163,437,0.411
164,438,0.415
164,440,0.419
165,441,0.421
165,443,0.424
166,444,0.427
166,445,0.431
167,446,0.433
167,447,0.436
168,449,0.437
169,450,0.439
169,451,0.44
170,453,0.44
171,454,0.441
171,455,0.441
172,456,0.441
172,457,0.441
173,458,0.441
174,459,0.443
174,460,0.444
175,461,0.444
175,462,0.445
176,463,0.445
176,463,0.445
176,464,0.445
177,465,0.445
177,466,0.445
177,466,0.445
178,467,0.445
178,468,0.445
179,468,0.445
179,469,0.445
180,470,0.445
180,470,0.445
180,471,0.445
181,471,0.445
181,471,0.445
181,472,0.445
182,472,0.445
182,473,0.442
183,473,0.441
183,473,0.441
184,474,0.443
184,474,0.444
184,474,0.444
185,475,0.447
185,475,0.45
185,475,0.454
186,475,0.458
186,475,0.46
187,475,0.463
187,476,0.464
187,476,0.467
188,476,0.468
188,476,0.468
189,476,0.469
189,476,0.471
189,477,0.472
190,477,0.475
190,477,0.478
190,477,0.481
190,477,0.485
190,477,0.491
191,477,0.494
191,478,0.495
191,478,0.496
192,478,0.496
192,478,0.496
192,478,0.496
192,478,0.496
192,478,0.498
192,478,0.501
192,478,0.505
192,478,0.509
193,478,0.513
193,478,0.515
193,478,0.515
193,478,0.516
193,479,0.518
193,479,0.517
193,479,0.516
193,479,0.5
193,479,0.479
193,479,0.468
192,479,0.462

185,462,0.117
185,462,0.162
185,462,0.173
185,462,0.195
185,462,0.223
185,462,0.234
185,462,0.242
185,462,0.258
185,463,0.277
185,463,0.287
186,463,0.302
186,464,0.319
186,465,0.335
186,466,0.352
187,466,0.363
187,467,0.373
187,468,0.381
188,469,0.389
188,470,0.395
189,471,0.401
189,472,0.408
190,473,0.418
191,474,0.427
191,475,0.438
192,476,0.444
192,478,0.452
193,479,0.457
193,481,0.462
194,482,0.464
194,483,0.467
195,484,0.468
196,486,0.471
196,487,0.472
197,488,0.475
197,489,0.476
198,490,0.479
198,491,0.481
199,492,0.485
200,493,0.489
200,494,0.493
201,494,0.497
201,495,0.501
202,496,0.503
202,497,0.506
203,498,0.507
203,499,0.507
203,500,0.508
204,501,0.51
204,502,0.511
205,503,0.514
205,503,0.515
206,504,0.518
206,505,0.519
207,506,0.519
207,507,0.52
208,508,0.521
208,509,0.522
209,510,0.525
210,511,0.526
210,512,0.529
211,514,0.53
212,515,0.53
213,516,0.542
214,517,0.56
214,518,0.558
215,519,0.546
217,520,0.54
218,520,0.536
219,521,0.535
220,522,0.535
221,523,0.535
222,523,0.535
223,524,0.535
225,525,0.535
226,526,0.535
227,526,0.537
228,527,0.538
229,528,0.538
230,528,0.539
231,529,0.539
232,529,0.539
233,530,0.539
234,530,0.539
234,531,0.539
235,531,0.545
236,532,0.555
237,532,0.553
237,533,0.548
238,533,0.549
239,533,0.556
240,534,0.56
241,534,0.563
242,534,0.563
243,535,0.562
244,535,0.562
245,535,0.562
246,536,0.562
247,536,0.562
249,536,0.562
250,537,0.562
251,537,0.56
252,537,0.559
253,538,0.559
254,538,0.559
256,538,0.559
256,539,0.561
258,539,0.56
259,540,0.559
260,540,0.559
260,540,0.559
261,541,0.559
262,541,0.559
263,541,0.559
263,542,0.559
264,542,0.559
265,543,0.559
265,543,0.559
266,543,0.559
266,544,0.559
267,544,0.559
268,544,0.559
268,544,0.559
269,544,0.559
270,545,0.561
271,545,0.562
271,545,0.562
272,546,0.562
273,546,0.562
274,546,0.562
274,546,0.562
275,547,0.56
276,547,0.559
277,547,0.559
278,547,0.559
279,547,0.559
280,547,0.559
281,547,0.559
282,548,0.559
283,548,0.559
283,548,0.559
284,548,0.559
285,548,0.559
286,548,0.559
287,549,0.559
287,549,0.559
288,549,0.559
289,549,0.559
289,549,0.559
290,549,0.559
290,549,0.559
291,549,0.559
291,549,0.559
291,549,0.554
292,549,0.55
292,549,0.55
292,549,0.554
292,549,0.557
293,549,0.558
293,549,0.552
293,549,0.542
293,549,0.499
293,549,0.44
293,548,0.414
293,548,0.403

206,391,0.121
206,391,0.169
206,392,0.18
205,392,0.2
205,393,0.225
205,393,0.248
204,394,0.272
204,395,0.296
203,396,0.319
203,398,0.33
202,399,0.341
202,401,0.354
201,403,0.363
200,405,0.373
200,407,0.379
199,410,0.384
199,412,0.388
198,414,0.394
198,416,0.398
197,418,0.405
197,420,0.412
197,423,0.422
196,425,0.431
196,427,0.441
196,430,0.448
196,432,0.456
196,434,0.459
197,437,0.462
197,439,0.464
198,441,0.467
198,443,0.468
199,445,0.471
200,448,0.472
200,450,0.472
201,452,0.473
202,455,0.473
203,458,0.47
204,461,0.467
205,463,0.436
206,466,0.391
208,469,0.369
210,472,0.357

224,498,0.152
225,500,0.208
225,501,0.221
226,502,0.238
227,503,0.255
228,503,0.268
229,504,0.282
230,505,0.293
231,506,0.305
232,507,0.31
233,508,0.32
234,509,0.335
234,510,0.349
235,511,0.362
237,513,0.374
238,515,0.386
239,516,0.397
240,518,0.409
242,519,0.417
243,521,0.422
245,522,0.429
246,523,0.438
248,525,0.444
249,526,0.449
251,527,0.452
253,528,0.455
255,530,0.458
256,531,0.464
258,532,0.471
259,533,0.479
260,533,0.484
262,534,0.491
263,535,0.496
264,536,0.503
265,537,0.508
267,538,0.513
268,538,0.515
270,539,0.515
271,540,0.516
273,541,0.516
274,542,0.518
276,543,0.522
277,544,0.527
279,545,0.534
280,546,0.543
282,547,0.554
283,548,0.555
285,549,0.551
286,550,0.555
287,550,0.564
288,551,0.57
290,552,0.573
291,552,0.574
292,553,0.576
293,554,0.581
295,555,0.588
296,555,0.592
297,556,0.595
298,556,0.597
299,557,0.6
300,558,0.601
301,558,0.604
302,559,0.604
303,559,0.607
305,559,0.61
306,560,0.616
307,560,0.619
308,561,0.622
310,561,0.624
311,561,0.624
313,562,0.625
314,562,0.625
316,562,0.625
317,563,0.625
319,563,0.625
320,564,0.625
322,564,0.622
324,564,0.619
326,564,0.594
328,565,0.562
331,565,0.534
334,565,0.511
337,565,0.43
341,566,0.322
344,566,0.271
348,566,0.244

353,566,0.105
353,566,0.146
354,566,0.154
354,566,0.176
355,566,0.203
355,565,0.221
356,565,0.236
357,565,0.249
358,565,0.261
359,565,0.267
361,565,0.275
362,565,0.287
364,565,0.302
366,565,0.319
369,565,0.333
371,565,0.347
373,565,0.356
376,565,0.367
379,565,0.376
382,565,0.385
385,565,0.391
389,565,0.397
392,566,0.4
395,566,0.403
398,566,0.405
401,567,0.408
404,567,0.4
407,567,0.389
409,568,0.383
412,568,0.379

373,555,0.129
374,554,0.177
375,554,0.188
377,554,0.213
377,554,0.241
378,554,0.267
379,554,0.294
380,555,0.316
381,555,0.339
383,555,0.35
385,556,0.362
386,556,0.376
388,557,0.394
390,557,0.412
392,558,0.425
395,559,0.438
397,559,0.448
399,560,0.46
401,561,0.47
403,561,0.479
405,562,0.484
406,562,0.491
408,563,0.496
409,563,0.503
411,564,0.508
412,564,0.515
414,565,0.518
415,565,0.521
416,566,0.524
418,566,0.528
419,567,0.538
420,567,0.554
421,568,0.56
422,568,0.562
423,569,0.561
424,569,0.559
425,570,0.559
426,571,0.561
426,571,0.56
427,572,0.559
428,573,0.559
429,573,0.559
430,574,0.559
430,574,0.559
431,575,0.559
432,575,0.559
432,576,0.559
433,576,0.559
433,576,0.554
434,577,0.55
434,577,0.552
435,577,0.558
435,577,0.561
435,577,0.563
435,577,0.565
436,578,0.568
436,578,0.569
436,578,0.569
436,578,0.57
436,578,0.572
437,579,0.573
437,579,0.576
437,579,0.577
437,579,0.58
437,579,0.581
437,579,0.584
437,579,0.585
437,579,0.588
438,579,0.589
438,579,0.589
438,580,0.59
438,580,0.59
439,580,0.592
439,580,0.595
439,580,0.597
440,580,0.6
440,580,0.601
440,581,0.604
440,581,0.604
441,581,0.607
441,581,0.608
442,581,0.608
442,582,0.609
443,582,0.611
443,582,0.612
444,583,0.612
445,583,0.613
445,583,0.613
446,584,0.61
447,584,0.609
447,584,0.609
448,585,0.611
449,585,0.612
450,585,0.615
451,586,0.614
452,586,0.613
453,587,0.613
454,587,0.613
455,588,0.613
456,588,0.615
457,588,0.616
458,589,0.616
459,589,0.617
460,590,0.617
461,590,0.617
462,591,0.617
463,591,0.617
464,592,0.617
465,592,0.614
465,593,0.613
466,593,0.613
467,593,0.615
468,594,0.616
469,594,0.616
470,595,0.617
471,595,0.617
472,596,0.614
473,596,0.613
474,597,0.613
476,598,0.615
477,599,0.614
478,600,0.613
479,601,0.613
480,602,0.613
481,603,0.613
483,604,0.613
484,606,0.613
485,607,0.615
487,608,0.616
488,609,0.616
489,611,0.617
491,612,0.617
492,613,0.617
494,615,0.617
495,616,0.614
496,617,0.613
498,618,0.613
500,619,0.615
501,621,0.614
503,622,0.613
505,623,0.613
507,625,0.613
508,626,0.613
510,627,0.613
512,629,0.613
514,630,0.615
515,632,0.616
517,633,0.616
518,634,0.617
519,635,0.619
520,637,0.62
521,638,0.62
523,639,0.621
524,640,0.621
525,640,0.621
526,641,0.621
527,642,0.618
528,643,0.617
529,643,0.617
531,644,0.619
532,645,0.618
533,645,0.617
535,646,0.617
536,647,0.617
538,647,0.617
540,648,0.619
541,649,0.618
543,650,0.617
545,651,0.617
546,652,0.619
548,652,0.62
549,653,0.623
551,654,0.624
552,655,0.624
553,656,0.625
555,657,0.625
556,658,0.625
557,659,0.625
559,660,0.622
560,660,0.621
561,661,0.621
562,662,0.621
563,663,0.621
564,664,0.621
565,665,0.621
567,665,0.621
568,666,0.621
569,667,0.623
570,667,0.624
571,668,0.624
572,669,0.625
574,669,0.627
575,670,0.628
576,671,0.628
577,671,0.629
578,672,0.631
579,672,0.632
581,672,0.635
582,673,0.636
583,673,0.639
584,674,0.64
585,674,0.64
586,674,0.641
587,675,0.643
588,675,0.644
589,675,0.646
590,676,0.647
591,676,0.65
593,676,0.651
594,676,0.654
595,676,0.657
596,676,0.661
597,676,0.665
598,677,0.669
599,677,0.673
600,677,0.677
600,677,0.679
601,677,0.682
602,677,0.683
603,677,0.683
603,677,0.684
604,677,0.686
605,677,0.687
606,677,0.687
606,677,0.688
606,677,0.689
607,677,0.69
607,677,0.693
608,677,0.694
608,677,0.694
609,677,0.695
609,677,0.697
609,677,0.698
609,677,0.698
610,677,0.699
610,677,0.699
610,677,0.699
610,677,0.699
610,677,0.699
611,677,0.699
611,677,0.699
611,677,0.699
611,677,0.699
612,677,0.699
612,677,0.699
612,677,0.699
613,677,0.699
613,677,0.701
613,677,0.702
613,676,0.702
613,676,0.703
614,676,0.703
614,676,0.703
614,676,0.703
615,676,0.703
615,676,0.703
616,676,0.703
616,676,0.703
617,675,0.703
617,675,0.703
618,675,0.703
619,675,0.703
619,675,0.703
620,675,0.703
621,675,0.703
621,674,0.703
622,674,0.703
623,674,0.703
624,674,0.703
624,674,0.703
625,674,0.703
625,674,0.703
626,674,0.703
626,674,0.703
627,674,0.703
627,673,0.703
628,673,0.703
628,673,0.703
629,673,0.703
629,673,0.705
630,673,0.704
631,672,0.703
631,672,0.703
632,672,0.703
633,672,0.703
633,672,0.703
634,671,0.703
635,671,0.703
635,671,0.703
636,671,0.705
636,671,0.704
637,671,0.703
637,671,0.701
637,670,0.697
637,670,0.645
637,670,0.568
637,670,0.531

642,672,0.18
642,672,0.249
642,672,0.265
642,671,0.291
642,671,0.32
642,671,0.341
643,671,0.361
643,670,0.381
644,669,0.4
644,668,0.409
645,667,0.424
645,666,0.442
646,665,0.462
648,664,0.481
649,662,0.497
651,661,0.511
653,659,0.517
655,658,0.521
657,656,0.524
659,655,0.53
662,653,0.539
664,652,0.55
666,651,0.551
667,650,0.547
669,649,0.551
671,648,0.559
672,647,0.565
673,647,0.573
675,646,0.576
676,645,0.577
677,645,0.578
678,644,0.578
678,644,0.569
679,643,0.557
679,643,0.465
680,643,0.339
680,641,0.291

413,383,0.137
414,383,0.188
414,383,0.198
414,383,0.216
414,383,0.231
414,383,0.246
414,383,0.265
414,384,0.278
414,384,0.292
414,384,0.298
414,384,0.3
415,384,0.303
415,385,0.304
415,385,0.307
415,385,0.31
415,385,0.313
415,385,0.309
415,385,0.3
414,385,0.282
414,385,0.262
413,385,0.249
412,385,0.244
411,385,0.248
411,385,0.258
410,385,0.271
409,385,0.286
408,385,0.297
407,384,0.307
407,384,0.314
406,384,0.322
405,384,0.328
405,383,0.333
404,383,0.335
404,382,0.338
403,382,0.339
403,381,0.342
403,380,0.341
402,380,0.34
402,379,0.34
402,379,0.34
401,379,0.342
401,378,0.345
401,378,0.347
401,378,0.347
401,377,0.35
401,377,0.354
401,377,0.357
402,376,0.36
402,376,0.362
402,376,0.365
403,376,0.37
403,377,0.377
404,377,0.383
404,378,0.388
405,378,0.392
405,378,0.397
406,379,0.404
407,380,0.412
407,380,0.418
408,381,0.423
409,382,0.427
410,383,0.431
410,384,0.435
411,385,0.438
412,386,0.44
412,388,0.443
413,389,0.444
414,390,0.444
414,392,0.445
415,393,0.447
415,395,0.448
416,397,0.451
416,400,0.454
417,402,0.46
417,404,0.463
418,406,0.464
418,409,0.465
419,411,0.467
419,413,0.47
419,415,0.476
419,418,0.48
419,420,0.485
419,422,0.489
419,425,0.493
419,428,0.495
419,431,0.498
419,433,0.499
419,436,0.502
419,439,0.503
418,442,0.506
418,444,0.507
418,447,0.51
417,450,0.511
417,453,0.511
417,455,0.512
416,458,0.514
416,460,0.515
416,462,0.515
415,465,0.516
415,467,0.516
415,469,0.513
414,470,0.512
414,472,0.499
414,473,0.479
413,475,0.423
413,476,0.352
412,477,0.317
412,478,0.301

417,473,0.164
417,473,0.226
417,474,0.239
417,474,0.258
417,474,0.276
417,475,0.29
417,475,0.306
417,476,0.323
417,477,0.342
418,478,0.351
418,479,0.362
418,480,0.376
419,481,0.389
419,483,0.401
420,484,0.409
421,486,0.417
422,488,0.424
423,489,0.432
424,491,0.438
426,492,0.442
427,494,0.444
429,495,0.447
431,497,0.448
432,498,0.451
433,499,0.452
435,500,0.455
436,501,0.456
437,502,0.456
438,502,0.459
439,503,0.462
439,503,0.464
440,503,0.464
440,504,0.46
441,504,0.454
441,504,0.399
441,504,0.322
441,504,0.285
442,504,0.266

441,498,0.133
441,498,0.184
442,498,0.194
442,498,0.214
442,498,0.235
442,498,0.259
442,498,0.287
443,498,0.313
443,498,0.338
443,498,0.35
444,498,0.367
445,499,0.387
445,499,0.398
446,499,0.408
447,499,0.416
448,499,0.424
450,499,0.43
452,499,0.435
453,500,0.438
455,500,0.442
456,500,0.444
458,500,0.447
459,500,0.45
461,500,0.454
462,501,0.458
463,501,0.462
464,502,0.466
464,503,0.472
465,503,0.477
466,504,0.481
466,504,0.485
467,505,0.489
467,505,0.491
468,506,0.491
468,506,0.481
469,507,0.468
469,507,0.357
470,507,0.206
471,508,0.132

474,512,0.16
473,512,0.222
473,512,0.235
474,512,0.254
474,512,0.271
474,512,0.288
474,512,0.307
474,512,0.323
475,512,0.34
475,512,0.348
475,512,0.356
476,512,0.369
476,512,0.377
476,512,0.385
477,512,0.397
477,512,0.413
477,512,0.425
478,512,0.438
478,512,0.444
479,512,0.452
479,512,0.457
479,512,0.462
480,512,0.466
480,512,0.47
480,512,0.474
480,512,0.479
480,512,0.484
480,512,0.491
480,512,0.494
480,512,0.497
480,512,0.499
481,512,0.502
481,512,0.503
481,512,0.506
481,512,0.507
481,512,0.51
481,512,0.515
481,512,0.521
481,512,0.536
481,512,0.555
481,512,0.564
481,512,0.568
481,512,0.567
481,512,0.566
482,512,0.566
482,512,0.566
482,512,0.566
482,512,0.566
482,512,0.563
482,512,0.562
482,512,0.561
482,512,0.559
482,512,0.554
482,513,0.55
482,513,0.546
483,513,0.544
483,513,0.543
483,513,0.543
483,513,0.543
484,513,0.543
484,513,0.54
484,513,0.539
484,513,0.539
484,513,0.539
484,513,0.547
484,513,0.56
484,513,0.566
484,513,0.571
485,514,0.571
485,514,0.57
486,514,0.572
486,514,0.575
486,514,0.577
486,514,0.577
486,515,0.578
487,515,0.578
487,515,0.578
487,515,0.578
487,515,0.578
487,515,0.578
488,515,0.578
488,516,0.578
488,516,0.578
488,516,0.578
488,516,0.578
489,516,0.58
489,516,0.581
489,516,0.581
489,517,0.582
489,517,0.582
489,517,0.582
489,517,0.582
489,517,0.582
490,517,0.582
490,518,0.582
490,518,0.582
491,518,0.582
491,518,0.582
491,518,0.582
491,518,0.582
491,519,0.582
492,519,0.582
492,519,0.582
492,519,0.582
492,519,0.582
492,519,0.582
492,519,0.582
493,520,0.582
493,520,0.582
494,520,0.584
494,520,0.585
495,520,0.585
495,521,0.586
495,521,0.586
495,521,0.586
496,522,0.586
496,522,0.588
496,522,0.591
496,523,0.59
497,523,0.59
497,524,0.59
498,525,0.59
498,525,0.59
498,526,0.59
499,526,0.59
499,527,0.59
499,527,0.592
500,528,0.595
500,528,0.594
501,529,0.594
502,529,0.565
503,530,0.524
504,530,0.505
505,530,0.494

500,539,0.102
500,539,0.139
500,539,0.147
500,540,0.164
500,540,0.183
501,540,0.198
501,540,0.215
502,541,0.229
502,541,0.241
502,542,0.244
503,542,0.244
503,543,0.243
504,544,0.251
505,545,0.265
505,545,0.278
506,546,0.292
507,547,0.304
507,548,0.317
508,549,0.328
509,549,0.34
510,550,0.349
511,551,0.357
512,551,0.363
513,552,0.368
514,553,0.372
515,554,0.378
516,555,0.385
517,555,0.395
518,556,0.403
519,557,0.414
520,557,0.421
521,558,0.429
522,559,0.434
523,559,0.438
524,560,0.44
524,560,0.443
525,561,0.446
526,561,0.45
527,562,0.454
528,562,0.46
529,562,0.465
529,563,0.472
530,563,0.475
531,564,0.478
532,565,0.481
533,565,0.485
534,565,0.489
536,566,0.493
537,567,0.495
538,568,0.495
540,568,0.498
541,569,0.501
542,570,0.503
544,571,0.506
545,571,0.509
546,572,0.513
548,573,0.517
549,574,0.521
550,575,0.524
551,576,0.528
552,576,0.532
553,577,0.538
555,578,0.545
556,579,0.553
557,580,0.552
559,581,0.55
560,581,0.552
561,582,0.558
562,583,0.554
564,583,0.548
565,584,0.545
566,585,0.543
568,586,0.54
569,586,0.539
570,587,0.548
572,588,0.562
573,588,0.569
575,589,0.573
576,590,0.574
578,590,0.576
579,591,0.577
581,591,0.577
582,592,0.578
584,593,0.578
585,593,0.578
587,594,0.578
589,595,0.575
591,596,0.574
594,598,0.559
596,599,0.539
598,600,0.413
601,602,0.241
604,603,0.157

623,616,0.164
624,616,0.229
624,616,0.242
625,617,0.268
625,617,0.297
626,618,0.321
627,618,0.349
628,618,0.369
630,619,0.389
631,619,0.397
633,620,0.407
634,620,0.418
636,621,0.431
637,621,0.446
639,622,0.459
640,622,0.472
642,623,0.483
643,624,0.497
644,624,0.508
646,625,0.52
647,626,0.528
648,627,0.537
650,627,0.545
651,628,0.553
653,629,0.559
654,630,0.565
656,630,0.568
657,631,0.571
659,631,0.575
660,632,0.579
661,633,0.585
662,633,0.592
664,634,0.6
665,634,0.607
666,635,0.613
667,635,0.62
668,636,0.625
669,636,0.63
670,637,0.634
671,637,0.638
672,637,0.642
673,638,0.646
674,638,0.647
675,638,0.65
676,638,0.651
677,639,0.651
678,639,0.656
679,639,0.662
680,639,0.666
681,640,0.667
682,640,0.67
683,640,0.675
684,640,0.678
684,640,0.679
685,640,0.68
686,640,0.68
687,640,0.68
688,640,0.682
689,640,0.683
690,639,0.683
691,639,0.684
692,639,0.684
693,639,0.684
693,639,0.684
694,639,0.684
695,638,0.686
696,638,0.687
696,638,0.687
697,637,0.688
698,637,0.688
698,636,0.688
699,636,0.688
699,635,0.688
700,635,0.688
701,634,0.688
701,634,0.688
702,633,0.688
702,633,0.689
703,632,0.69
703,632,0.69
703,631,0.691
704,631,0.693
704,630,0.692
704,630,0.691
705,629,0.691
705,629,0.691
705,628,0.691
705,628,0.691
705,628,0.685
706,627,0.675
706,627,0.602
705,626,0.502
705,626,0.452
705,626,0.428

508,532,0.102
507,532,0.142
507,532,0.15
507,532,0.174
507,532,0.204
507,532,0.239
507,532,0.277
508,532,0.31
508,532,0.339
509,532,0.353
509,532,0.368
510,533,0.386
510,533,0.401
511,533,0.418
512,533,0.432
513,533,0.444
514,533,0.452
515,534,0.46
516,534,0.465
517,534,0.472
519,533,0.475
520,533,0.478
521,533,0.479
522,533,0.479
523,533,0.478
524,533,0.477
524,533,0.472
525,533,0.466
525,533,0.46
526,533,0.456
526,533,0.454
526,533,0.453
526,533,0.453
526,533,0.453
526,533,0.453
526,534,0.453
526,534,0.453
526,535,0.455
526,535,0.458
526,536,0.462
526,536,0.466
526,537,0.472
526,538,0.477
526,539,0.483
526,540,0.488
526,541,0.493
526,542,0.492
526,543,0.492
526,544,0.449
527,545,0.389
527,545,0.358
528,546,0.343

537,554,0.141
537,555,0.194
537,554,0.206
537,555,0.233
537,555,0.266
538,555,0.293
538,555,0.32
539,555,0.344
539,555,0.364
540,556,0.374
540,556,0.384
541,556,0.396
542,556,0.408
543,556,0.421
544,556,0.429
544,556,0.437
545,556,0.441
546,557,0.446
546,557,0.45
547,557,0.456
548,557,0.463
548,557,0.471
549,557,0.477
549,557,0.481
550,557,0.483
551,557,0.486
551,556,0.487
552,556,0.49
553,556,0.491
554,556,0.491
554,556,0.492
555,555,0.492
556,555,0.492
556,555,0.494
556,555,0.495
557,555,0.495
557,554,0.496
557,554,0.496
557,554,0.496
557,554,0.498
557,555,0.501
557,555,0.505
557,555,0.509
557,556,0.513
557,556,0.517
557,557,0.521
557,557,0.522
557,558,0.525
557,558,0.526
557,559,0.529
557,560,0.528
557,560,0.527
557,561,0.525
557,561,0.523
557,562,0.515
557,563,0.502
557,563,0.438
557,564,0.351
557,565,0.308
557,565,0.286

563,574,0.164
563,574,0.226
563,575,0.239
563,575,0.264
564,575,0.293
564,576,0.313
565,576,0.334
565,576,0.349
566,576,0.364
567,577,0.371
567,577,0.378
568,577,0.385
569,577,0.395
570,577,0.405
571,578,0.415
571,578,0.426
572,578,0.437
573,578,0.45
573,578,0.461
574,578,0.473
574,578,0.479
575,578,0.487
576,578,0.49
576,577,0.493
577,577,0.495
577,577,0.498
578,577,0.499
578,577,0.502
579,577,0.503
580,576,0.506
580,576,0.507
581,576,0.507
581,576,0.508
581,576,0.51
582,575,0.509
582,575,0.508
582,575,0.508
583,575,0.51
583,575,0.511
583,575,0.511
583,575,0.512
583,575,0.514
583,575,0.515
583,575,0.515
584,575,0.516
584,575,0.516
584,575,0.516
584,575,0.518
584,575,0.521
584,576,0.526
585,576,0.529
585,577,0.532
585,577,0.534
585,578,0.534
585,579,0.535
585,580,0.535
585,581,0.535
585,581,0.535
585,583,0.535
585,583,0.537
585,584,0.538
585,585,0.538
584,585,0.539
584,586,0.539
584,586,0.532
584,587,0.522
584,587,0.462
584,587,0.379
584,587,0.338
584,587,0.317

590,592,0.211
590,592,0.291
590,592,0.309
590,592,0.341
590,592,0.377
590,592,0.409
590,592,0.442
591,592,0.47
591,592,0.494
591,592,0.506
592,591,0.525
592,591,0.551
593,590,0.561
593,590,0.563
594,589,0.559
595,589,0.552
596,588,0.549
597,587,0.547
598,586,0.547
600,585,0.547
601,584,0.547
603,583,0.547
604,582,0.549
606,581,0.554
607,580,0.557
608,579,0.558
609,579,0.559
610,578,0.559
611,578,0.554
611,578,0.548
612,578,0.549
612,578,0.556
613,578,0.553
613,579,0.548
613,579,0.543
613,580,0.54
612,581,0.539
612,582,0.539
612,583,0.536
611,585,0.535
610,586,0.535
610,587,0.535
609,588,0.532
609,590,0.531
608,591,0.516
608,592,0.496
608,594,0.411
608,595,0.299
608,596,0.244
608,598,0.217

613,607,0.207
613,607,0.284
613,607,0.302
614,608,0.329
614,608,0.356
614,608,0.379
614,608,0.401
614,608,0.418
615,608,0.435
615,608,0.441
616,608,0.453
616,608,0.466
616,608,0.48
616,608,0.496
617,608,0.51
617,607,0.522
617,607,0.536
618,607,0.552
618,607,0.556
618,606,0.559
619,606,0.552
619,605,0.545
620,605,0.541
620,604,0.539
621,603,0.539
621,602,0.539
622,601,0.539
623,599,0.539
624,598,0.539
625,597,0.539
626,597,0.539
627,596,0.541
627,595,0.542
628,595,0.542
629,594,0.547
630,594,0.553
631,593,0.552
632,593,0.55
632,593,0.548
633,593,0.547
633,594,0.547
634,594,0.547
634,595,0.547
634,595,0.547
634,596,0.547
634,597,0.547
634,598,0.544
633,599,0.541
633,601,0.548
633,602,0.56
632,604,0.566
631,605,0.569
631,607,0.572
630,608,0.575
630,609,0.577
629,610,0.577
629,611,0.575
629,612,0.574
628,613,0.544
628,613,0.5
628,614,0.479
629,614,0.47

646,611,0.113
646,611,0.158
646,611,0.169
646,611,0.191
646,611,0.219
646,611,0.247
646,611,0.28
646,611,0.311
646,611,0.34
646,611,0.353
646,611,0.366
646,612,0.382
646,612,0.398
646,612,0.416
647,612,0.429
647,613,0.441
647,613,0.448
648,613,0.456
648,613,0.461
649,613,0.466
650,612,0.47
651,612,0.474
652,611,0.478
653,611,0.483
654,610,0.486
655,609,0.487
656,608,0.488
657,607,0.488
658,606,0.488
660,606,0.488
661,605,0.488
662,604,0.488
663,604,0.488
664,603,0.488
664,603,0.488
665,602,0.488
666,602,0.488
666,602,0.488
667,602,0.488
667,602,0.488
667,602,0.488
668,602,0.488
668,603,0.488
668,603,0.488
668,604,0.49
669,605,0.493
669,606,0.497
669,606,0.503
668,607,0.506
668,608,0.509
668,610,0.513
667,611,0.517
667,612,0.51
666,613,0.498
665,614,0.382
664,615,0.218
663,616,0.136

682,621,0.156
682,621,0.218
682,621,0.231
682,621,0.254
682,621,0.279
682,621,0.305
682,621,0.332
682,621,0.353
682,621,0.371
682,621,0.379
682,621,0.388
682,621,0.4
682,621,0.417
682,621,0.436
682,621,0.455
682,621,0.477
682,621,0.49
682,621,0.503
682,621,0.511
682,621,0.519
683,621,0.534
683,621,0.555
683,621,0.562
684,621,0.563
684,620,0.561
685,620,0.56
685,620,0.559
685,620,0.559
686,619,0.561
686,619,0.563
687,619,0.559
687,618,0.55
688,618,0.552
689,617,0.559
690,616,0.563
691,615,0.567
692,614,0.561
693,613,0.549
693,612,0.549
694,611,0.556
695,609,0.557
696,608,0.559
696,607,0.554
697,606,0.55
697,606,0.55
697,605,0.552
698,605,0.549
698,605,0.546
698,604,0.542
698,604,0.537
698,604,0.536
698,605,0.535
698,605,0.535
698,606,0.537
699,606,0.536
699,607,0.533
699,608,0.532
699,609,0.531
699,610,0.531
699,611,0.533
699,613,0.534
699,614,0.534
698,615,0.535
698,617,0.535
698,618,0.532
697,620,0.531
697,622,0.516
696,623,0.494
696,625,0.483
695,626,0.478

706,620,0.152
706,620,0.208
706,620,0.221
706,620,0.243
706,620,0.268
706,620,0.291
706,620,0.317
706,620,0.34
706,620,0.362
706,620,0.373
707,620,0.388
707,620,0.407
707,620,0.42
707,620,0.431
707,620,0.438
708,619,0.442
708,619,0.441
708,619,0.439
708,618,0.382
708,618,0.303
709,617,0.269
709,616,0.261

710,613,0.207
710,613,0.284
711,612,0.302
711,612,0.327
711,612,0.354
711,611,0.37
711,611,0.385
711,611,0.396
712,610,0.406
712,610,0.411
712,609,0.413
712,608,0.416
712,607,0.419
712,606,0.425
712,605,0.428
712,604,0.431
713,603,0.433
713,602,0.433
713,602,0.431
713,601,0.43
713,600,0.43
713,599,0.43
713,599,0.43
712,598,0.43
712,598,0.427
712,597,0.426
711,597,0.426
711,597,0.426
711,596,0.426
710,596,0.426
710,596,0.426
710,596,0.426
710,596,0.426
710,596,0.428
709,596,0.431
709,596,0.435
709,596,0.438
709,596,0.442
708,596,0.446
708,597,0.45
708,597,0.452
707,598,0.455
707,599,0.447
707,600,0.438
706,602,0.431
706,603,0.427

429,413,0.105
429,414,0.146
428,414,0.154
428,415,0.172
428,415,0.192
429,416,0.216
429,416,0.242
429,417,0.263
429,417,0.283
430,418,0.292
430,418,0.302
430,419,0.312
431,420,0.323
431,421,0.337
432,422,0.35
432,423,0.362
433,424,0.374
434,425,0.386
434,427,0.396
435,429,0.406
435,430,0.413
436,432,0.421
436,433,0.428
437,435,0.436
437,436,0.439
438,438,0.442
439,439,0.444
440,441,0.444
441,442,0.442
442,443,0.441
443,444,0.439
445,445,0.436
447,446,0.378
449,447,0.299
451,448,0.259
454,449,0.239

459,451,0.07
459,451,0.097
459,451,0.103

457,450,0.145
457,450,0.2
457,450,0.213
457,451,0.241
458,451,0.273
458,451,0.305
458,451,0.339
459,451,0.367
460,451,0.395
460,451,0.407
461,451,0.423
462,451,0.44
462,451,0.454
463,451,0.47
463,452,0.482
464,452,0.495
465,452,0.505
465,452,0.514
466,452,0.521
467,452,0.529
467,452,0.539
468,453,0.553
469,453,0.552
469,453,0.546
470,453,0.553
471,453,0.567
472,453,0.58
473,454,0.591
474,454,0.598
475,454,0.603
476,454,0.604
477,454,0.607
479,455,0.61
480,455,0.614
481,455,0.618
483,456,0.624
484,456,0.627
485,456,0.63
486,457,0.636
487,457,0.643
488,457,0.648
489,458,0.655
490,458,0.66
491,458,0.665
491,459,0.667
492,459,0.67
493,460,0.671
494,460,0.674
495,461,0.677
495,462,0.681
496,462,0.683
497,463,0.686
498,464,0.687
499,464,0.689
500,465,0.69
501,466,0.693
502,467,0.694
503,468,0.697
504,468,0.696
505,469,0.695
506,470,0.695
508,471,0.695
509,472,0.695
510,473,0.695
512,474,0.695
513,475,0.697
515,476,0.698
516,478,0.698
518,479,0.696
519,481,0.695
520,482,0.693
522,484,0.691
523,486,0.687
525,488,0.681
526,491,0.669
528,493,0.657
530,496,0.63
533,498,0.598
535,500,0.553
537,503,0.502
540,506,0.398
543,508,0.272
546,511,0.212
550,513,0.183

446,432,0.121
446,432,0.166
447,432,0.177
447,432,0.201
448,433,0.231
448,433,0.265
449,433,0.299
450,433,0.33
451,434,0.359
452,434,0.372
453,434,0.386
454,435,0.399
455,435,0.414
456,435,0.43
457,436,0.443
459,436,0.456
460,437,0.47
461,437,0.485
462,437,0.498
463,438,0.511
464,438,0.521
464,438,0.529
465,438,0.539
466,438,0.55
467,439,0.549
468,439,0.544
469,439,0.552
470,439,0.565
471,439,0.577
472,439,0.59
473,439,0.597
474,439,0.604
475,439,0.607
476,439,0.61
477,439,0.614
478,439,0.618
479,439,0.622
480,439,0.626
481,439,0.628
483,438,0.631
484,438,0.632
485,438,0.632
486,438,0.633
487,438,0.635
488,438,0.638
489,438,0.644
490,438,0.65
491,437,0.656
492,437,0.661
493,437,0.665
494,437,0.669
495,437,0.673
496,436,0.679
496,436,0.682
497,436,0.685
498,435,0.687
499,435,0.687
500,435,0.688
500,435,0.688
501,435,0.689
501,435,0.692
502,434,0.694
503,434,0.694
503,434,0.695
504,434,0.697
504,434,0.7
505,434,0.704
505,434,0.708
506,434,0.712
506,434,0.711
507,434,0.709
508,434,0.71
508,434,0.712
509,434,0.714
510,434,0.714
510,434,0.715
511,434,0.717
512,434,0.718
512,434,0.718
513,434,0.719
514,434,0.719
514,434,0.721
514,434,0.724
515,434,0.726
516,434,0.724
516,434,0.723
517,434,0.725
517,434,0.728
518,434,0.727
518,434,0.727
518,434,0.727
519,434,0.727
519,434,0.727
519,434,0.729
520,434,0.728
520,434,0.727
521,434,0.727
521,434,0.729
521,434,0.728
521,434,0.727
521,435,0.727
522,435,0.729
522,435,0.729
523,435,0.729
523,435,0.728
523,435,0.727
523,435,0.727
523,435,0.729
524,436,0.729
524,436,0.729
524,436,0.73
525,436,0.732
525,437,0.731
525,437,0.73
525,437,0.73
526,437,0.73
526,437,0.73
526,437,0.73
527,438,0.73
527,438,0.73
527,438,0.73
528,438,0.732
528,438,0.731
528,438,0.73
529,438,0.726
529,438,0.722
529,439,0.72
530,439,0.719
530,439,0.721
531,439,0.726
531,439,0.729
532,440,0.731
532,440,0.733
533,440,0.733
533,440,0.734
534,440,0.734
535,441,0.734
535,441,0.734
536,441,0.731
536,441,0.73
537,442,0.73
537,442,0.732
538,442,0.731
539,442,0.73
539,443,0.73
540,443,0.732
541,443,0.731
541,443,0.73
542,444,0.73
542,444,0.732
543,444,0.731
544,445,0.73
544,445,0.73
545,445,0.73
545,446,0.732
546,446,0.731
546,446,0.73
547,447,0.73
547,447,0.73
548,447,0.73
548,447,0.732
548,448,0.729
549,448,0.724
549,448,0.723
549,449,0.727
550,449,0.729
550,449,0.729
550,450,0.726
551,450,0.722
551,450,0.729
551,450,0.729
552,451,0.73
552,451,0.73
552,451,0.73
553,452,0.73
553,453,0.73
553,453,0.73
554,454,0.73
554,454,0.73
554,455,0.73
555,455,0.73
555,456,0.73
555,456,0.732
556,457,0.731
556,457,0.73
556,458,0.73
557,458,0.732
557,459,0.733
557,459,0.736
558,460,0.735
558,461,0.732
559,461,0.731
559,462,0.732
559,463,0.733
560,463,0.733
560,464,0.734
560,465,0.736
561,466,0.735
561,466,0.734
562,467,0.734
562,467,0.736
563,468,0.737
563,469,0.737
564,469,0.738
564,470,0.738
564,471,0.738
565,471,0.738
565,472,0.738
566,472,0.738
566,473,0.738
567,474,0.735
567,474,0.734
568,475,0.734
568,475,0.734
569,476,0.734
569,476,0.734
570,477,0.734
570,477,0.734
571,478,0.734
571,478,0.734
571,479,0.734
572,479,0.734
572,480,0.734
573,481,0.734
573,481,0.734
574,482,0.736
574,483,0.735
574,483,0.734
575,484,0.734
575,485,0.736
576,485,0.735
576,486,0.734
577,487,0.734
577,488,0.734
578,489,0.734
578,490,0.734
578,490,0.734
579,491,0.736
579,492,0.735
579,493,0.734
580,493,0.736
580,494,0.735
581,495,0.734
581,496,0.734
581,496,0.734
582,497,0.734
582,498,0.734
582,498,0.734
583,499,0.734
583,500,0.734
583,500,0.736
584,501,0.737
584,502,0.737
585,503,0.738
585,503,0.738
585,504,0.738
586,505,0.738
586,505,0.738
586,506,0.738
587,506,0.738
587,507,0.74
587,507,0.741
588,508,0.744
588,508,0.745
588,509,0.745
588,509,0.746
589,510,0.748
589,510,0.747
589,511,0.746
590,511,0.746
590,512,0.748
590,513,0.747
591,513,0.746
591,514,0.746
591,515,0.748
592,516,0.749
592,516,0.749
592,517,0.75
592,518,0.75
593,518,0.747
593,519,0.746
594,520,0.746
594,521,0.748
594,521,0.749
595,522,0.749
595,523,0.75
596,523,0.75
596,524,0.752
597,525,0.753
597,525,0.753
598,526,0.754
598,527,0.754
598,527,0.756
599,528,0.757
599,528,0.757
600,529,0.755
600,530,0.757
601,530,0.759
602,531,0.758
602,531,0.758
602,532,0.758
603,532,0.758
603,533,0.758
604,533,0.76
604,534,0.761
605,534,0.764
605,535,0.765
606,535,0.765
606,536,0.766
607,537,0.766
607,537,0.766
608,538,0.768
609,539,0.771
609,539,0.774
610,540,0.776
610,541,0.776
611,541,0.779
611,542,0.782
612,543,0.781
612,544,0.781
613,545,0.781
613,545,0.783
614,546,0.784
615,547,0.784
615,547,0.785
616,548,0.787
616,549,0.788
617,549,0.788
618,550,0.789
619,550,0.791
619,551,0.792
620,551,0.792
621,552,0.793
622,552,0.795
623,553,0.796
624,553,0.796
624,554,0.797
625,554,0.799
626,555,0.8
627,555,0.803
628,556,0.804
629,556,0.804
630,557,0.805
631,557,0.807
632,558,0.808
633,558,0.808
634,558,0.809
635,559,0.811
636,559,0.812
637,559,0.812
637,560,0.812
638,560,0.814
639,561,0.815
640,561,0.815
640,561,0.816
641,562,0.816
642,562,0.816
642,562,0.816
643,563,0.816
644,563,0.818
644,563,0.819
645,564,0.819
646,564,0.82
647,564,0.82
647,565,0.82
648,565,0.82
649,565,0.82
650,565,0.82
650,566,0.82
651,566,0.82
652,566,0.82
653,566,0.82
653,567,0.82
654,567,0.822
655,567,0.823
656,568,0.823
657,568,0.824
658,569,0.824
659,569,0.824
660,570,0.824
661,570,0.824
661,571,0.824
662,571,0.824
663,572,0.824
663,572,0.824
664,572,0.824
664,573,0.824
665,573,0.824
666,574,0.824
666,574,0.824
666,575,0.824
667,575,0.826
667,576,0.825
668,576,0.824
668,577,0.824
669,577,0.824
669,578,0.824
670,579,0.824
670,579,0.824
671,580,0.824
671,580,0.824
672,581,0.824
672,581,0.824
673,582,0.824
673,582,0.824
674,583,0.824
674,583,0.824
674,584,0.824
675,584,0.826
675,585,0.827
676,585,0.827
676,586,0.825
677,586,0.824
677,587,0.824
677,587,0.824
678,588,0.824
678,588,0.824
678,589,0.824
679,589,0.824
679,590,0.824
680,590,0.824
680,591,0.824
680,591,0.826
680,592,0.825
680,592,0.824
681,593,0.824
681,593,0.824
681,594,0.824
681,595,0.824
681,596,0.819
682,597,0.815
682,598,0.801
682,598,0.783
683,599,0.699
683,599,0.586
684,599,0.53
684,598,0.505

561,458,0.152
561,458,0.208
562,458,0.221
562,459,0.247
563,459,0.278
563,459,0.312
564,459,0.349
564,460,0.385
565,460,0.42
566,460,0.437
567,460,0.454
568,460,0.472
569,460,0.479
570,460,0.483
571,459,0.37
572,458,0.207
573,457,0.125

579,477,0.191
579,477,0.264
579,477,0.279
580,477,0.298
580,477,0.314
581,477,0.32
581,477,0.323
582,477,0.324
582,476,0.324

594,499,0.199
594,499,0.274
594,499,0.291
595,499,0.32
595,499,0.353
595,499,0.338
596,498,0.305
596,498,0.286
596,497,0.275

606,516,0.215
605,516,0.295
605,516,0.312
605,516,0.345
605,516,0.379
605,516,0.406
605,516,0.434
605,516,0.45
605,515,0.464
606,515,0.47
606,514,0.476
606,513,0.482
606,512,0.486
606,511,0.489
607,511,0.491
607,510,0.491
608,509,0.492
608,508,0.492
609,507,0.492
609,507,0.492
610,506,0.492
610,506,0.492
610,506,0.492
611,506,0.494
611,506,0.497
611,507,0.503
611,508,0.51
612,509,0.518
612,510,0.525
612,511,0.533
613,512,0.543
613,514,0.554
614,515,0.508
615,516,0.435
616,518,0.398
617,519,0.382

623,533,0.164
623,533,0.229
623,533,0.242
623,533,0.257
623,533,0.268
624,533,0.273
624,533,0.28
624,533,0.289
625,534,0.3
625,534,0.306
626,534,0.32
626,534,0.342
626,534,0.367
626,534,0.395
626,534,0.42
626,534,0.446
626,534,0.469
626,534,0.491
626,534,0.506
626,534,0.517
626,534,0.532
626,534,0.551
626,534,0.559
626,534,0.56
626,533,0.553
626,533,0.545
625,533,0.554
625,532,0.57
625,532,0.582
625,532,0.592
625,531,0.596
625,530,0.597
625,530,0.598
625,529,0.598
626,528,0.598
626,528,0.598
627,527,0.598
627,526,0.598
628,525,0.595
628,525,0.594
629,525,0.594
629,524,0.594
630,524,0.591
631,524,0.59
631,525,0.59
632,525,0.592
632,526,0.593
633,526,0.593
633,528,0.594
634,528,0.596
634,530,0.597
635,531,0.597
635,532,0.571
636,534,0.534
636,535,0.391
637,537,0.2
638,538,0.107

648,549,0.223
647,549,0.309
647,549,0.327
647,549,0.356
647,549,0.384
647,549,0.399
647,549,0.411
647,549,0.418
647,549,0.425
647,549,0.428
647,549,0.438
647,549,0.452
648,549,0.471
648,548,0.492
648,548,0.511
648,548,0.527
648,547,0.541
648,547,0.556
648,546,0.566
648,545,0.578
648,544,0.585
648,543,0.593
648,542,0.596
648,541,0.597
648,540,0.598
649,538,0.6
649,538,0.596
650,537,0.593
650,536,0.591
650,536,0.592
651,535,0.593
651,535,0.593
651,536,0.591
652,536,0.59
652,537,0.59
653,538,0.59
653,539,0.576
654,540,0.558
655,542,0.492
655,544,0.409
656,545,0.366
656,546,0.345

673,562,0.223
672,562,0.306
672,562,0.324
672,562,0.361
672,562,0.403
672,562,0.438
672,562,0.473
672,562,0.499
672,562,0.521
672,562,0.53
672,561,0.536
672,561,0.54
672,560,0.553
672,559,0.568
672,559,0.577
672,558,0.583
672,557,0.585
672,556,0.585
672,555,0.586
673,554,0.588
673,553,0.587
673,553,0.584
674,552,0.58
674,553,0.579
675,553,0.567
675,554,0.554
676,555,0.551
676,557,0.554
677,558,0.524
677,560,0.479
677,562,0.456
678,563,0.444

693,586,0.23
692,586,0.316
692,586,0.335
692,587,0.372
692,587,0.413
692,587,0.445
692,587,0.476
692,586,0.495
692,586,0.513
692,586,0.52
692,585,0.524
692,585,0.53
693,584,0.533
693,584,0.536
693,583,0.538
694,582,0.538
694,581,0.539
695,581,0.539
695,580,0.536
696,580,0.535
696,580,0.533
696,580,0.531
697,580,0.531
697,580,0.533
698,581,0.534
698,581,0.534
698,582,0.537
698,583,0.542
698,584,0.547
698,586,0.552
698,587,0.549
698,588,0.544
698,590,0.436
699,591,0.278
699,592,0.2

553,381,0.16
553,381,0.222
553,381,0.235
553,381,0.26
552,381,0.289
552,382,0.312
552,382,0.333
552,382,0.354
552,383,0.375
551,383,0.385
551,384,0.397
550,385,0.413
549,386,0.43
549,387,0.447
548,388,0.465
547,389,0.482
546,390,0.497
546,391,0.513
545,393,0.53
544,394,0.551
543,396,0.559
542,398,0.562
542,400,0.561
541,401,0.559
541,403,0.559
540,405,0.561
540,407,0.562
540,409,0.562
539,411,0.549
539,413,0.532
539,415,0.447
539,417,0.33
539,420,0.273
540,422,0.245

546,425,0.137
546,426,0.188
546,426,0.198
546,426,0.22
546,427,0.244
547,427,0.268
547,428,0.292
547,428,0.311
548,429,0.328
548,430,0.336
548,430,0.345
549,431,0.355
549,432,0.366
549,433,0.38
550,434,0.391
550,435,0.402
551,435,0.411
551,436,0.42
551,437,0.426
552,438,0.433
552,439,0.438
552,439,0.444
553,440,0.449
553,441,0.456
553,441,0.461
554,442,0.466
554,443,0.47
554,443,0.474
554,444,0.478
555,444,0.483
555,445,0.486
555,445,0.489
556,446,0.493
556,446,0.497
556,446,0.499
556,447,0.502
557,447,0.503
557,447,0.503
557,448,0.504
558,448,0.506
558,448,0.507
559,449,0.507
560,449,0.508
560,450,0.51
561,450,0.509
562,451,0.506
563,451,0.466
563,452,0.411
565,453,0.382
566,453,0.367

567,456,0.113
568,457,0.158
568,457,0.169
569,458,0.193
570,458,0.222
570,459,0.245
571,460,0.269
572,461,0.285
573,461,0.302
574,462,0.309
575,463,0.32
576,465,0.333
577,466,0.346
578,466,0.358
579,467,0.368
579,468,0.379
580,469,0.388
581,470,0.398
582,471,0.407
582,472,0.416
583,473,0.424
583,474,0.432
584,475,0.439
585,475,0.447
585,476,0.453
586,477,0.46
586,478,0.467
587,479,0.477
588,480,0.485
589,481,0.494
590,481,0.5
590,482,0.505
591,483,0.509
592,484,0.513
593,485,0.517
594,486,0.521
595,487,0.522
595,487,0.525
596,488,0.526
597,489,0.529
598,490,0.539
598,491,0.554
599,492,0.56
600,493,0.56
601,493,0.555
602,494,0.55
602,495,0.552
603,496,0.558
604,496,0.554
605,497,0.546
606,498,0.55
606,498,0.561
607,499,0.568
608,500,0.574
608,501,0.577
609,501,0.58
609,502,0.581
610,503,0.584
610,503,0.585
611,504,0.585
611,504,0.586
611,505,0.588
612,505,0.589
612,506,0.592
613,506,0.591
613,507,0.59
613,508,0.59
614,508,0.59
615,509,0.59
615,510,0.59
616,510,0.59
616,511,0.59
617,512,0.581
618,513,0.568
619,514,0.489
620,515,0.38
621,516,0.326
622,517,0.299

628,525,0.07
629,525,0.097
630,526,0.103
631,526,0.107
632,526,0.109
632,527,0.109
633,528,0.109

642,535,0.164
643,536,0.226
643,536,0.239
644,536,0.26
644,537,0.28
644,537,0.292
645,538,0.302
645,538,0.307
646,539,0.308
646,540,0.271
647,540,0.221
648,541,0.195
648,541,0.183

660,545,0.164
660,545,0.229
659,545,0.242
659,545,0.274
659,545,0.312
659,545,0.34
659,545,0.366
659,545,0.386
660,545,0.402
660,545,0.41
661,546,0.417
662,546,0.427
663,547,0.433
664,548,0.44
665,548,0.443
666,549,0.444
667,550,0.445
668,551,0.445
669,552,0.438
669,553,0.432
670,554,0.426
672,555,0.423

683,564,0.152
682,564,0.211
682,564,0.224
683,564,0.249
683,564,0.274
683,565,0.297
683,565,0.317
684,565,0.335
684,565,0.352
685,565,0.359
685,566,0.368
686,566,0.381
687,566,0.396
688,567,0.41
688,567,0.426
689,568,0.441
690,568,0.453
690,569,0.465
691,569,0.472
692,570,0.477
693,571,0.483
693,571,0.49
694,572,0.494
695,573,0.495
696,573,0.496
696,574,0.496
697,575,0.493
697,576,0.49
698,576,0.474
698,577,0.451
699,578,0.44
700,578,0.435

704,586,0.18
704,586,0.246
704,586,0.262
704,587,0.285
704,587,0.311
704,587,0.332
705,587,0.353
705,587,0.368
706,587,0.382
706,588,0.388
707,588,0.4
707,589,0.417
708,589,0.429
708,589,0.441
709,590,0.448
710,591,0.453
710,591,0.456
711,592,0.459
711,593,0.458
712,594,0.457
712,595,0.395
713,597,0.306
713,598,0.262
712,599,0.239

460,512,0.113
460,511,0.158
461,511,0.169
461,511,0.188
461,511,0.211
462,511,0.231
462,512,0.254
463,512,0.272
463,512,0.289
464,513,0.297
465,514,0.309
465,515,0.321
466,516,0.336
467,517,0.352
468,518,0.361
470,519,0.369
472,520,0.375
473,522,0.38
476,523,0.386
478,524,0.393
480,525,0.396
483,527,0.397
486,528,0.4
488,529,0.403
490,531,0.405
493,532,0.405
495,533,0.403
497,535,0.402
499,536,0.396
501,538,0.386
503,540,0.3
505,543,0.179
507,545,0.119

667,644,0.152
667,644,0.211
667,643,0.224
667,643,0.24
667,643,0.256
667,643,0.271
667,643,0.285
667,643,0.304
667,643,0.324
667,643,0.334
666,643,0.352
666,643,0.371
665,643,0.394
665,643,0.419
664,643,0.441
662,643,0.464
661,642,0.48
659,642,0.497
656,641,0.506
653,640,0.514
650,639,0.52
646,638,0.526
641,636,0.524
635,633,0.522
629,630,0.499
622,626,0.467
614,623,0.451
607,619,0.443

382,473,0.109
383,474,0.152
384,474,0.161
384,475,0.188
385,475,0.219
385,476,0.246
386,476,0.273
386,477,0.295
387,478,0.314
388,478,0.323
389,479,0.331
390,480,0.338
391,481,0.344
393,482,0.351
394,483,0.357
395,485,0.365
397,486,0.371
398,487,0.378
399,489,0.383
401,490,0.39
402,491,0.398
404,493,0.409
405,494,0.419
406,496,0.428
408,497,0.434
409,499,0.438
410,500,0.442
412,501,0.446
413,503,0.45
415,504,0.456
417,506,0.461
419,507,0.468
421,509,0.473
424,511,0.479
426,513,0.482
429,516,0.485
432,518,0.487
435,520,0.49
437,523,0.491
440,525,0.491
444,528,0.492
448,530,0.492
451,532,0.492
455,535,0.492
459,538,0.492
462,541,0.492
466,544,0.489
471,546,0.486
475,549,0.477
479,552,0.463
485,555,0.433
490,558,0.397
495,560,0.381
500,562,0.373

208,391,0.105
209,391,0.148
209,391,0.157
209,391,0.171
210,390,0.184
210,390,0.196
210,390,0.214
211,389,0.236
212,388,0.262
212,387,0.285
213,386,0.308
214,384,0.318
216,383,0.329
217,381,0.34
219,379,0.345
221,377,0.347
223,375,0.343
225,373,0.337
227,371,0.334
229,370,0.332

219,345,0.152
219,345,0.211
219,345,0.224
219,345,0.244
220,345,0.265
220,345,0.285
221,345,0.308
221,345,0.324
222,346,0.341
223,346,0.348
224,346,0.354
226,346,0.364
227,347,0.37
229,347,0.375
230,348,0.378
232,348,0.378
234,348,0.379
236,349,0.379
238,349,0.37
241,349,0.359
245,349,0.354
248,349,0.352

264,337,0.152
264,337,0.211
265,337,0.224
265,337,0.251
265,337,0.28
266,337,0.301
266,337,0.322
267,337,0.337
268,337,0.351
269,337,0.356
270,337,0.362
271,337,0.369
272,337,0.377
273,337,0.385
274,337,0.395
275,337,0.405
276,337,0.417
277,338,0.429
278,338,0.438
279,338,0.447
279,338,0.453
280,338,0.458
281,338,0.46
282,338,0.463
283,338,0.464
284,338,0.467
285,338,0.47
286,338,0.474
287,338,0.476
287,338,0.479
288,338,0.479
289,338,0.482
289,338,0.483
290,338,0.486
291,338,0.487
291,338,0.487
292,338,0.488
292,338,0.49
293,338,0.491
294,338,0.491
294,338,0.492
295,338,0.492
295,338,0.492
296,338,0.492
296,338,0.492
296,338,0.492
297,338,0.492
297,338,0.492
298,338,0.492
298,338,0.494
298,338,0.493
299,338,0.492
299,338,0.492
299,338,0.494
300,338,0.493
300,338,0.492
300,338,0.492
300,338,0.494
301,338,0.493
301,338,0.492
301,338,0.492
301,338,0.492
301,338,0.494
301,338,0.497
302,338,0.499
302,338,0.499
302,338,0.5
302,338,0.502
302,338,0.501
302,338,0.5
303,338,0.5
303,338,0.502
303,338,0.503
304,338,0.503
304,338,0.504
304,338,0.504
304,338,0.504
304,338,0.504
304,338,0.504
305,338,0.504
305,338,0.504
305,338,0.504
305,339,0.504
305,339,0.504
306,339,0.504
306,339,0.504
306,339,0.504
306,339,0.504
306,339,0.506
307,339,0.509
307,339,0.511
307,339,0.514
307,339,0.515
308,339,0.518
308,339,0.519
308,339,0.519
308,339,0.52
309,339,0.52
309,339,0.52
309,339,0.521
309,339,0.522
310,339,0.525
310,339,0.528
310,339,0.532
310,339,0.531
311,339,0.531
311,339,0.531
311,339,0.533
311,339,0.534
312,339,0.534
312,339,0.535
312,339,0.537
312,339,0.544
312,339,0.557
312,339,0.561
312,339,0.562
312,339,0.562
313,339,0.562
313,339,0.56
313,339,0.557
313,339,0.556
313,339,0.557
313,339,0.558
313,339,0.558
314,340,0.559
314,340,0.559
314,340,0.554
314,340,0.548
314,340,0.551
314,340,0.561
314,340,0.566
314,340,0.571
314,340,0.573
314,340,0.573
314,340,0.574
314,340,0.576
314,340,0.577
314,340,0.577
315,340,0.58
315,340,0.583
315,340,0.587
315,340,0.591
315,340,0.593
315,340,0.596
316,340,0.599
316,340,0.603
316,340,0.602
316,340,0.602
317,340,0.604
317,340,0.606
317,340,0.608
317,340,0.611
317,340,0.614
318,340,0.62
318,340,0.623
318,340,0.626
318,340,0.626
318,340,0.625
319,340,0.625
319,340,0.625
320,340,0.625
320,340,0.627
320,340,0.628
320,340,0.628
321,339,0.629
321,339,0.631
321,339,0.632
321,339,0.632
321,339,0.633
322,339,0.633
322,339,0.633
322,339,0.635
323,339,0.636
323,339,0.636
323,339,0.634
324,339,0.633
324,339,0.633
324,339,0.635
324,339,0.636
325,339,0.636
325,339,0.637
326,339,0.637
326,339,0.637
326,339,0.637
327,339,0.634
327,340,0.633
328,340,0.633
329,340,0.635
330,341,0.634
331,341,0.633
332,341,0.633
334,342,0.633
335,343,0.633
337,343,0.633
339,344,0.633
342,345,0.633
344,346,0.626
347,348,0.619
349,349,0.594
352,350,0.561
355,352,0.465
359,354,0.342
363,355,0.282
367,357,0.255

370,350,0.188
370,350,0.257
370,350,0.272
371,350,0.297
371,350,0.322
372,350,0.339
372,351,0.354
373,351,0.366
374,352,0.378
375,353,0.384
376,354,0.386
377,355,0.387
379,356,0.395
380,357,0.409
381,359,0.419
383,360,0.426
385,361,0.429
387,363,0.429
389,364,0.43
391,365,0.432
394,367,0.385
396,368,0.319
398,369,0.286
400,370,0.27

421,371,0.152
421,371,0.208
422,371,0.221
422,371,0.251
423,372,0.287
423,372,0.317
424,372,0.35
424,372,0.376
425,372,0.403
426,373,0.415
427,373,0.433
428,373,0.453
430,373,0.474
431,373,0.493
432,374,0.511
433,374,0.527
434,374,0.543
435,374,0.559
436,374,0.572
437,375,0.587
438,375,0.6
439,375,0.612
441,375,0.622
442,375,0.631
443,375,0.639
444,376,0.646
445,376,0.652
446,376,0.659
448,376,0.664
449,376,0.671
450,376,0.676
452,376,0.681
453,376,0.683
454,376,0.686
456,376,0.687
457,376,0.689
458,376,0.692
459,376,0.696
461,376,0.7
462,376,0.704
463,376,0.706
464,376,0.709
465,376,0.71
466,376,0.713
468,376,0.716
469,376,0.722
470,376,0.725
471,376,0.728
472,376,0.729
474,375,0.732
475,375,0.733
477,375,0.736
479,375,0.739
480,375,0.743
482,374,0.745
483,374,0.748
484,374,0.747
486,374,0.746
487,373,0.748
489,373,0.751
490,373,0.753
491,373,0.753
492,372,0.754
494,372,0.754
495,372,0.754
496,372,0.754
497,372,0.754
498,371,0.754
499,371,0.754
500,371,0.756
500,371,0.757
502,370,0.757
503,370,0.758
504,370,0.758
505,370,0.758
507,370,0.76
508,369,0.761
509,369,0.761
510,369,0.759
511,369,0.758
512,369,0.758
513,369,0.758
514,369,0.758
515,369,0.758
516,369,0.758
516,369,0.758
517,369,0.76
518,369,0.761
519,369,0.761
520,369,0.759
521,369,0.758
521,369,0.758
522,369,0.758
523,369,0.758
523,369,0.758
524,369,0.758
524,369,0.758
525,369,0.758
525,369,0.758
525,369,0.758
526,369,0.758
526,369,0.76
527,369,0.761
527,369,0.764
527,369,0.763
527,369,0.762
528,369,0.762
528,369,0.762
529,369,0.762
529,369,0.762
529,369,0.762
529,369,0.764
530,369,0.765
530,369,0.765
530,369,0.763
530,369,0.762
530,369,0.762
530,369,0.764
531,369,0.763
531,369,0.762
531,369,0.762
532,369,0.762
532,369,0.762
532,369,0.764
532,370,0.765
532,370,0.765
533,370,0.768
533,370,0.771
533,370,0.77
533,370,0.77
534,370,0.77
534,370,0.77
535,370,0.77
535,370,0.77
535,370,0.77
535,370,0.77
535,370,0.77
535,370,0.77
536,370,0.77
536,370,0.77
536,370,0.77
537,370,0.771
537,370,0.771
537,370,0.77
537,371,0.77
538,371,0.77
538,371,0.77
538,371,0.77
539,371,0.77
539,371,0.771
540,371,0.772
540,371,0.772
541,371,0.773
541,372,0.775
541,372,0.774
542,372,0.773
542,372,0.773
543,372,0.775
543,372,0.774
544,373,0.773
544,373,0.773
545,373,0.773
545,374,0.773
546,374,0.773
547,374,0.773
548,375,0.773
549,375,0.773
549,375,0.773
550,375,0.773
550,376,0.773
551,376,0.773
551,376,0.773
552,376,0.773
552,376,0.773
553,376,0.773
553,377,0.773
553,377,0.775
554,377,0.774
554,377,0.773
554,377,0.773
554,378,0.773
555,378,0.773
555,378,0.773
555,378,0.773
556,378,0.773
556,379,0.773
556,379,0.773
556,379,0.773
557,379,0.775
557,379,0.776
557,379,0.776
558,380,0.774
558,380,0.773
559,380,0.773
559,380,0.775
559,380,0.774
560,380,0.773
560,380,0.773
560,380,0.773
561,380,0.773
561,381,0.775
562,381,0.776
562,381,0.776
562,381,0.774
563,381,0.773
563,381,0.773
564,382,0.773
564,382,0.773
565,382,0.775
566,382,0.776
567,383,0.776
568,383,0.774
568,383,0.773
570,384,0.773
571,384,0.773
572,384,0.773
573,385,0.773
574,386,0.773
576,386,0.773
577,387,0.771
579,388,0.77
580,388,0.77
582,389,0.77
583,390,0.767
585,391,0.766
587,391,0.764
590,392,0.762
593,394,0.753
596,395,0.742
599,396,0.727
602,398,0.71
605,400,0.692
608,402,0.676
611,405,0.648
614,407,0.617
618,409,0.583
622,412,0.548
626,414,0.484
630,416,0.411
634,419,0.376
638,421,0.361

650,426,0.09
650,426,0.124
650,426,0.132
651,426,0.152
651,426,0.177
651,426,0.196
651,426,0.215
651,426,0.225
651,426,0.23
651,426,0.233
651,426,0.233
652,426,0.234
652,426,0.242
652,426,0.255
652,426,0.259
652,426,0.259
652,426,0.261
652,426,0.265
652,426,0.268
652,426,0.271
652,426,0.272
652,426,0.272
652,426,0.271
652,426,0.27
652,426,0.268
651,426,0.266
651,426,0.27
651,426,0.275
651,426,0.292
651,426,0.312
651,426,0.33
651,426,0.348
651,426,0.357
651,426,0.363
651,426,0.366
651,426,0.369
651,426,0.37
650,426,0.373
650,426,0.378
650,426,0.385
650,426,0.393
650,426,0.4
650,426,0.408
650,426,0.416
650,426,0.424
650,426,0.432
650,426,0.439
650,426,0.449
650,426,0.456
651,426,0.461
651,426,0.468
651,427,0.477
651,427,0.485
651,427,0.494
652,427,0.502
652,427,0.512
653,428,0.521
653,428,0.529
653,428,0.539
654,428,0.553
654,428,0.552
655,428,0.548
655,428,0.554
656,429,0.566
656,429,0.575
657,429,0.584
657,429,0.59
658,429,0.595
658,429,0.599
659,429,0.604
660,429,0.607
660,429,0.61
661,430,0.614
661,430,0.618
662,430,0.62
662,430,0.623
663,430,0.624
664,430,0.627
664,430,0.628
665,431,0.628
665,431,0.629
666,431,0.631
666,431,0.632
667,431,0.632
667,432,0.633
667,432,0.635
668,432,0.636
668,432,0.636
669,432,0.637
669,433,0.639
669,433,0.64
670,433,0.64
670,433,0.641
671,433,0.643
671,433,0.642
672,434,0.641
672,434,0.641
672,434,0.641
673,434,0.641
673,434,0.643
674,434,0.644
674,435,0.644
675,435,0.645
675,435,0.646
676,435,0.646
677,435,0.645
677,435,0.645
678,435,0.645
678,435,0.645
679,435,0.645
679,436,0.645
680,436,0.645
681,436,0.645
681,436,0.646
682,436,0.647
683,436,0.647
684,436,0.648
684,436,0.648
685,436,0.648
686,436,0.648
687,436,0.648
687,436,0.648
688,437,0.648
689,437,0.65
690,437,0.649
690,437,0.648
691,437,0.648
692,438,0.65
693,438,0.649
693,438,0.648
694,438,0.648
695,438,0.65
696,438,0.653
697,438,0.657
697,438,0.656
698,438,0.656
699,439,0.656
700,439,0.658
700,439,0.659
701,439,0.659
702,439,0.66
703,440,0.662
703,440,0.663
704,440,0.663
705,440,0.666
706,441,0.669
707,441,0.671
708,441,0.674
708,441,0.675
709,442,0.675
710,442,0.676
711,442,0.676
712,442,0.676
713,443,0.676
714,443,0.676
715,443,0.676
715,444,0.676
716,444,0.678
717,444,0.677
718,445,0.676
719,445,0.676
719,446,0.678
720,446,0.679
721,446,0.679
722,447,0.68
723,447,0.68
723,447,0.68
724,448,0.68
725,448,0.68
726,449,0.68
726,449,0.68
727,449,0.68
727,450,0.682
728,450,0.681
728,450,0.68
729,451,0.682
730,451,0.683
730,451,0.683
731,452,0.684
731,452,0.684
732,452,0.684
732,452,0.684
733,453,0.684
734,453,0.684
734,453,0.684
735,453,0.684
736,453,0.684
736,453,0.684
737,453,0.684
738,453,0.686
739,453,0.685
740,453,0.684
741,453,0.684
741,453,0.684
742,453,0.684
743,453,0.686
744,453,0.685
745,453,0.684
746,453,0.684
748,452,0.684
749,452,0.684
750,452,0.684
751,452,0.684
752,451,0.684
753,451,0.684
754,451,0.684
755,450,0.681
755,450,0.68
756,449,0.675
757,448,0.669
758,447,0.65
759,446,0.627
760,445,0.547
761,443,0.443
762,440,0.394
764,437,0.369

764,319,0.051
764,319,0.069
764,319,0.073
764,319,0.076
764,319,0.078

764,319,0.047
764,319,0.065
765,319,0.069
765,319,0.072
765,319,0.074

763,316,0.195
763,316,0.268
763,316,0.283
763,316,0.311
763,316,0.34
763,316,0.362
763,316,0.384
763,316,0.401
763,316,0.418
764,316,0.426
764,316,0.439
764,317,0.456
764,317,0.475
765,318,0.496
765,319,0.521
765,320,0.549
766,321,0.554
767,322,0.547
767,323,0.554
768,325,0.565
768,326,0.579
769,327,0.595
769,329,0.605
770,330,0.615
771,331,0.623
771,333,0.633
772,335,0.64
772,337,0.645
773,339,0.649
773,341,0.655
774,343,0.658
774,346,0.661
774,348,0.665
775,351,0.669
775,353,0.671
775,355,0.674
775,358,0.675
775,360,0.678
775,363,0.679
775,366,0.679
775,369,0.68
775,372,0.682
775,375,0.683
775,378,0.683
775,381,0.684
775,384,0.686
775,387,0.687
774,390,0.687
774,394,0.683
773,397,0.679
773,401,0.657
772,405,0.628
771,410,0.534
769,415,0.414
768,420,0.355
766,425,0.327

760,293,0.227
760,293,0.312
760,293,0.331
760,293,0.364
760,293,0.398
760,293,0.426
760,293,0.453
761,294,0.477
761,294,0.497
762,294,0.507
762,295,0.517
763,295,0.529
763,296,0.541
764,296,0.556
765,297,0.566
766,298,0.576
766,298,0.584
767,299,0.592
768,299,0.598
768,300,0.603
769,301,0.608
769,301,0.617
769,302,0.626
770,303,0.635
770,304,0.643
770,304,0.65
769,305,0.658
769,306,0.666
768,307,0.67
767,308,0.673
766,309,0.668
764,311,0.659
763,312,0.561
761,313,0.421
759,314,0.352
757,315,0.319

639,274,0.184
641,275,0.253
641,275,0.269
643,276,0.293
644,276,0.316
645,276,0.341
647,277,0.367
649,277,0.393
651,278,0.417
654,279,0.428
657,280,0.442
660,281,0.46
663,282,0.474
666,283,0.487
668,284,0.495
671,285,0.503
675,287,0.51
678,288,0.52
681,290,0.526
685,291,0.534
688,293,0.537
691,294,0.538
694,296,0.545
697,297,0.555
701,299,0.562
704,300,0.566
708,301,0.554
711,302,0.533
715,304,0.481
718,305,0.419
720,306,0.389
723,307,0.374

726,298,0.176
726,298,0.242
726,298,0.258
726,298,0.29
727,298,0.328
727,298,0.357
727,299,0.387
727,299,0.41
728,300,0.433
728,300,0.443
729,301,0.454
730,301,0.465
730,302,0.472
731,303,0.477
732,304,0.479
733,304,0.482
734,305,0.479
734,306,0.474
735,307,0.423
736,307,0.354
736,308,0.321
737,309,0.305

228,220,0.168
228,220,0.232
228,219,0.246
229,219,0.27
229,219,0.293
230,219,0.311
230,219,0.33
231,218,0.343
233,218,0.355
234,217,0.36
235,216,0.369
237,216,0.379
240,215,0.39
242,214,0.401
245,213,0.409
249,212,0.417
252,211,0.422
254,209,0.427
257,209,0.429
260,208,0.429
262,207,0.423
265,206,0.413
267,206,0.32
269,205,0.19
271,205,0.126

323,172,0.121
323,171,0.166
324,171,0.177
324,170,0.196
324,169,0.219
325,169,0.243
326,168,0.27
326,168,0.293
327,167,0.313
329,166,0.323
330,165,0.335
332,164,0.351
334,162,0.362
336,161,0.375
339,159,0.382
341,158,0.39
344,156,0.396
346,154,0.404
348,152,0.412
350,150,0.42
352,148,0.426
355,147,0.431
357,145,0.435
360,143,0.44
362,142,0.447
364,140,0.457
366,139,0.466
369,138,0.475
371,137,0.48
373,136,0.485
375,135,0.489
377,133,0.493
378,132,0.495
380,131,0.495
382,130,0.496
385,129,0.498
387,129,0.499
389,128,0.502
391,127,0.503
393,126,0.506
395,126,0.507
397,125,0.51
399,125,0.511
401,124,0.511
403,124,0.512
404,124,0.512
406,124,0.512
408,125,0.512
410,125,0.503
412,126,0.492
414,127,0.418
416,128,0.318
419,129,0.269
421,130,0.244

440,138,0.148
440,138,0.204
440,139,0.217
440,139,0.236
441,139,0.257
441,140,0.271
442,140,0.286
443,140,0.299
443,141,0.313
444,141,0.32
445,142,0.332
447,142,0.345
448,143,0.357
449,144,0.37
450,145,0.38
451,146,0.389
452,147,0.395
453,149,0.401
454,150,0.404
455,151,0.407
456,152,0.409
457,153,0.412
457,154,0.413
458,155,0.416
458,155,0.417
459,156,0.42
460,156,0.421
460,156,0.424
461,157,0.425
461,157,0.425
462,157,0.423
462,157,0.422
463,157,0.422
464,158,0.422
464,158,0.422
465,158,0.424
466,159,0.423
466,160,0.422
467,160,0.411
468,161,0.397
469,162,0.391
470,163,0.387

473,168,0.137
473,168,0.19
472,168,0.202
473,168,0.219
473,168,0.235
473,168,0.25
473,168,0.269
473,168,0.282
473,168,0.298
473,168,0.305
474,168,0.316
474,168,0.331
474,168,0.348
474,168,0.363
474,168,0.373
474,168,0.381
475,168,0.394
475,168,0.409
475,168,0.417
475,168,0.423
475,168,0.423
476,168,0.422
476,168,0.422
476,168,0.424
476,168,0.429
476,168,0.436
477,168,0.443
477,168,0.453
477,168,0.462
477,168,0.471
477,168,0.477
478,168,0.481
478,168,0.483
478,168,0.486
478,168,0.487
478,168,0.487
479,168,0.488
479,168,0.488
479,168,0.488
479,168,0.488
479,168,0.49
480,168,0.495
480,168,0.498
480,168,0.499
481,169,0.5
481,169,0.5
482,169,0.5
482,169,0.5
483,169,0.497
483,169,0.496
484,170,0.496
484,170,0.498
485,171,0.497
486,171,0.496
486,171,0.496
487,172,0.498
488,172,0.499
488,173,0.499
489,173,0.497
490,174,0.496
491,174,0.496
491,175,0.498
492,175,0.497
492,176,0.496
493,176,0.496
494,177,0.496
494,178,0.493
495,179,0.492
495,179,0.49
496,180,0.486
496,181,0.482
497,182,0.479
497,183,0.478
497,184,0.477
498,184,0.477
498,185,0.477
499,186,0.477
499,187,0.477
500,188,0.474
500,188,0.473
501,189,0.466
502,189,0.459
503,190,0.444
503,190,0.427
504,191,0.399
505,191,0.369
506,192,0.278
506,193,0.159
507,193,0.102

518,207,0.066
519,207,0.093
518,208,0.099
519,208,0.118
519,208,0.142
519,209,0.166
519,209,0.192
519,209,0.21
519,209,0.225
520,210,0.235
520,210,0.244
521,211,0.248
521,211,0.251
521,212,0.257
522,212,0.26
522,213,0.263
523,214,0.267
523,214,0.271
524,215,0.276
524,216,0.285
525,217,0.294
525,217,0.303
526,218,0.311
526,218,0.318
527,219,0.324
527,219,0.329
527,219,0.331
528,219,0.331
528,220,0.332
528,220,0.334
528,220,0.335
528,220,0.335
528,220,0.336
528,220,0.338
528,220,0.337
528,220,0.336
528,220,0.336
528,220,0.338
528,220,0.337
528,220,0.336
528,221,0.336
529,221,0.336
529,221,0.336
530,221,0.336
530,222,0.333
531,222,0.332
532,223,0.332
533,223,0.334
533,224,0.335
534,225,0.335
535,225,0.336
535,226,0.336
536,226,0.333
536,227,0.332
537,227,0.327
537,228,0.323
537,228,0.321
537,229,0.32
537,229,0.32
537,230,0.32
537,230,0.32
537,231,0.32
537,231,0.32
538,232,0.32
538,233,0.32
538,233,0.32
539,234,0.32
540,235,0.32
540,236,0.322
541,237,0.325
542,237,0.327
543,238,0.33
544,239,0.331
545,240,0.334
546,240,0.309
547,241,0.274
548,242,0.257
549,243,0.248

579,261,0.148
580,261,0.204
580,261,0.217
581,261,0.234
582,261,0.251
583,261,0.264
583,262,0.278
585,263,0.287
586,263,0.293
588,264,0.296
590,265,0.296
592,266,0.299
595,267,0.295
597,268,0.29
599,269,0.287
601,269,0.285

526,208,0.145
526,208,0.198
526,208,0.21
526,208,0.227
526,208,0.243
526,208,0.252
526,208,0.26
527,209,0.266
527,209,0.271
528,210,0.272
529,210,0.283
530,211,0.3
532,213,0.315
533,214,0.334
536,215,0.352
538,216,0.367
540,218,0.379
543,219,0.389
545,221,0.4
548,222,0.415
550,224,0.428
552,226,0.442
555,227,0.455
558,229,0.468
561,231,0.479
564,233,0.493
567,234,0.502
571,236,0.51
573,237,0.514
576,239,0.517
579,240,0.519
582,242,0.521
585,243,0.522
588,245,0.525
591,246,0.528
595,248,0.532
598,250,0.536
601,251,0.54
604,252,0.546
607,254,0.553
611,255,0.557
614,257,0.56
618,259,0.56
622,261,0.559
626,262,0.559
629,264,0.559
633,265,0.537
637,267,0.506
640,268,0.49
644,270,0.482

594,265,0.121
597,266,0.166
599,267,0.177
602,268,0.184
603,268,0.188
605,269,0.185
606,269,0.184
608,270,0.179
610,270,0.175
612,271,0.168
614,271,0.163
615,272,0.163
617,272,0.165
619,273,0.188
620,273,0.223
621,274,0.263
622,274,0.306
623,275,0.336
624,276,0.362
625,276,0.373
626,277,0.384
627,278,0.395
628,278,0.403
630,279,0.412
631,280,0.418
632,281,0.423
634,282,0.425
635,283,0.428
637,284,0.429
638,285,0.429
640,286,0.43
641,286,0.43
643,287,0.43
645,288,0.43
647,289,0.423
649,289,0.413
651,290,0.39
653,291,0.361
655,291,0.321
657,291,0.277
659,292,0.233
661,292,0.192
662,293,0.165
664,293,0.141
665,293,0.126
667,294,0.117
668,294,0.114
669,294,0.111
670,294,0.109
671,295,0.104
672,295,0.101
673,295,0.092
674,295,0.084
674,295,0.08
674,295,0.078

643,287,0.105
643,287,0.148
644,287,0.157
644,287,0.169
645,287,0.181
646,288,0.193
647,288,0.21
648,288,0.23
649,289,0.253
651,289,0.276
653,290,0.302
655,290,0.313
657,291,0.329
659,292,0.347
661,293,0.362
663,294,0.379
666,294,0.391
668,295,0.4
670,296,0.406
672,296,0.411
674,297,0.413
677,298,0.413
679,299,0.416
681,300,0.421
683,300,0.428
686,301,0.438
688,302,0.444
690,303,0.452
692,303,0.459
693,304,0.467
695,304,0.471
697,305,0.474
699,305,0.476
700,306,0.476
701,306,0.47
703,306,0.463
704,307,0.366
705,307,0.232
706,307,0.166

354,194,0.141
355,194,0.194
355,193,0.206
355,193,0.221
356,193,0.234
356,193,0.247
357,193,0.263
358,192,0.28
359,192,0.301
361,192,0.311
362,192,0.328
364,192,0.348
366,192,0.368
369,192,0.391
371,192,0.409
373,192,0.426
375,192,0.439
377,192,0.454
380,192,0.465
383,193,0.475
385,193,0.48
388,194,0.487
391,195,0.49
394,196,0.491
397,197,0.494
399,198,0.499
401,200,0.502
403,201,0.505
405,203,0.509
406,204,0.515
408,206,0.516
409,207,0.514
410,208,0.418
412,209,0.279
413,209,0.211
414,208,0.176

341,219,0.121
341,219,0.169
341,219,0.18
342,219,0.189
342,219,0.196
343,219,0.204
343,218,0.217
344,218,0.239
345,218,0.27
346,217,0.284
346,217,0.304
347,216,0.324
348,216,0.345
349,215,0.367
349,215,0.381
350,214,0.394
351,214,0.405
352,213,0.417
354,213,0.427
355,212,0.436
357,212,0.443
359,212,0.453
361,211,0.46
363,211,0.465
365,211,0.47
367,211,0.474
370,211,0.478
372,211,0.481
374,211,0.483
376,212,0.486
377,212,0.489
379,213,0.493
381,214,0.497
383,215,0.501
385,216,0.505
388,217,0.509
390,218,0.511
392,219,0.511
394,220,0.512
395,221,0.512
397,223,0.512
398,224,0.514
400,226,0.508
401,227,0.501
402,229,0.455
403,230,0.393
403,232,0.362
404,233,0.347

368,216,0.113
368,216,0.156
368,216,0.165
368,216,0.189
368,216,0.22
368,216,0.246
368,216,0.271
367,216,0.287
367,217,0.3
367,217,0.306
366,217,0.314
366,217,0.324
366,218,0.335
365,218,0.349
365,219,0.359
365,219,0.371
364,220,0.378
364,221,0.386
363,221,0.393
363,222,0.402
363,223,0.413
363,224,0.425
362,226,0.437
362,227,0.448
362,228,0.46
362,230,0.474
363,231,0.484
363,233,0.494
364,234,0.5
364,236,0.507
365,237,0.512
366,238,0.517
367,240,0.521
368,241,0.524
369,242,0.526
371,243,0.529
372,244,0.53
374,244,0.533
376,245,0.534
377,246,0.537
379,246,0.533
382,246,0.528
384,246,0.472
387,246,0.392
390,245,0.35
394,245,0.329

407,240,0.148
406,241,0.204
405,242,0.217
405,243,0.224
404,243,0.225
404,244,0.221
403,244,0.22

369,253,0.145
369,253,0.198
369,253,0.21
370,253,0.231
370,253,0.254
371,253,0.271
372,254,0.291
373,254,0.309
374,254,0.324
375,255,0.332
376,255,0.344
378,256,0.358
379,256,0.377
381,256,0.396
383,256,0.413
385,256,0.43
387,255,0.439
390,254,0.447
392,253,0.449
395,252,0.447
397,251,0.429
400,250,0.403
402,248,0.323
404,247,0.221
405,245,0.171

344,237,0.172
344,236,0.238
343,236,0.254
343,236,0.275
343,236,0.296
343,236,0.304
344,237,0.308
344,237,0.309
344,238,0.309
345,240,0.309
346,241,0.311
346,243,0.313
347,245,0.317
348,247,0.323
350,249,0.328
351,251,0.333
353,252,0.332
355,254,0.332
357,255,0.33
359,256,0.328

280,301,0.164
279,300,0.229
279,299,0.242
279,298,0.259
280,298,0.275
280,297,0.281
281,296,0.286
281,294,0.29
283,293,0.294
284,291,0.296
285,289,0.301
287,287,0.307
289,285,0.312
291,283,0.317
294,281,0.316
298,280,0.316
301,278,0.295
305,276,0.266
309,275,0.251
313,274,0.243

340,277,0.105
342,277,0.146
343,277,0.154
344,277,0.161
345,276,0.166
346,276,0.173
347,276,0.184
349,276,0.196
350,276,0.212
352,276,0.229
354,276,0.248
356,276,0.261
359,277,0.273
362,277,0.278
364,277,0.28
367,278,0.283
370,279,0.279
373,279,0.274
375,280,0.271
378,281,0.27

475,152,0.121
476,152,0.169
477,153,0.18
478,153,0.198
478,154,0.218
479,155,0.233
480,155,0.252
481,156,0.27
483,157,0.285
485,158,0.293
487,158,0.307
489,159,0.323
491,160,0.339
492,160,0.355
495,160,0.371
497,161,0.387
499,161,0.395
501,161,0.399
503,162,0.403
505,162,0.407
507,162,0.409
509,162,0.409
511,162,0.401
512,162,0.389
513,162,0.204
514,162,0.12

526,162,0.086
526,162,0.118
526,162,0.125
527,161,0.143
527,161,0.166
527,161,0.186
528,160,0.203
529,160,0.222
529,159,0.24
530,158,0.262
531,157,0.286
532,156,0.298
533,156,0.318
535,155,0.341
536,154,0.363
537,153,0.386
539,152,0.398
541,151,0.406
542,150,0.411
544,149,0.417
546,148,0.422
548,148,0.429
549,147,0.436
551,147,0.443
552,146,0.451
554,146,0.459
555,146,0.465
557,145,0.472
558,145,0.477
560,146,0.483
562,146,0.488
564,146,0.493
566,147,0.495
567,147,0.498
569,148,0.501
571,148,0.505
573,149,0.507
574,150,0.51
576,151,0.513
578,151,0.517
580,152,0.516
582,153,0.516
583,154,0.516
585,155,0.518
587,156,0.519
590,158,0.519
592,159,0.52
594,160,0.52
596,161,0.52
598,162,0.521
601,164,0.521
603,166,0.52
605,168,0.504
607,170,0.482
609,173,0.443
611,176,0.399
613,179,0.291
615,181,0.155
616,184,0.09

630,203,0.062
631,203,0.089
631,204,0.095
632,205,0.116
633,206,0.144
634,207,0.173
635,208,0.204
636,210,0.233
638,212,0.262
641,214,0.282
644,216,0.301
647,218,0.309
651,222,0.317
655,225,0.33
658,229,0.345
662,233,0.359
666,237,0.371
670,240,0.383
675,244,0.394
679,248,0.405
683,252,0.413
688,256,0.418
692,259,0.423
696,263,0.429
700,266,0.432
705,270,0.435
709,273,0.437
714,276,0.437
718,279,0.427
721,282,0.413
725,285,0.404
728,288,0.397

723,281,0.148
723,281,0.204
724,281,0.217
724,281,0.23
725,282,0.24
725,282,0.25
726,282,0.264
726,282,0.273
727,283,0.285
728,283,0.29
729,284,0.299
730,285,0.311
732,286,0.322
734,287,0.335
736,288,0.349
738,289,0.364
740,291,0.375
742,292,0.387
745,293,0.394
747,294,0.401
749,295,0.402
751,295,0.402
752,296,0.372
754,296,0.33
755,297,0.308
756,297,0.296

761,315,0.145
760,315,0.198
759,315,0.21
758,315,0.246
757,316,0.293
756,316,0.334
754,316,0.375
753,316,0.401
751,316,0.421
749,315,0.43
748,315,0.37
746,314,0.28
745,313,0.235
744,311,0.212

506,185,0.141
506,185,0.194
506,185,0.206
506,185,0.221
506,185,0.234
506,185,0.25
506,185,0.268
506,185,0.289
507,185,0.312
508,185,0.322
508,185,0.333
509,185,0.344
510,185,0.351
511,185,0.358
512,185,0.363
513,185,0.37
514,186,0.375
515,187,0.382
517,187,0.389
518,188,0.396
519,189,0.402
520,190,0.409
521,191,0.412
522,191,0.413
523,192,0.414
524,193,0.416
525,194,0.412
526,194,0.407
526,195,0.389
527,196,0.365
528,196,0.344
528,196,0.324
529,197,0.314
529,198,0.308
529,198,0.308
529,199,0.312
529,199,0.316
529,200,0.321
530,200,0.323
530,201,0.326
530,201,0.327
531,202,0.327
531,202,0.325
532,203,0.324
533,203,0.309
534,204,0.287
536,204,0.255
537,205,0.218
538,205,0.194
540,206,0.18
541,206,0.176
542,207,0.18
544,207,0.201
545,208,0.232
546,208,0.257
547,209,0.276
548,209,0.289
549,209,0.296
550,210,0.248
551,210,0.176
552,211,0.14

555,212,0.184
554,212,0.253
554,212,0.269
555,212,0.286
555,212,0.301
555,212,0.312
555,212,0.325
555,212,0.341
556,212,0.358
556,213,0.366
556,213,0.378
557,213,0.394
557,214,0.407
558,215,0.423
559,216,0.434
560,216,0.445
561,217,0.456
562,218,0.468
563,219,0.476
565,220,0.48
567,221,0.485
568,222,0.489
570,223,0.491
571,224,0.494
573,225,0.495
574,226,0.495
575,226,0.487
576,227,0.475
578,227,0.394
578,227,0.283
579,228,0.229
580,228,0.201

589,230,0.141
590,230,0.194
590,230,0.206
590,231,0.215
590,231,0.219
591,231,0.221
591,232,0.224
591,232,0.236
591,233,0.255
591,233,0.264
591,233,0.268
591,233,0.271
592,234,0.274
592,234,0.278
592,234,0.277
592,235,0.277
593,235,0.281
593,236,0.29
594,236,0.303
594,236,0.319
595,237,0.333
596,237,0.347
596,237,0.353
597,237,0.354
598,238,0.355
600,238,0.357
601,238,0.356
602,239,0.355
603,239,0.355
604,239,0.357
605,240,0.358
606,240,0.358
606,240,0.359
607,241,0.361
608,241,0.362
609,242,0.365
610,242,0.366
611,243,0.366
612,243,0.367
612,244,0.369
613,244,0.368
613,245,0.367
614,245,0.369
614,246,0.372
615,246,0.371
615,246,0.371
616,247,0.371
616,247,0.373
617,248,0.374
617,248,0.374
618,248,0.375
618,249,0.375
619,249,0.375
620,249,0.375
620,250,0.372
621,250,0.371
622,250,0.369
622,251,0.365
623,251,0.364
624,251,0.363
624,252,0.36
625,252,0.359
625,252,0.359
626,252,0.359
626,253,0.354
627,253,0.351
627,253,0.347
628,254,0.345
628,254,0.344
629,254,0.344
629,255,0.344
630,255,0.344
630,255,0.344
631,255,0.346
632,256,0.342
632,256,0.337
633,256,0.331
634,256,0.327
634,257,0.325
635,257,0.324
635,258,0.324
636,258,0.324
637,258,0.324
638,258,0.324
638,259,0.324
639,259,0.324
640,259,0.324
641,260,0.324
642,260,0.324
643,261,0.324
644,261,0.326
645,262,0.331
646,262,0.334
647,263,0.335
648,263,0.338
649,264,0.341
650,264,0.345
651,265,0.351
652,265,0.355
653,265,0.362
654,266,0.365
655,266,0.366
657,266,0.364
658,266,0.363
659,266,0.361
660,266,0.359
661,266,0.359
661,266,0.359
662,267,0.359
663,267,0.361
663,267,0.371
664,268,0.384
665,268,0.398
666,268,0.414
666,269,0.426
667,269,0.438
667,269,0.442
668,269,0.446
668,270,0.418
668,270,0.375
668,269,0.354
668,268,0.342

524,171,0.129
524,171,0.18
525,171,0.19
525,170,0.208
526,170,0.224
527,170,0.238
528,169,0.257
529,169,0.269
530,169,0.281
532,168,0.286
534,168,0.29
537,168,0.296
539,168,0.301
542,168,0.306
545,169,0.308
547,169,0.308
550,170,0.309
553,171,0.311
555,171,0.313
558,173,0.317
561,174,0.321
563,176,0.327
566,177,0.332
569,179,0.337
571,181,0.33
574,183,0.318
576,185,0.312
578,187,0.309

615,205,0.094
617,206,0.131
618,207,0.14
619,209,0.146
620,209,0.15
621,210,0.153
622,211,0.159
624,212,0.171
626,213,0.185
627,214,0.197
629,215,0.21
631,216,0.224
633,218,0.239
635,219,0.25
637,220,0.26
639,221,0.264
641,223,0.27
643,224,0.275
645,226,0.279
647,227,0.282
650,229,0.284
652,231,0.287
655,233,0.288
658,234,0.288
661,236,0.289
663,237,0.289
666,239,0.289
669,241,0.289
671,242,0.284
674,244,0.278
677,245,0.232
680,247,0.17
682,249,0.14

606,197,0.145
605,197,0.2
605,197,0.213
605,197,0.232
605,197,0.253
605,197,0.263
605,197,0.27
606,197,0.276
606,198,0.283
607,198,0.287
608,199,0.288
609,200,0.291
609,201,0.29
611,202,0.289
612,203,0.289
613,204,0.289

586,211,0.172
587,211,0.236
587,211,0.25
589,212,0.27
589,212,0.288
590,212,0.307
591,213,0.328
592,214,0.344
594,214,0.36
595,215,0.367
597,216,0.372
599,217,0.376
601,219,0.378
603,220,0.378
605,221,0.379
606,222,0.381
608,223,0.375
609,224,0.368
611,225,0.324
613,226,0.266
614,227,0.236
615,228,0.222

630,241,0.051
631,241,0.069
632,242,0.073
633,242,0.076
633,242,0.078

651,251,0.145
652,252,0.198
653,252,0.21
655,253,0.229
655,253,0.249
656,254,0.257
658,254,0.263
659,255,0.265
660,256,0.268
662,256,0.269
663,258,0.271
665,259,0.274
666,260,0.282
668,261,0.293
669,263,0.306
671,264,0.321
672,265,0.332
674,266,0.342
676,267,0.346
678,268,0.349
680,270,0.351
682,271,0.354
685,272,0.354
686,273,0.354
688,275,0.355
690,276,0.355
692,277,0.349
693,278,0.342
695,279,0.275
697,279,0.186
698,280,0.141

529,187,0.141
529,186,0.194
529,186,0.206
529,186,0.226
529,185,0.245
529,185,0.266
530,185,0.288
530,185,0.31
531,185,0.332
532,185,0.342
533,185,0.351
534,185,0.357
535,185,0.363
537,185,0.368
539,185,0.372
540,185,0.376
542,186,0.382
544,187,0.389
545,187,0.396
547,188,0.404
548,189,0.41
549,190,0.417
550,191,0.422
551,192,0.427
552,192,0.429
552,193,0.432
553,194,0.431
553,194,0.43
553,195,0.36
553,195,0.263
553,195,0.214
553,195,0.189

429,210,0.133
430,211,0.184
431,212,0.194
432,213,0.218
433,213,0.243
433,214,0.266
434,215,0.286
435,216,0.298
435,217,0.305
435,218,0.308
436,219,0.302
436,220,0.295
436,221,0.291
437,221,0.289

467,218,0.277
465,219,0.382
465,219,0.405

445,223,0.164
444,223,0.226
444,223,0.239
445,223,0.258
445,223,0.276
445,223,0.293
445,223,0.309
446,224,0.324
447,224,0.34
447,224,0.348
448,225,0.353
450,226,0.358
451,227,0.361
453,228,0.364
455,229,0.368
458,231,0.372
460,233,0.376
463,235,0.38
467,237,0.382
471,239,0.382
476,242,0.374
480,244,0.363
485,247,0.358
490,250,0.355

388,280,0.129
389,280,0.18
389,280,0.19
390,280,0.212
391,280,0.236
392,279,0.256
393,279,0.275
394,279,0.29
396,279,0.304
397,278,0.31
399,278,0.315
401,277,0.325
403,276,0.331
405,275,0.336
407,274,0.341
409,273,0.345
411,271,0.351
412,270,0.357
414,268,0.363
416,266,0.368
418,265,0.37
420,263,0.373
421,262,0.374
423,261,0.374
423,260,0.372
424,260,0.369
424,259,0.357
425,259,0.343
425,259,0.312
424,259,0.276
424,260,0.26
424,260,0.254

719,328,0.109
719,328,0.152
720,329,0.161
720,329,0.188
720,329,0.221
721,330,0.253
721,330,0.286
722,330,0.313
722,331,0.338
723,331,0.35
724,332,0.36
725,332,0.371
726,332,0.38
727,333,0.389
728,333,0.395
730,333,0.401
731,334,0.406
733,334,0.413
735,334,0.42
737,334,0.428
739,334,0.427
742,334,0.425
745,334,0.423
748,333,0.422

711,437,0.113
711,437,0.158
711,437,0.169
712,437,0.193
712,437,0.224
713,437,0.246
714,437,0.268
715,437,0.276
716,437,0.282
717,437,0.284
719,437,0.284
721,437,0.285
723,437,0.282
725,437,0.281
727,437,0.269
729,437,0.249
731,436,0.24
733,435,0.235

507,372,0.156
507,372,0.218
508,372,0.231
508,372,0.248
509,372,0.262
509,372,0.274
510,372,0.29
511,372,0.305
511,372,0.323
512,372,0.331
513,372,0.341
514,373,0.352
514,374,0.362
515,375,0.376
515,376,0.389
516,378,0.403
516,380,0.416
516,381,0.429
516,383,0.44
517,384,0.454
517,386,0.465
517,387,0.477
517,388,0.485
517,388,0.494
517,389,0.502
518,389,0.512
518,390,0.519
519,390,0.523
519,389,0.526
520,389,0.526
521,388,0.521
522,387,0.514
523,385,0.499
524,383,0.481
526,381,0.458
528,380,0.435
529,378,0.4
532,376,0.36
534,375,0.343
536,375,0.334

543,379,0.152
543,379,0.211
543,379,0.224
543,379,0.235
543,379,0.243
544,379,0.256
544,379,0.271
545,379,0.284
545,379,0.297
546,379,0.302
546,379,0.306
547,380,0.31
548,380,0.315
549,381,0.322
549,381,0.334
550,382,0.349
551,383,0.366
551,384,0.387
552,385,0.402
552,386,0.419
552,388,0.426
553,389,0.431
553,390,0.431
553,391,0.43
553,391,0.432
553,392,0.435
553,392,0.434
553,392,0.432
553,392,0.417
554,391,0.4
554,391,0.304
555,389,0.171
556,388,0.106

569,390,0.145
568,390,0.198
568,390,0.21
569,390,0.225
569,390,0.238
569,390,0.251
569,390,0.269
569,390,0.28
569,390,0.29
569,390,0.295
569,390,0.298
569,390,0.302
569,390,0.304
569,390,0.307
569,390,0.312
570,390,0.318
570,390,0.326
570,390,0.334
570,390,0.344
570,390,0.354
570,390,0.366
571,390,0.378
571,390,0.386
571,391,0.394
571,391,0.396
571,391,0.399
571,391,0.401
572,391,0.401
572,391,0.397
572,392,0.394
572,392,0.396
573,392,0.407
573,393,0.418
573,394,0.425
574,394,0.433
574,395,0.436
574,396,0.438
574,397,0.44
575,397,0.44
575,398,0.441
575,399,0.443
575,400,0.446
575,400,0.45
575,401,0.452
575,401,0.455
575,402,0.456
575,403,0.456
575,403,0.457
575,403,0.457
575,404,0.454
575,404,0.453
575,404,0.453
575,404,0.455
575,404,0.458
575,404,0.462
576,404,0.466
576,404,0.472
577,403,0.475
578,403,0.478
578,403,0.479
579,402,0.479
580,402,0.472
581,401,0.461
582,401,0.402
584,400,0.321
585,399,0.282
586,399,0.263

606,404,0.141
606,403,0.194
606,403,0.206
607,403,0.228
607,403,0.252
607,403,0.279
607,403,0.312
607,403,0.34
607,403,0.365
607,404,0.383
607,404,0.397
607,405,0.407
607,405,0.416
607,406,0.422
607,407,0.427
607,409,0.429
607,410,0.432
607,411,0.433
607,412,0.436
608,413,0.44
608,414,0.447
608,415,0.453
609,416,0.46
609,416,0.467
609,417,0.475
610,417,0.48
611,417,0.485
611,417,0.484
612,417,0.484
613,417,0.476
614,416,0.465
615,416,0.41
616,415,0.338
617,415,0.303
618,414,0.285

635,419,0.152
635,419,0.208
635,420,0.221
635,420,0.245
634,420,0.273
634,420,0.294
634,421,0.314
634,422,0.327
633,422,0.34
633,423,0.345
633,424,0.354
633,425,0.363
632,426,0.379
632,426,0.396
632,427,0.413
632,428,0.432
632,428,0.444
632,429,0.457
632,429,0.462
633,429,0.464
633,429,0.462
634,429,0.461
635,429,0.441
635,428,0.415
636,428,0.402
637,427,0.396

646,430,0.195
647,430,0.268
647,430,0.283
647,430,0.304
647,430,0.323
647,430,0.344
647,431,0.366
647,431,0.385
647,432,0.404
647,433,0.413
647,433,0.421
648,434,0.428
648,435,0.438
649,436,0.448
650,437,0.458
651,437,0.469
652,438,0.476
654,438,0.483
656,438,0.486
658,437,0.489
660,437,0.48
662,436,0.468
665,436,0.352
667,435,0.188
669,435,0.108

674,438,0.156
674,438,0.215
674,438,0.228
674,438,0.244
674,438,0.258
675,438,0.265
675,439,0.272
676,439,0.281
676,439,0.295
676,439,0.301
677,440,0.31
677,440,0.322
677,440,0.337
677,441,0.352
677,441,0.367
677,441,0.383
677,441,0.401
677,442,0.422
677,442,0.438
677,442,0.452
677,443,0.462
677,443,0.471
677,444,0.477
677,444,0.481
677,444,0.483
677,445,0.486
677,445,0.487
677,445,0.49
677,445,0.491
677,446,0.494
677,446,0.499
677,446,0.506
677,446,0.51
676,446,0.513
676,447,0.515
676,447,0.518
676,447,0.519
676,448,0.521
676,448,0.522
676,448,0.525
676,448,0.526
676,449,0.529
676,449,0.539
676,449,0.554
676,450,0.555
675,450,0.549
675,450,0.55
675,451,0.556
675,451,0.56
675,452,0.562
675,453,0.562
675,453,0.562
675,453,0.56
675,454,0.559
675,454,0.559
675,454,0.561
675,455,0.56
675,455,0.559
675,455,0.554
675,455,0.55
676,455,0.548
676,455,0.547
676,455,0.549
677,455,0.554
677,454,0.557
677,454,0.56
678,454,0.56
678,454,0.559
679,453,0.559
680,453,0.561
681,453,0.562
681,452,0.562
682,452,0.562
683,452,0.562
684,452,0.562
685,452,0.562
686,452,0.562
687,452,0.562
688,452,0.562
689,452,0.562
689,452,0.556
690,452,0.549
691,452,0.549
691,452,0.556
692,452,0.549
692,453,0.55
693,453,0.557
693,453,0.56
694,453,0.562
694,453,0.556
695,453,0.549
695,453,0.545
696,453,0.543
696,454,0.547
696,454,0.553
696,454,0.552
696,454,0.547
696,454,0.549
697,454,0.556
697,455,0.56
697,455,0.563
697,455,0.559
697,456,0.552
697,456,0.551
698,457,0.555
698,457,0.557
698,458,0.558
698,458,0.559
698,459,0.559
699,459,0.554
699,460,0.55
699,461,0.55
699,462,0.554
699,463,0.557
699,464,0.558
699,465,0.556
699,466,0.555
699,466,0.553
699,467,0.549
699,468,0.548
699,468,0.547
700,469,0.551
700,469,0.557
700,469,0.561
700,469,0.562
700,469,0.564
700,469,0.567
701,469,0.571
701,469,0.575
701,468,0.579
702,468,0.585
703,468,0.586
704,467,0.586
705,466,0.586
706,466,0.586
708,465,0.56
710,463,0.522
713,462,0.504
715,460,0.494

741,456,0.16
741,456,0.222
741,456,0.235
741,456,0.263
741,456,0.292
741,456,0.317
741,456,0.342
741,456,0.361
741,457,0.379
741,457,0.387
741,458,0.396
741,458,0.406
740,459,0.413
740,460,0.421
739,460,0.428
739,461,0.438
738,462,0.444
737,463,0.449
736,465,0.456
735,466,0.465
735,467,0.476
734,468,0.489
733,468,0.5
733,469,0.51
732,470,0.518
732,470,0.525
731,470,0.537
731,470,0.554
730,470,0.56
730,470,0.562
730,470,0.562
730,469,0.562
729,469,0.556
729,468,0.546
728,467,0.531
728,466,0.513
727,464,0.414
726,462,0.281
726,460,0.216
726,457,0.186

340,254,0.18
340,254,0.249
340,254,0.265
341,254,0.284
341,254,0.304
342,254,0.313
343,254,0.322
344,254,0.326
346,254,0.327
347,254,0.328
349,255,0.325
350,255,0.324
352,255,0.322
354,256,0.32
356,256,0.251
358,256,0.151
359,256,0.102

264,254,0.191
264,253,0.264
265,253,0.279
265,253,0.296
266,252,0.31
266,252,0.317
267,252,0.328
268,251,0.339
269,250,0.351
270,250,0.356
271,249,0.369
272,248,0.386
273,247,0.401
274,246,0.418
275,245,0.432
277,244,0.446
278,242,0.459
279,241,0.474
281,239,0.484
282,238,0.496
283,236,0.505
285,234,0.516
286,233,0.522
287,231,0.53
288,229,0.539
289,228,0.55
290,226,0.551
290,224,0.547
291,223,0.553
292,221,0.564
293,219,0.572
294,218,0.578
295,216,0.581
296,214,0.584
297,212,0.585
298,209,0.585
300,206,0.586
302,204,0.586
303,201,0.586
305,199,0.588
307,196,0.589
309,193,0.589
311,190,0.59
313,187,0.59
315,184,0.587
317,181,0.586
319,177,0.579
322,174,0.569
324,171,0.494
327,168,0.389
330,164,0.337
333,160,0.311

329,169,0.117
330,168,0.162
331,168,0.173
332,167,0.19
332,167,0.21
333,166,0.229
334,166,0.25
335,165,0.269
336,164,0.285
338,164,0.293
339,163,0.3
341,162,0.307
343,161,0.314
344,161,0.324
345,160,0.333
347,159,0.342
348,158,0.35
350,157,0.357
351,156,0.363
352,155,0.37
354,155,0.373
355,154,0.376
356,153,0.378
358,152,0.381
359,151,0.382
361,151,0.382
362,150,0.387
363,149,0.396
364,149,0.401
366,148,0.409
367,148,0.414
368,147,0.419
370,147,0.421
371,146,0.424
372,146,0.425
373,145,0.428
375,145,0.429
376,144,0.429
377,144,0.43
379,143,0.43
380,143,0.43
381,143,0.43
383,142,0.427
385,142,0.426
386,142,0.426
388,142,0.426
390,142,0.423
392,142,0.42
394,142,0.41
396,142,0.396
399,143,0.373
401,143,0.345
403,144,0.332
406,144,0.325

415,151,0.113
416,150,0.156
417,150,0.165
418,150,0.175
418,151,0.181
419,151,0.19
420,151,0.204
421,152,0.226
423,153,0.251
424,153,0.273
426,154,0.296
428,155,0.307
430,156,0.317
432,158,0.33
434,159,0.342
436,160,0.356
438,161,0.367
440,162,0.377
442,163,0.385
445,164,0.393
447,165,0.396
450,167,0.397
452,168,0.4
454,170,0.403
457,171,0.405
459,173,0.405
461,175,0.403
463,176,0.402
465,178,0.392
467,180,0.378
469,182,0.33
471,184,0.268
473,185,0.237
475,187,0.222

277,204,0.133
277,204,0.184
277,204,0.194
277,204,0.216
278,204,0.24
278,204,0.26
278,204,0.279
279,204,0.297
279,204,0.312
280,204,0.32
280,204,0.332
281,203,0.347
282,203,0.363
283,203,0.379
283,202,0.393
285,202,0.407
286,202,0.418
287,201,0.43
288,201,0.437
290,200,0.441
291,200,0.444
293,199,0.447
294,199,0.448
296,198,0.451
298,197,0.452
300,196,0.455
302,196,0.454
304,195,0.453
307,194,0.444
309,193,0.434
311,192,0.407
314,191,0.375
316,190,0.36
318,189,0.353

313,189,0.094
313,189,0.128
314,189,0.136
314,189,0.161
314,189,0.193
314,189,0.22
314,188,0.243
314,188,0.259
314,188,0.272
314,188,0.278
314,188,0.284
314,188,0.291
315,188,0.299
315,187,0.309
315,187,0.315
316,187,0.323
316,186,0.326
316,186,0.329
317,185,0.333
317,185,0.337
317,184,0.341
318,184,0.345
318,183,0.349
318,183,0.354
319,182,0.363
319,182,0.377
319,181,0.385
320,180,0.393
320,180,0.398
320,179,0.405
321,178,0.41
321,178,0.415
321,177,0.419
322,176,0.423
322,176,0.425
322,175,0.428
323,174,0.431
323,174,0.435
323,173,0.438
324,172,0.442
324,172,0.444
324,171,0.444
325,170,0.445
325,170,0.447
326,169,0.448
326,169,0.451
326,168,0.452
327,168,0.452
327,167,0.453
328,166,0.453
328,166,0.453
328,166,0.453
329,165,0.453
329,165,0.455
329,165,0.456
330,164,0.456
330,164,0.457
331,164,0.459
331,163,0.46
331,163,0.463
332,163,0.462
332,162,0.461
332,162,0.461
333,162,0.463
333,162,0.464
333,161,0.467
333,161,0.47
334,161,0.474
334,161,0.476
334,161,0.476
334,160,0.477
335,160,0.479
335,160,0.479
335,160,0.482
335,159,0.483
336,159,0.483
336,159,0.484
336,159,0.486
337,158,0.487
337,158,0.487
337,158,0.488
338,157,0.49
338,157,0.491
339,157,0.491
339,157,0.489
340,156,0.488
340,156,0.488
341,156,0.488
342,156,0.488
342,156,0.488
343,156,0.488
344,155,0.488
344,155,0.49
345,155,0.493
345,155,0.492
346,155,0.492
346,154,0.49
347,154,0.488
348,154,0.488
348,153,0.49
348,153,0.489
349,152,0.488
350,152,0.488
350,151,0.488
351,151,0.483
351,150,0.479
352,150,0.471
352,150,0.463
353,149,0.439
354,149,0.412
355,149,0.311
355,148,0.178
357,148,0.113

155,381,0.152
155,381,0.208
155,381,0.221
155,381,0.232
155,381,0.239
155,381,0.243
155,381,0.247
155,381,0.255
155,381,0.266
155,381,0.271
155,381,0.283
155,381,0.3
155,381,0.313
155,381,0.327
155,381,0.335
155,381,0.343
155,381,0.348
155,380,0.354
155,380,0.359
155,380,0.364
155,379,0.37
155,379,0.377
155,378,0.383
155,377,0.388
155,376,0.392
156,375,0.397
156,374,0.398
156,373,0.398
156,372,0.396
156,371,0.393
156,370,0.389
156,370,0.388
156,369,0.393
156,368,0.404
156,368,0.41
156,367,0.413
156,367,0.414
156,366,0.414
156,366,0.414
156,365,0.416
156,365,0.417
156,365,0.417
156,364,0.418
156,364,0.42
156,364,0.421
156,363,0.424
156,363,0.425
156,363,0.425
156,362,0.426
155,362,0.426
155,361,0.426
155,361,0.428
155,361,0.429
155,361,0.429
155,360,0.43
155,360,0.43
155,359,0.427
155,359,0.426
155,358,0.426
155,358,0.428
155,358,0.429
154,357,0.429
154,357,0.43
154,357,0.43
154,356,0.43
154,356,0.43
154,356,0.43
154,355,0.43
154,355,0.427
154,355,0.424
154,354,0.423
154,354,0.422
155,353,0.422
155,353,0.422
155,352,0.422
156,352,0.424
156,351,0.425
157,351,0.425
157,350,0.426
157,350,0.426
158,349,0.426
158,349,0.426
158,348,0.426
159,348,0.426
159,347,0.426
159,346,0.426
159,346,0.426
159,345,0.426
159,345,0.423
159,344,0.422
159,344,0.417
159,343,0.411
159,342,0.397
159,341,0.382
159,341,0.366
160,340,0.351
160,339,0.341
160,338,0.335
160,337,0.333
161,336,0.332
161,336,0.329
162,335,0.328
162,334,0.328
163,333,0.33
164,332,0.326
165,331,0.323
167,329,0.25
168,328,0.148
169,327,0.098

176,312,0.172
176,311,0.236
176,311,0.25
176,311,0.273
176,311,0.297
176,311,0.309
176,311,0.318
176,310,0.324
176,310,0.331
176,310,0.334
176,309,0.337
176,309,0.343
176,309,0.348
176,308,0.353
176,308,0.358
176,308,0.365
176,307,0.377
176,307,0.394
176,306,0.401
176,305,0.407
176,304,0.413
176,303,0.422
176,302,0.429
177,301,0.437
177,300,0.439
177,298,0.442
178,297,0.444
178,295,0.447
178,294,0.448
179,292,0.451
179,291,0.452
180,289,0.452
181,288,0.453
181,286,0.453
182,285,0.453
183,283,0.453
184,282,0.453
185,281,0.453
186,280,0.453
186,279,0.453
187,278,0.45
188,277,0.449
189,276,0.449
189,275,0.451
190,274,0.452
190,273,0.455
191,272,0.456
191,271,0.456
191,271,0.457
191,270,0.457
191,269,0.457
192,267,0.457
192,266,0.454
192,265,0.453
193,263,0.451
193,262,0.449
193,261,0.444
194,259,0.44
194,258,0.437
194,256,0.432
195,255,0.431
195,254,0.43
195,253,0.43
195,252,0.43
195,251,0.43
195,250,0.43
195,250,0.43
195,249,0.43
195,248,0.43
196,247,0.43
196,246,0.43
197,245,0.43
197,244,0.427
198,243,0.426
199,241,0.428
200,240,0.431
200,239,0.433
201,238,0.433
202,236,0.434
203,235,0.434
204,233,0.434
205,232,0.434
206,230,0.434
207,229,0.436
208,228,0.437
209,227,0.437
210,225,0.433
211,224,0.429
212,224,0.407
213,223,0.378
214,222,0.364
214,222,0.359

225,216,0.16
224,216,0.222
224,216,0.235
224,216,0.247
224,216,0.255
224,216,0.257
224,216,0.26
224,216,0.263
224,216,0.269
224,216,0.271
224,216,0.281
224,216,0.303
224,215,0.323
224,215,0.345
225,215,0.365
225,214,0.382
226,214,0.398
226,213,0.408
227,213,0.416
227,212,0.422
228,212,0.429
229,211,0.434
230,210,0.438
230,209,0.442
231,209,0.446
232,208,0.448
233,207,0.451
234,206,0.452
234,206,0.452
235,205,0.453
236,205,0.453
237,205,0.453
237,204,0.453
238,204,0.453
239,204,0.453
240,204,0.453
240,204,0.455
241,204,0.454
242,203,0.453
243,203,0.453
244,203,0.453
245,202,0.453
246,202,0.455
247,202,0.454
248,201,0.453
249,201,0.453
250,201,0.453
251,200,0.45
252,200,0.449
253,200,0.449
255,199,0.449
256,199,0.444
258,198,0.44
260,198,0.426
261,197,0.405
262,196,0.3
264,195,0.156
265,194,0.086

279,194,0.164
280,194,0.226
280,193,0.239
280,193,0.258
280,193,0.274
281,193,0.283
281,193,0.289
281,193,0.292
282,192,0.295
282,192,0.296
283,192,0.296
283,192,0.297
283,192,0.299
284,191,0.302
284,191,0.308
285,191,0.319
285,190,0.328
286,190,0.333
287,190,0.337
287,190,0.339
288,190,0.342
288,190,0.343
289,190,0.346
290,191,0.347
290,191,0.35
291,191,0.354
291,191,0.363
291,191,0.372
292,191,0.383
292,190,0.388
293,190,0.392
293,190,0.394
294,189,0.394
294,189,0.395
295,188,0.396
296,188,0.397
296,187,0.397
297,187,0.396
298,186,0.395
299,186,0.396
300,185,0.399
301,185,0.388
303,184,0.37
304,184,0.361
306,183,0.356

306,181,0.156
307,181,0.215
307,181,0.228
308,181,0.244
308,180,0.26
308,180,0.276
309,180,0.295
309,180,0.312
310,180,0.33
311,179,0.339
311,179,0.349
312,178,0.359
313,178,0.368
314,177,0.377
315,176,0.383
316,176,0.388
317,175,0.392
318,175,0.396
319,174,0.397
319,174,0.397
320,174,0.398
321,173,0.398
322,173,0.363
322,173,0.313
323,174,0.289
324,174,0.276

459,273,0.129
461,275,0.177
463,276,0.188
465,277,0.202
466,278,0.217
468,278,0.227
469,279,0.236
472,280,0.24
475,282,0.243
478,283,0.245
481,285,0.252
484,287,0.264
488,289,0.275
491,291,0.288
495,293,0.294
500,295,0.298
504,297,0.3
508,299,0.3
513,301,0.301
517,303,0.301
522,304,0.301
527,306,0.303
532,308,0.304
538,310,0.307
543,312,0.29
549,314,0.266
554,315,0.256
560,317,0.255

292,458,0.117
295,462,0.162
296,465,0.173
300,468,0.185
302,469,0.196
304,471,0.215
307,473,0.241
311,476,0.267
314,479,0.294
318,483,0.306
323,486,0.319
328,490,0.335
334,494,0.345
339,497,0.352
345,501,0.354
351,505,0.357
358,509,0.358
364,513,0.358
370,517,0.356
377,521,0.355
384,524,0.282
390,527,0.178
396,529,0.126

336,427,0.078
336,427,0.11
337,428,0.117
338,429,0.135
339,429,0.158
340,430,0.192
341,432,0.232
343,433,0.27
344,435,0.307
346,438,0.331
348,441,0.351
350,444,0.359
353,448,0.364
355,452,0.37
358,457,0.373
361,461,0.376
364,466,0.378
367,471,0.381
369,475,0.382
372,479,0.382
374,483,0.297
376,486,0.174
378,488,0.112

494,592,0.059
494,592,0.082
494,593,0.088
495,593,0.104
495,593,0.127
496,594,0.163
496,595,0.206
497,596,0.25
499,598,0.294
500,599,0.328
503,601,0.36
505,604,0.375
508,606,0.392
511,609,0.409
514,612,0.419
518,614,0.428
521,617,0.434
525,619,0.438
529,622,0.44
533,624,0.443
537,627,0.446
541,629,0.45
545,631,0.452
549,633,0.455
553,635,0.458
557,637,0.462
561,639,0.464
565,640,0.467
568,642,0.468
572,643,0.468
575,644,0.469
579,645,0.471
582,646,0.472
586,647,0.472
589,647,0.468
592,648,0.464
595,648,0.451
598,649,0.435
601,649,0.407
603,650,0.375
605,650,0.36
606,650,0.353

511,423,0.18
511,423,0.246
511,423,0.262
511,423,0.287
511,423,0.316
512,423,0.341
512,423,0.365
513,423,0.381
513,423,0.394
514,424,0.399
514,424,0.403
515,425,0.407
516,426,0.411
517,427,0.415
518,428,0.419
519,429,0.423
520,431,0.425
521,432,0.428
522,433,0.398
523,435,0.357
524,436,0.337
526,436,0.326

423,380,0.145
423,379,0.198
423,379,0.21
423,379,0.231
423,379,0.254
423,379,0.274
423,379,0.294
423,379,0.312
424,380,0.328
424,380,0.336
424,380,0.345
425,381,0.355
425,382,0.366
426,383,0.38
426,384,0.396
426,386,0.41
427,388,0.424
428,389,0.437
428,391,0.444
429,393,0.449
429,396,0.456
430,399,0.465
430,401,0.472
431,404,0.479
431,406,0.486
432,409,0.494
432,411,0.498
432,412,0.501
433,414,0.503
433,415,0.506
433,416,0.505
433,417,0.504
433,418,0.488
433,418,0.469
433,418,0.459
432,418,0.456

391,371,0.113
391,371,0.156
392,371,0.165
392,371,0.193
393,371,0.23
393,371,0.267
394,371,0.303
395,371,0.33
396,371,0.353
397,371,0.362
398,371,0.372
400,371,0.383
401,371,0.394
403,371,0.407
404,371,0.42
406,371,0.433
407,371,0.442
409,371,0.453
411,371,0.462
412,371,0.471
414,371,0.477
416,371,0.481
418,371,0.485
420,371,0.489
422,371,0.491
424,371,0.494
426,371,0.495
428,371,0.498
430,371,0.499
431,371,0.502
432,371,0.503
434,370,0.503
435,370,0.467
436,370,0.416
437,370,0.391
438,370,0.38

257,331,0.188
257,331,0.26
257,331,0.275
257,331,0.287
258,331,0.295
258,331,0.302
258,331,0.312
258,331,0.325
259,332,0.341
260,332,0.348
260,333,0.356
261,333,0.367
262,334,0.376
263,334,0.387
264,334,0.394
264,335,0.398
265,335,0.401
266,336,0.401
267,336,0.353
268,336,0.283
269,336,0.248
270,336,0.232

268,340,0.184
267,340,0.253
267,340,0.269
267,341,0.293
266,341,0.318
266,341,0.34
265,342,0.36
265,343,0.383
264,343,0.407
262,344,0.419
260,345,0.437
259,346,0.457
257,347,0.467
256,348,0.471
254,348,0.473

240,359,0.156
239,359,0.215
239,359,0.228
239,359,0.253
239,359,0.281
238,359,0.308
238,360,0.336
237,360,0.356
237,361,0.375
236,362,0.383
235,363,0.386
234,364,0.389
233,365,0.388
232,367,0.385
231,368,0.381
230,369,0.38

