444.25,280.71,0.302734375
444.25,279.29,0.0

367.79,337.35,0.0009765625
357.88,343.01,0.32421875
346.55,348.67,0.32421875
339.47,354.34,0.32421875
328.14,362.83,0.326171875
321.06,368.5,0.3251953125
313.98,372.74,0.318359375
309.73,376.99,0.296875
308.32,381.24,0.177734375
306.9,382.65,0.1865234375
308.32,384.07,0.158203125
309.73,384.07,0.15625
309.73,385.49,0.1611328125
311.15,386.9,0.2919921875
311.15,388.32,0.30078125
312.57,392.57,0.310546875
315.4,395.4,0.3134765625
318.23,399.65,0.3115234375
321.06,403.89,0.3232421875
325.31,409.56,0.3291015625
328.14,413.81,0.3291015625
330.97,418.05,0.330078125
330.97,419.47,0.3291015625
332.39,419.47,0.328125
332.39,420.88,0.3232421875
333.81,420.88,0.3291015625
333.81,422.3,0.3291015625
335.22,422.3,0.3193359375
336.64,423.72,0.318359375
336.64,425.13,0.318359375
338.05,426.55,0.3193359375
339.47,427.96,0.3203125
340.88,429.38,0.3203125
342.3,429.38,0.3125
342.3,430.8,0.2734375
343.72,430.8,0.0458984375

350.8,429.38,0.0673828125
356.46,423.72,0.21875
357.88,420.88,0.2314453125
360.71,419.47,0.2607421875
362.12,419.47,0.267578125
363.54,418.05,0.275390625
364.96,419.47,0.3095703125
364.96,422.3,0.3134765625
363.54,425.13,0.314453125
362.12,427.96,0.3154296875
360.71,430.8,0.3154296875
359.29,433.63,0.3154296875
359.29,436.46,0.3134765625
359.29,437.88,0.30859375
359.29,439.29,0.3046875
359.29,440.71,0.30078125
359.29,442.12,0.302734375
359.29,443.54,0.3046875
360.71,444.96,0.28515625
362.12,444.96,0.291015625
363.54,446.37,0.291015625
366.37,446.37,0.2900390625
369.2,446.37,0.2861328125
373.45,446.37,0.2861328125
376.28,446.37,0.2900390625
381.95,446.37,0.2900390625
387.61,444.96,0.291015625
393.27,443.54,0.2900390625
400.35,440.71,0.2880859375
406.02,436.46,0.2880859375
411.68,433.63,0.2919921875
417.35,429.38,0.294921875
424.42,425.13,0.3046875
430.09,419.47,0.3095703125
434.34,416.64,0.3095703125
437.17,415.22,0.3095703125
440.0,412.39,0.3125
442.83,409.56,0.3125
444.25,409.56,0.314453125
445.66,408.14,0.318359375
445.66,406.73,0.3193359375
445.66,405.31,0.3203125
447.08,405.31,0.3232421875
447.08,403.89,0.3232421875
447.08,402.48,0.326171875
447.08,401.06,0.3349609375
445.66,399.65,0.341796875
444.25,399.65,0.341796875
442.83,398.23,0.3408203125
441.42,396.81,0.33984375
440.0,396.81,0.3369140625
438.58,396.81,0.328125
437.17,396.81,0.3173828125
434.34,396.81,0.162109375

434.34,396.81,0.015625
435.75,396.81,0.1474609375
437.17,396.81,0.18359375
437.17,395.4,0.19921875
438.58,395.4,0.2041015625
440.0,393.98,0.216796875
441.42,393.98,0.220703125
444.25,392.57,0.24609375
445.66,391.15,0.2724609375
448.5,389.73,0.2783203125
449.91,386.9,0.2890625
451.33,384.07,0.2978515625
452.74,382.65,0.3046875
454.16,378.41,0.314453125
455.58,374.16,0.3203125
456.99,368.5,0.3203125
456.99,364.25,0.3212890625
456.99,360.0,0.3251953125
455.58,355.75,0.32421875
454.16,348.67,0.3154296875
452.74,343.01,0.314453125
452.74,340.18,0.3154296875
451.33,337.35,0.31640625
449.91,335.93,0.31640625
448.5,333.1,0.3125
448.5,331.68,0.3125
447.08,330.27,0.3125
445.66,328.85,0.3125
445.66,327.43,0.3056640625
444.25,327.43,0.302734375
444.25,326.02,0.302734375
442.83,326.02,0.302734375
442.83,324.6,0.2998046875
441.42,323.19,0.298828125
441.42,321.77,0.2939453125
440.0,320.35,0.2880859375
438.58,318.94,0.2890625
437.17,320.35,0.2998046875
435.75,323.19,0.294921875
435.75,324.6,0.294921875
434.34,328.85,0.298828125
432.92,333.1,0.3056640625
432.92,338.76,0.3046875
432.92,344.42,0.3076171875
432.92,348.67,0.30859375
432.92,352.92,0.3095703125
432.92,355.75,0.3095703125
434.34,360.0,0.3095703125
435.75,364.25,0.3095703125
437.17,367.08,0.3095703125
438.58,369.91,0.310546875
440.0,374.16,0.3154296875
441.42,378.41,0.318359375
441.42,382.65,0.3232421875
441.42,385.49,0.326171875
441.42,388.32,0.3271484375
440.0,391.15,0.3310546875
440.0,392.57,0.3310546875
438.58,393.98,0.333984375
437.17,393.98,0.2978515625
435.75,393.98,0.142578125

438.58,327.43,0.12109375
438.58,318.94,0.2666015625
441.42,314.69,0.283203125
442.83,311.86,0.2919921875
445.66,309.03,0.3037109375
447.08,309.03,0.3076171875
449.91,307.61,0.3125
452.74,307.61,0.3212890625
454.16,307.61,0.322265625
455.58,307.61,0.328125
454.16,307.61,0.09375

376.28,341.59,0.1171875
386.19,334.51,0.2607421875
393.27,330.27,0.2890625
400.35,327.43,0.3076171875
408.85,324.6,0.3193359375
414.51,324.6,0.322265625
420.18,323.19,0.3251953125
421.59,323.19,0.3251953125
423.01,323.19,0.3251953125
421.59,323.19,0.2822265625
420.18,323.19,0.1494140625

415.93,328.85,0.060546875
411.68,334.51,0.158203125
410.27,335.93,0.158203125
408.85,338.76,0.158203125
406.02,343.01,0.1572265625
403.19,350.09,0.1298828125
400.35,355.75,0.1240234375
398.94,360.0,0.0

404.6,327.43,0.111328125
401.77,327.43,0.3525390625
400.35,324.6,0.3603515625
398.94,321.77,0.373046875
394.69,316.11,0.3828125
390.44,310.44,0.3876953125
386.19,303.36,0.3955078125
376.28,292.04,0.4013671875
369.2,283.54,0.4111328125
360.71,276.46,0.4189453125
347.96,266.55,0.43359375
338.05,259.47,0.43359375
329.56,252.39,0.4365234375
316.81,245.31,0.439453125
309.73,241.06,0.443359375
301.24,236.81,0.4453125
295.58,233.98,0.4482421875
291.33,231.15,0.4453125
287.08,229.73,0.4462890625
284.25,228.32,0.447265625
282.83,226.9,0.4482421875
281.42,226.9,0.466796875
280.0,226.9,0.4619140625
277.17,225.49,0.4560546875
274.34,225.49,0.453125
271.5,225.49,0.4501953125
270.09,225.49,0.451171875
267.26,226.9,0.44921875
264.42,226.9,0.44921875
261.59,228.32,0.443359375
258.76,229.73,0.4443359375
255.93,231.15,0.4384765625
251.68,233.98,0.439453125
248.85,236.81,0.44140625
246.02,239.65,0.4375
244.6,241.06,0.4365234375
243.19,243.89,0.4296875
243.19,246.73,0.4228515625
243.19,252.39,0.4189453125
243.19,256.64,0.4189453125
243.19,263.72,0.4150390625
244.6,270.8,0.412109375
246.02,276.46,0.4091796875
247.43,283.54,0.4091796875
247.43,289.2,0.408203125
247.43,293.45,0.4072265625
247.43,297.7,0.408203125
247.43,299.12,0.4072265625
247.43,301.95,0.4013671875
246.02,303.36,0.392578125
243.19,306.19,0.3740234375
241.77,309.03,0.3740234375
237.52,311.86,0.365234375
234.69,316.11,0.3583984375
230.44,318.94,0.3564453125
227.61,323.19,0.3486328125
223.36,327.43,0.328125
221.95,330.27,0.3115234375
219.12,333.1,0.2314453125
217.7,334.51,0.19921875
217.7,335.93,0.1337890625
217.7,337.35,0.2294921875
217.7,338.76,0.251953125
216.28,338.76,0.26171875
216.28,340.18,0.2724609375
214.87,343.01,0.296875
213.45,344.42,0.302734375
212.04,347.26,0.3076171875
210.62,350.09,0.3154296875
209.2,352.92,0.3212890625
207.79,355.75,0.328125
206.37,355.75,0.3291015625
206.37,357.17,0.3359375
206.37,360.0,0.3359375
206.37,361.42,0.3349609375
206.37,365.66,0.337890625
207.79,368.5,0.337890625
209.2,372.74,0.3408203125
210.62,375.58,0.341796875
214.87,379.82,0.337890625
217.7,382.65,0.3388671875
220.53,384.07,0.3388671875
223.36,384.07,0.3369140625
224.78,384.07,0.337890625
226.19,384.07,0.3359375
226.19,385.49,0.353515625
229.03,386.9,0.330078125
231.86,386.9,0.3251953125
236.11,388.32,0.3251953125
241.77,388.32,0.3330078125
248.85,388.32,0.3427734375
255.93,386.9,0.3505859375
267.26,384.07,0.3564453125
275.75,382.65,0.36328125
284.25,379.82,0.3642578125
295.58,376.99,0.369140625
301.24,375.58,0.3740234375
305.49,374.16,0.3740234375
309.73,374.16,0.3701171875
311.15,374.16,0.37109375
312.57,374.16,0.369140625
313.98,374.16,0.369140625
313.98,372.74,0.3642578125
312.57,372.74,0.083984375

277.17,386.9,0.1123046875
270.09,389.73,0.33984375
264.42,393.98,0.3486328125
260.18,398.23,0.3525390625
253.1,403.89,0.353515625
244.6,413.81,0.353515625
237.52,423.72,0.3525390625
226.19,437.88,0.3515625
219.12,447.79,0.3515625
213.45,457.7,0.3505859375
207.79,467.61,0.3505859375
203.54,471.86,0.349609375
202.12,476.11,0.3486328125
200.71,478.94,0.345703125
200.71,480.35,0.3447265625
200.71,481.77,0.3212890625
202.12,481.77,0.314453125
203.54,483.19,0.314453125
207.79,483.19,0.3173828125
212.04,483.19,0.3193359375
221.95,483.19,0.328125
230.44,483.19,0.3330078125
246.02,484.6,0.3359375
258.76,484.6,0.3369140625
271.5,481.77,0.3369140625
288.5,477.52,0.337890625
301.24,471.86,0.3447265625
312.57,464.78,0.3525390625
323.89,454.87,0.3564453125
330.97,444.96,0.345703125
332.39,440.71,0.3310546875
333.81,439.29,0.31640625
332.39,437.88,0.234375
330.97,437.88,0.0029296875

338.05,427.96,0.2275390625
330.97,429.38,0.3642578125
326.73,432.21,0.376953125
323.89,435.04,0.3857421875
318.23,439.29,0.392578125
315.4,442.12,0.3974609375
312.57,444.96,0.3984375
309.73,447.79,0.4033203125
308.32,449.2,0.4072265625
308.32,450.62,0.4072265625
308.32,452.04,0.4033203125
308.32,453.45,0.3974609375
309.73,456.28,0.39453125
311.15,457.7,0.39453125
313.98,460.53,0.392578125
315.4,461.95,0.392578125
318.23,463.36,0.39453125
319.65,464.78,0.39453125
323.89,467.61,0.3955078125
325.31,469.03,0.3955078125
326.73,470.44,0.396484375
328.14,470.44,0.396484375
328.14,471.86,0.4013671875
328.14,473.27,0.4130859375
328.14,474.69,0.4140625
326.73,478.94,0.4189453125
326.73,481.77,0.419921875
325.31,483.19,0.419921875
323.89,487.43,0.4189453125
323.89,490.27,0.4189453125
322.48,493.1,0.4169921875
321.06,497.35,0.4140625
321.06,503.01,0.4140625
319.65,507.26,0.4130859375
319.65,510.09,0.4111328125
319.65,511.5,0.408203125
319.65,512.92,0.408203125
319.65,514.34,0.40625
319.65,515.75,0.3994140625
319.65,517.17,0.3935546875
322.48,518.58,0.392578125
323.89,521.42,0.3916015625
326.73,524.25,0.390625
328.14,525.66,0.3896484375
330.97,528.5,0.3896484375
333.81,529.91,0.390625
335.22,532.74,0.390625
336.64,534.16,0.3916015625
338.05,535.58,0.3916015625
338.05,536.99,0.3916015625
338.05,538.41,0.3896484375
339.47,538.41,0.3896484375
340.88,539.82,0.3896484375
342.3,541.24,0.3896484375
343.72,542.65,0.390625
343.72,544.07,0.390625
343.72,545.49,0.3916015625
345.13,545.49,0.3916015625
346.55,545.49,0.3759765625
349.38,544.07,0.3681640625
350.8,542.65,0.3701171875
353.63,541.24,0.3671875
356.46,538.41,0.3681640625
360.71,534.16,0.365234375
363.54,529.91,0.365234375
367.79,525.66,0.365234375
370.62,522.83,0.365234375
373.45,520.0,0.361328125
376.28,517.17,0.3583984375
379.12,515.75,0.35546875
380.53,514.34,0.3544921875
381.95,512.92,0.3544921875
383.36,512.92,0.353515625
384.78,512.92,0.353515625
389.03,511.5,0.3515625
393.27,511.5,0.353515625
397.52,508.67,0.353515625
401.77,507.26,0.3544921875
407.43,503.01,0.359375
413.1,498.76,0.36328125
417.35,494.51,0.3701171875
420.18,490.27,0.37109375
423.01,487.43,0.37109375
423.01,483.19,0.3701171875
421.59,477.52,0.3671875
420.18,473.27,0.3603515625
418.76,469.03,0.353515625
417.35,466.19,0.3525390625
415.93,463.36,0.3486328125
414.51,460.53,0.3486328125
414.51,457.7,0.3427734375
413.1,454.87,0.330078125
413.1,453.45,0.326171875
413.1,452.04,0.322265625
413.1,450.62,0.322265625
413.1,449.2,0.322265625
413.1,446.37,0.302734375
413.1,443.54,0.296875
413.1,442.12,0.2880859375
413.1,440.71,0.2900390625
413.1,439.29,0.298828125
413.1,437.88,0.2880859375
414.51,436.46,0.2861328125
415.93,435.04,0.287109375
417.35,433.63,0.279296875
420.18,432.21,0.2880859375
421.59,429.38,0.2939453125
424.42,427.96,0.3017578125
428.67,426.55,0.3017578125
431.5,425.13,0.3017578125
434.34,423.72,0.306640625
437.17,422.3,0.306640625
438.58,422.3,0.3115234375
440.0,422.3,0.3115234375
441.42,422.3,0.3212890625
442.83,422.3,0.32421875
444.25,422.3,0.3232421875
445.66,422.3,0.322265625
447.08,422.3,0.322265625
449.91,420.88,0.3232421875
451.33,419.47,0.3271484375
454.16,418.05,0.3271484375
456.99,416.64,0.3291015625
459.82,415.22,0.33203125
462.65,412.39,0.3310546875
464.07,410.97,0.3310546875
465.49,409.56,0.33203125
466.9,408.14,0.3330078125
468.32,406.73,0.3349609375
468.32,405.31,0.3359375
468.32,402.48,0.3408203125
468.32,401.06,0.3447265625
468.32,399.65,0.345703125
468.32,398.23,0.34765625
468.32,396.81,0.353515625
466.9,396.81,0.353515625
466.9,395.4,0.3505859375
465.49,395.4,0.3515625
465.49,393.98,0.3525390625
464.07,393.98,0.3544921875
464.07,392.57,0.3544921875
462.65,392.57,0.3515625
462.65,391.15,0.3544921875
461.24,391.15,0.353515625
459.82,389.73,0.353515625
459.82,388.32,0.353515625
456.99,386.9,0.3525390625
455.58,385.49,0.3564453125
454.16,385.49,0.357421875
454.16,384.07,0.357421875
452.74,384.07,0.361328125
451.33,384.07,0.3623046875
451.33,382.65,0.3623046875
449.91,382.65,0.3759765625

449.91,309.03,0.119140625
448.5,309.03,0.337890625
447.08,307.61,0.349609375
445.66,307.61,0.357421875
445.66,306.19,0.3583984375
444.25,306.19,0.3955078125
444.25,304.78,0.3935546875
442.83,303.36,0.392578125
442.83,301.95,0.3984375
441.42,301.95,0.3984375
441.42,300.53,0.4033203125
440.0,300.53,0.4013671875
438.58,299.12,0.4052734375
438.58,297.7,0.4052734375
437.17,296.28,0.4052734375
435.75,294.87,0.40625
435.75,293.45,0.4052734375
434.34,293.45,0.404296875
434.34,292.04,0.40234375
434.34,290.62,0.4013671875
434.34,289.2,0.400390625
434.34,287.79,0.3994140625
434.34,286.37,0.396484375
435.75,282.12,0.392578125
438.58,276.46,0.388671875
441.42,267.96,0.3916015625
445.66,259.47,0.3916015625
449.91,250.97,0.3955078125
455.58,241.06,0.396484375
462.65,231.15,0.3994140625
472.57,219.82,0.3994140625
479.65,211.33,0.396484375
486.73,204.25,0.4013671875
492.39,200.0,0.4013671875
495.22,197.17,0.404296875
498.05,195.75,0.4033203125
500.88,194.34,0.400390625
502.3,194.34,0.3994140625
503.72,194.34,0.3994140625
505.13,194.34,0.3994140625
505.13,192.92,0.400390625
507.96,192.92,0.400390625
509.38,192.92,0.40234375
510.8,192.92,0.40625
512.21,194.34,0.408203125
513.63,194.34,0.41015625
515.04,194.34,0.41015625
517.88,195.75,0.4140625
519.29,197.17,0.416015625
522.12,198.58,0.416015625
523.54,201.42,0.4169921875
526.37,204.25,0.4189453125
529.2,207.08,0.41796875
533.45,211.33,0.4140625
537.7,214.16,0.416015625
544.78,219.82,0.412109375
550.44,222.65,0.4111328125
554.69,226.9,0.4150390625
561.77,232.57,0.4140625
566.02,235.4,0.4140625
571.68,238.23,0.4150390625
575.93,242.48,0.4208984375
581.59,246.73,0.421875
585.84,250.97,0.4248046875
591.5,256.64,0.42578125
594.34,259.47,0.42578125
598.58,263.72,0.427734375
602.83,266.55,0.4267578125
608.5,270.8,0.427734375
612.74,273.63,0.427734375
616.99,277.88,0.427734375
621.24,279.29,0.427734375
624.07,282.12,0.427734375
626.9,283.54,0.427734375
628.32,284.96,0.4287109375
629.73,287.79,0.4296875
631.15,289.2,0.4306640625
632.57,290.62,0.4296875
633.98,290.62,0.4296875
633.98,292.04,0.4296875
633.98,293.45,0.431640625
633.98,294.87,0.4326171875
635.4,294.87,0.43359375
635.4,297.7,0.43359375
633.98,300.53,0.435546875
632.57,304.78,0.435546875
631.15,307.61,0.435546875
629.73,311.86,0.435546875
626.9,316.11,0.435546875
624.07,321.77,0.4345703125
621.24,326.02,0.4345703125
618.41,328.85,0.4345703125
614.16,333.1,0.431640625
607.08,337.35,0.4296875
602.83,341.59,0.427734375
595.75,345.84,0.4267578125
591.5,348.67,0.423828125
585.84,351.5,0.423828125
580.18,354.34,0.4208984375
574.51,357.17,0.419921875
568.85,361.42,0.4189453125
563.19,362.83,0.41796875
557.52,365.66,0.4150390625
553.27,367.08,0.4150390625
549.03,369.91,0.416015625
544.78,371.33,0.416015625
541.95,371.33,0.416015625
537.7,372.74,0.4140625
532.04,374.16,0.4140625
526.37,375.58,0.4150390625
523.54,375.58,0.41796875
519.29,375.58,0.4169921875
516.46,375.58,0.4140625
510.8,375.58,0.4140625
507.96,375.58,0.4169921875
503.72,375.58,0.416015625
500.88,375.58,0.4169921875
498.05,375.58,0.4169921875
493.81,374.16,0.41796875
489.56,374.16,0.4208984375
486.73,372.74,0.4248046875
483.89,372.74,0.4248046875
481.06,371.33,0.4287109375
478.23,371.33,0.4287109375
476.81,369.91,0.4287109375
475.4,369.91,0.4296875
473.98,369.91,0.43359375
472.57,368.5,0.43359375
469.73,368.5,0.43359375
468.32,368.5,0.4326171875
466.9,367.08,0.435546875
465.49,367.08,0.4365234375
464.07,367.08,0.439453125
462.65,367.08,0.44140625
461.24,367.08,0.44140625
459.82,367.08,0.4404296875
458.41,367.08,0.43359375
458.41,365.66,0.359375
458.41,367.08,0.1611328125

526.37,376.99,0.1435546875
530.62,379.82,0.2958984375
533.45,381.24,0.30859375
537.7,384.07,0.326171875
540.53,388.32,0.33984375
544.78,392.57,0.3486328125
547.61,398.23,0.3564453125
551.86,406.73,0.3681640625
554.69,413.81,0.3740234375
557.52,422.3,0.376953125
560.35,433.63,0.380859375
563.19,442.12,0.384765625
564.6,450.62,0.388671875
566.02,459.12,0.3955078125
568.85,467.61,0.4072265625
570.27,471.86,0.408203125
571.68,474.69,0.4072265625
573.1,476.11,0.404296875
571.68,476.11,0.234375
571.68,474.69,0.146484375

427.26,436.46,0.1689453125
427.26,437.88,0.3095703125
428.67,442.12,0.328125
430.09,446.37,0.341796875
435.75,454.87,0.3603515625
438.58,461.95,0.369140625
442.83,467.61,0.37890625
447.08,474.69,0.3896484375
452.74,480.35,0.390625
456.99,486.02,0.3994140625
462.65,490.27,0.40625
466.9,493.1,0.4072265625
472.57,497.35,0.4111328125
476.81,498.76,0.41796875
482.48,501.59,0.421875
486.73,503.01,0.421875
489.56,503.01,0.4208984375
493.81,504.42,0.421875
499.47,505.84,0.4306640625
505.13,505.84,0.4306640625
509.38,507.26,0.4296875
515.04,507.26,0.4267578125
520.71,508.67,0.4267578125
527.79,510.09,0.4228515625
533.45,510.09,0.4228515625
540.53,511.5,0.421875
546.19,512.92,0.421875
550.44,512.92,0.4208984375
553.27,514.34,0.4208984375
556.11,514.34,0.419921875
560.35,517.17,0.419921875
561.77,517.17,0.419921875
563.19,518.58,0.421875
564.6,518.58,0.421875
566.02,520.0,0.4189453125
567.43,521.42,0.41796875
568.85,521.42,0.41796875
570.27,522.83,0.4150390625
573.1,522.83,0.4140625
574.51,524.25,0.412109375
575.93,525.66,0.412109375
577.35,525.66,0.412109375
578.76,525.66,0.412109375
580.18,527.08,0.4130859375
581.59,528.5,0.416015625
583.01,528.5,0.416015625
584.42,529.91,0.4140625
585.84,529.91,0.4140625
587.26,531.33,0.412109375
588.67,531.33,0.404296875
590.09,531.33,0.392578125
591.5,531.33,0.3876953125
592.92,529.91,0.3876953125
594.34,528.5,0.3837890625
594.34,527.08,0.3798828125
595.75,525.66,0.3486328125
595.75,524.25,0.078125

571.68,476.11,0.1171875
578.76,483.19,0.330078125
580.18,483.19,0.3359375
584.42,488.85,0.3564453125
585.84,493.1,0.3701171875
588.67,497.35,0.384765625
590.09,501.59,0.3896484375
592.92,508.67,0.3994140625
592.92,512.92,0.3994140625
594.34,517.17,0.400390625
594.34,518.58,0.3994140625
592.92,518.58,0.3505859375
592.92,520.0,0.3369140625
592.92,521.42,0.349609375
592.92,524.25,0.353515625
594.34,527.08,0.3623046875
594.34,528.5,0.3662109375
592.92,525.66,0.193359375

373.45,286.37,0.005859375
372.04,277.88,0.353515625
370.62,273.63,0.3662109375
370.62,269.38,0.373046875
369.2,266.55,0.373046875
369.2,260.88,0.375
370.62,258.05,0.3759765625
370.62,253.81,0.375
373.45,250.97,0.3740234375
374.87,248.14,0.375
376.28,245.31,0.37890625
377.7,243.89,0.37890625
379.12,242.48,0.37890625
380.53,241.06,0.3798828125
383.36,238.23,0.3828125
387.61,236.81,0.3857421875
389.03,235.4,0.3857421875
391.86,235.4,0.38671875
391.86,233.98,0.3876953125
394.69,233.98,0.3896484375
397.52,233.98,0.39453125
403.19,232.57,0.4033203125
408.85,232.57,0.408203125
414.51,232.57,0.4130859375
421.59,233.98,0.4169921875
425.84,235.4,0.419921875
432.92,236.81,0.4208984375
437.17,238.23,0.4228515625
442.83,241.06,0.4248046875
447.08,242.48,0.42578125
449.91,245.31,0.4287109375
451.33,245.31,0.4287109375
452.74,246.73,0.4296875
454.16,246.73,0.431640625
454.16,248.14,0.431640625
455.58,249.56,0.431640625
456.99,250.97,0.431640625
458.41,252.39,0.431640625
459.82,255.22,0.4296875
461.24,255.22,0.4287109375
461.24,256.64,0.4287109375
459.82,256.64,0.375

547.61,376.99,0.1123046875
550.44,376.99,0.345703125
551.86,378.41,0.35546875
557.52,379.82,0.37109375
561.77,382.65,0.37890625
567.43,384.07,0.3828125
574.51,386.9,0.3828125
583.01,388.32,0.384765625
587.26,389.73,0.3837890625
591.5,391.15,0.380859375
592.92,391.15,0.380859375
591.5,393.98,0.3876953125
588.67,396.81,0.388671875
587.26,399.65,0.39453125
584.42,402.48,0.3955078125
583.01,405.31,0.40234375
581.59,405.31,0.4052734375
580.18,405.31,0.4111328125
578.76,406.73,0.412109375
577.35,406.73,0.412109375
574.51,406.73,0.4140625
571.68,405.31,0.4140625
566.02,403.89,0.4072265625
563.19,401.06,0.4072265625
560.35,401.06,0.412109375
557.52,399.65,0.4140625
556.11,399.65,0.4169921875
554.69,399.65,0.4169921875
553.27,399.65,0.4140625
551.86,399.65,0.4140625
551.86,398.23,0.3896484375
550.44,396.81,0.0

454.16,242.48,0.1904296875
452.74,246.73,0.375
451.33,252.39,0.3857421875
449.91,258.05,0.392578125
448.5,263.72,0.3955078125
445.66,272.21,0.3984375
442.83,277.88,0.40234375
441.42,283.54,0.3935546875
441.42,284.96,0.3896484375
442.83,284.96,0.1474609375

441.42,287.79,0.09765625
441.42,293.45,0.3515625
442.83,300.53,0.373046875
444.25,304.78,0.384765625
444.25,309.03,0.3916015625
445.66,310.44,0.392578125
445.66,309.03,0.3828125
444.25,306.19,0.3828125
442.83,301.95,0.3857421875
442.83,299.12,0.3896484375
442.83,301.95,0.3935546875
442.83,306.19,0.3935546875
442.83,311.86,0.4013671875
442.83,316.11,0.41796875
442.83,317.52,0.4208984375
441.42,316.11,0.4228515625
440.0,310.44,0.388671875
440.0,307.61,0.3876953125
440.0,306.19,0.3837890625
440.0,304.78,0.373046875
440.0,306.19,0.369140625
440.0,307.61,0.380859375
440.0,310.44,0.384765625
440.0,314.69,0.3984375
438.58,317.52,0.408203125
438.58,318.94,0.4169921875
437.17,311.86,0.392578125
437.17,303.36,0.38671875
435.75,296.28,0.3828125
435.75,292.04,0.37109375
435.75,296.28,0.3828125
435.75,300.53,0.392578125
435.75,309.03,0.404296875
435.75,313.27,0.4140625
435.75,316.11,0.41796875
434.34,316.11,0.4169921875
434.34,311.86,0.4033203125
434.34,306.19,0.3984375
432.92,300.53,0.3974609375
432.92,294.87,0.3876953125
432.92,290.62,0.380859375
432.92,292.04,0.3818359375
432.92,299.12,0.3876953125
432.92,306.19,0.396484375
432.92,313.27,0.408203125
432.92,317.52,0.4140625
432.92,318.94,0.419921875
432.92,311.86,0.3955078125
432.92,306.19,0.3857421875
434.34,303.36,0.3818359375
434.34,301.95,0.37890625
435.75,301.95,0.373046875
435.75,304.78,0.3974609375
435.75,307.61,0.4111328125
434.34,311.86,0.421875
434.34,314.69,0.427734375
434.34,316.11,0.4306640625
435.75,313.27,0.3876953125
438.58,310.44,0.3876953125
441.42,306.19,0.3828125
444.25,303.36,0.380859375
445.66,303.36,0.376953125
444.25,303.36,0.423828125
442.83,304.78,0.423828125
441.42,304.78,0.431640625
440.0,304.78,0.427734375
438.58,304.78,0.42578125
438.58,301.95,0.4033203125
440.0,301.95,0.3662109375
441.42,300.53,0.361328125
442.83,300.53,0.3447265625
444.25,299.12,0.1328125

383.36,301.95,0.1240234375
384.78,304.78,0.3076171875
390.44,310.44,0.3212890625
394.69,314.69,0.3359375
397.52,318.94,0.3369140625
398.94,321.77,0.3388671875
400.35,321.77,0.3388671875
398.94,320.35,0.359375
396.11,316.11,0.345703125
393.27,311.86,0.345703125
387.61,306.19,0.33984375
386.19,301.95,0.3408203125
384.78,300.53,0.3515625
386.19,301.95,0.330078125
389.03,306.19,0.3447265625
396.11,314.69,0.353515625
400.35,320.35,0.3623046875
403.19,326.02,0.37109375
406.02,328.85,0.3720703125
407.43,330.27,0.3720703125
407.43,328.85,0.3974609375
404.6,326.02,0.392578125
398.94,320.35,0.3896484375
396.11,316.11,0.3837890625
391.86,310.44,0.3828125
390.44,309.03,0.3798828125
390.44,307.61,0.37890625
393.27,310.44,0.3525390625
397.52,314.69,0.3603515625
401.77,320.35,0.373046875
404.6,321.77,0.3798828125
404.6,323.19,0.380859375
400.35,318.94,0.3974609375
397.52,314.69,0.3955078125
394.69,311.86,0.39453125
394.69,310.44,0.39453125
396.11,311.86,0.3564453125
401.77,316.11,0.369140625
404.6,321.77,0.3798828125
408.85,324.6,0.3876953125
410.27,327.43,0.39453125
407.43,324.6,0.4140625
404.6,321.77,0.40625
403.19,321.77,0.400390625
404.6,321.77,0.361328125
406.02,323.19,0.3720703125
407.43,326.02,0.384765625
408.85,328.85,0.3994140625
408.85,331.68,0.416015625
408.85,333.1,0.4228515625
407.43,334.51,0.4267578125
404.6,334.51,0.4326171875
403.19,334.51,0.4384765625
401.77,334.51,0.435546875
403.19,333.1,0.375
406.02,333.1,0.3818359375
408.85,333.1,0.3857421875
411.68,331.68,0.384765625
413.1,331.68,0.384765625
411.68,331.68,0.4296875
408.85,331.68,0.421875
406.02,333.1,0.4189453125
403.19,333.1,0.416015625
400.35,333.1,0.4111328125
398.94,333.1,0.4150390625
400.35,333.1,0.3662109375
403.19,331.68,0.369140625
406.02,331.68,0.369140625
408.85,331.68,0.369140625
410.27,330.27,0.3681640625
408.85,330.27,0.2998046875
407.43,330.27,0.1962890625
403.19,330.27,0.0234375

384.78,337.35,0.0478515625
381.95,338.76,0.2607421875
387.61,337.35,0.302734375
393.27,335.93,0.3154296875
398.94,333.1,0.3203125
407.43,331.68,0.3173828125
413.1,328.85,0.271484375
415.93,327.43,0.0673828125

438.58,327.43,0.1337890625
438.58,328.85,0.3251953125
440.0,330.27,0.3291015625
441.42,335.93,0.3447265625
444.25,340.18,0.3486328125
447.08,344.42,0.3564453125
451.33,351.5,0.365234375
452.74,354.34,0.3720703125
454.16,357.17,0.376953125
456.99,361.42,0.388671875
456.99,362.83,0.3896484375
458.41,362.83,0.3935546875
458.41,364.25,0.3955078125
459.82,365.66,0.3974609375
459.82,367.08,0.4091796875
459.82,368.5,0.416015625
461.24,369.91,0.4140625
461.24,371.33,0.4130859375
462.65,372.74,0.4130859375
462.65,374.16,0.4130859375
464.07,374.16,0.4140625
464.07,375.58,0.4140625
465.49,376.99,0.4140625
465.49,378.41,0.4208984375
466.9,379.82,0.423828125
468.32,382.65,0.427734375
468.32,385.49,0.43359375
469.73,388.32,0.4375
471.15,389.73,0.4375
471.15,391.15,0.4404296875
471.15,392.57,0.4423828125
471.15,393.98,0.4462890625
471.15,395.4,0.4501953125
471.15,396.81,0.453125
471.15,398.23,0.4560546875
469.73,399.65,0.4560546875
468.32,401.06,0.4560546875
466.9,402.48,0.458984375
465.49,403.89,0.458984375
464.07,405.31,0.4560546875

483.89,371.33,0.130859375
486.73,372.74,0.328125
489.56,375.58,0.33984375
495.22,376.99,0.357421875
502.3,379.82,0.373046875
507.96,379.82,0.380859375
516.46,379.82,0.39453125
520.71,379.82,0.3984375
524.96,379.82,0.404296875
529.2,379.82,0.4072265625
530.62,379.82,0.4072265625
530.62,378.41,0.4091796875
527.79,378.41,0.376953125
523.54,376.99,0.341796875
519.29,376.99,0.232421875
513.63,376.99,0.0595703125
512.21,376.99,0.0

493.81,375.58,0.0205078125
492.39,375.58,0.3515625
493.81,376.99,0.3515625
496.64,378.41,0.3642578125
505.13,379.82,0.3828125
510.8,381.24,0.388671875
517.88,382.65,0.404296875
523.54,382.65,0.4111328125
530.62,382.65,0.416015625
533.45,382.65,0.4169921875
534.87,382.65,0.416015625
532.04,382.65,0.3779296875
529.2,381.24,0.3154296875
524.96,379.82,0.0703125
523.54,379.82,0.0

499.47,378.41,0.0859375
505.13,376.99,0.359375
512.21,376.99,0.375
519.29,376.99,0.3896484375
527.79,376.99,0.40625
533.45,378.41,0.41015625
537.7,378.41,0.4111328125
539.12,378.41,0.412109375
534.87,378.41,0.365234375
530.62,376.99,0.3251953125
526.37,376.99,0.283203125
522.12,376.99,0.26171875
517.88,376.99,0.2880859375
516.46,376.99,0.314453125
519.29,376.99,0.3505859375
523.54,376.99,0.3623046875
530.62,376.99,0.3720703125
533.45,376.99,0.373046875
534.87,376.99,0.373046875
536.28,376.99,0.37109375
534.87,376.99,0.4140625
532.04,376.99,0.4140625
533.45,378.41,0.3779296875
534.87,378.41,0.3837890625
534.87,381.24,0.3876953125
536.28,381.24,0.388671875
536.28,382.65,0.3896484375
536.28,381.24,0.3935546875
534.87,379.82,0.388671875
533.45,378.41,0.3857421875
533.45,376.99,0.384765625
534.87,376.99,0.3642578125
534.87,378.41,0.3681640625
534.87,376.99,0.3701171875
536.28,375.58,0.3671875
537.7,374.16,0.361328125
539.12,372.74,0.361328125
540.53,372.74,0.361328125
539.12,372.74,0.40234375
537.7,372.74,0.3994140625
540.53,371.33,0.384765625
541.95,369.91,0.3876953125
544.78,367.08,0.39453125
547.61,365.66,0.4013671875
550.44,365.66,0.4072265625
547.61,365.66,0.3271484375
544.78,367.08,0.2783203125
541.95,368.5,0.259765625
539.12,371.33,0.2783203125
536.28,372.74,0.32421875
539.12,372.74,0.3662109375
544.78,369.91,0.392578125
547.61,368.5,0.408203125
550.44,368.5,0.416015625
553.27,367.08,0.419921875
554.69,365.66,0.4208984375
553.27,365.66,0.40625
551.86,367.08,0.3955078125
549.03,368.5,0.3876953125
544.78,369.91,0.3837890625
540.53,372.74,0.384765625
536.28,375.58,0.3857421875
534.87,375.58,0.3916015625
536.28,375.58,0.369140625
537.7,374.16,0.3720703125
541.95,372.74,0.3837890625
547.61,368.5,0.3974609375
553.27,365.66,0.408203125
558.94,364.25,0.4248046875
566.02,361.42,0.4326171875
568.85,360.0,0.431640625
570.27,360.0,0.4296875
568.85,360.0,0.4365234375
564.6,361.42,0.423828125
557.52,365.66,0.4208984375
553.27,368.5,0.4169921875
549.03,369.91,0.4169921875
551.86,368.5,0.3896484375
557.52,365.66,0.400390625
564.6,361.42,0.419921875
570.27,358.58,0.42578125
577.35,355.75,0.4287109375
580.18,354.34,0.4267578125
583.01,354.34,0.3779296875
587.26,352.92,0.01171875

287.08,376.99,0.0927734375
281.42,381.24,0.3212890625
280.0,382.65,0.341796875
281.42,384.07,0.33984375
287.08,384.07,0.341796875
295.58,384.07,0.3447265625
301.24,382.65,0.3447265625
306.9,381.24,0.345703125
311.15,381.24,0.345703125
312.57,381.24,0.3466796875
311.15,381.24,0.3876953125
309.73,381.24,0.392578125
304.07,381.24,0.365234375
298.41,382.65,0.3515625
292.74,384.07,0.3466796875
287.08,384.07,0.345703125
282.83,385.49,0.345703125
278.58,385.49,0.349609375
280.0,385.49,0.314453125
285.66,384.07,0.3271484375
289.91,382.65,0.3291015625
296.99,381.24,0.33203125
302.65,379.82,0.33984375
308.32,379.82,0.3408203125
311.15,378.41,0.3408203125
309.73,378.41,0.3876953125
304.07,378.41,0.3837890625
298.41,379.82,0.380859375
291.33,381.24,0.380859375
285.66,381.24,0.376953125
280.0,382.65,0.376953125
278.58,382.65,0.3759765625
281.42,381.24,0.3212890625
285.66,379.82,0.318359375
292.74,378.41,0.3193359375
299.82,375.58,0.3271484375
305.49,374.16,0.333984375
306.9,374.16,0.333984375
308.32,374.16,0.3330078125
305.49,374.16,0.38671875
302.65,375.58,0.38671875
298.41,376.99,0.384765625
294.16,376.99,0.380859375
289.91,378.41,0.380859375
288.5,378.41,0.380859375
289.91,378.41,0.330078125
292.74,378.41,0.3291015625
301.24,375.58,0.3330078125
304.07,375.58,0.333984375
309.73,374.16,0.3330078125
312.57,372.74,0.333984375
311.15,372.74,0.392578125
309.73,375.58,0.392578125
306.9,378.41,0.3916015625
304.07,381.24,0.390625
306.9,379.82,0.3359375
309.73,375.58,0.3427734375
311.15,374.16,0.341796875
311.15,372.74,0.33984375
311.15,374.16,0.35546875
311.15,376.99,0.3701171875
311.15,379.82,0.376953125
311.15,381.24,0.3759765625
311.15,379.82,0.3701171875
309.73,378.41,0.3603515625
309.73,381.24,0.3623046875
311.15,385.49,0.3681640625
312.57,386.9,0.365234375
312.57,388.32,0.3642578125
312.57,389.73,0.3642578125
312.57,388.32,0.369140625
312.57,386.9,0.3583984375
311.15,386.9,0.3583984375
312.57,388.32,0.337890625
313.98,391.15,0.3544921875
316.81,395.4,0.3544921875
319.65,402.48,0.33203125
322.48,406.73,0.107421875
323.89,408.14,0.001953125

309.73,388.32,0.0
312.57,392.57,0.3388671875
316.81,398.23,0.3525390625
321.06,406.73,0.3662109375
325.31,412.39,0.3720703125
329.56,419.47,0.380859375
332.39,423.72,0.388671875
335.22,426.55,0.3935546875
336.64,427.96,0.392578125
338.05,427.96,0.3896484375
339.47,427.96,0.390625
340.88,427.96,0.3916015625
342.3,427.96,0.392578125
343.72,427.96,0.3955078125
345.13,427.96,0.396484375
346.55,427.96,0.396484375
347.96,427.96,0.400390625
352.21,426.55,0.3994140625
353.63,425.13,0.400390625
356.46,425.13,0.404296875
357.88,423.72,0.404296875
356.46,425.13,0.4404296875
355.04,426.55,0.43359375
353.63,427.96,0.43359375
350.8,430.8,0.4306640625
346.55,432.21,0.43359375
345.13,433.63,0.4345703125
346.55,432.21,0.392578125
349.38,430.8,0.3994140625
352.21,427.96,0.400390625
356.46,426.55,0.40625
359.29,423.72,0.4111328125
360.71,423.72,0.4130859375
362.12,422.3,0.412109375
357.88,423.72,0.44921875
355.04,425.13,0.443359375
353.63,426.55,0.443359375
350.8,426.55,0.443359375
352.21,426.55,0.39453125
355.04,423.72,0.3984375
359.29,422.3,0.3994140625
360.71,422.3,0.400390625
363.54,420.88,0.400390625
364.96,420.88,0.4296875
364.96,425.13,0.4521484375
364.96,427.96,0.4521484375
363.54,430.8,0.4560546875
362.12,433.63,0.458984375
362.12,435.04,0.458984375
362.12,436.46,0.4580078125

329.56,444.96,0.1064453125
328.14,447.79,0.16015625
328.14,450.62,0.1708984375
328.14,452.04,0.171875
328.14,454.87,0.171875
328.14,456.28,0.1640625
330.97,457.7,0.1513671875
332.39,460.53,0.15234375
333.81,461.95,0.1533203125
336.64,464.78,0.16015625
338.05,469.03,0.1611328125
339.47,471.86,0.14453125
340.88,474.69,0.11328125
340.88,476.11,0.0
340.88,478.94,0.0
340.88,480.35,0.0
340.88,481.77,0.0

339.47,490.27,0.0322265625
339.47,498.76,0.1484375
339.47,501.59,0.1669921875
339.47,504.42,0.1728515625
339.47,505.84,0.173828125
339.47,507.26,0.177734375
339.47,508.67,0.1806640625
339.47,510.09,0.1796875
339.47,511.5,0.1611328125
340.88,512.92,0.15625
342.3,514.34,0.15625
343.72,515.75,0.15625
343.72,517.17,0.15625
345.13,520.0,0.1591796875
346.55,521.42,0.1591796875
347.96,522.83,0.158203125
349.38,522.83,0.150390625
349.38,524.25,0.1455078125
350.8,524.25,0.14453125
352.21,524.25,0.1455078125
353.63,524.25,0.1435546875
355.04,524.25,0.140625
356.46,524.25,0.140625
356.46,522.83,0.1416015625
357.88,522.83,0.142578125
359.29,520.0,0.1455078125
360.71,517.17,0.146484375
363.54,515.75,0.142578125
364.96,512.92,0.140625
366.37,510.09,0.1376953125
369.2,507.26,0.1376953125
370.62,504.42,0.1376953125
373.45,501.59,0.138671875
376.28,498.76,0.1572265625
379.12,497.35,0.1630859375
380.53,495.93,0.1640625
381.95,494.51,0.1640625
384.78,493.1,0.162109375
386.19,491.68,0.1611328125
389.03,491.68,0.158203125
389.03,490.27,0.158203125
390.44,490.27,0.1591796875
391.86,490.27,0.16015625
393.27,490.27,0.1640625
396.11,490.27,0.171875
397.52,490.27,0.171875
398.94,490.27,0.1728515625
401.77,490.27,0.1728515625
404.6,488.85,0.171875
406.02,488.85,0.171875
407.43,488.85,0.1708984375
410.27,487.43,0.171875
413.1,487.43,0.1728515625
415.93,486.02,0.1728515625
417.35,486.02,0.173828125
418.76,486.02,0.173828125
420.18,484.6,0.173828125
421.59,483.19,0.1748046875
423.01,483.19,0.17578125
423.01,481.77,0.1796875
424.42,480.35,0.185546875
424.42,478.94,0.1904296875
424.42,477.52,0.2021484375
424.42,476.11,0.2041015625
424.42,474.69,0.2099609375
424.42,473.27,0.2099609375
423.01,470.44,0.2099609375
423.01,469.03,0.2099609375
421.59,466.19,0.208984375
420.18,464.78,0.2041015625
418.76,463.36,0.2001953125
418.76,460.53,0.1982421875
417.35,459.12,0.1904296875
417.35,457.7,0.19140625
417.35,456.28,0.19140625
417.35,454.87,0.19140625
417.35,453.45,0.1923828125
415.93,452.04,0.1923828125
415.93,449.2,0.1943359375
414.51,446.37,0.1953125
414.51,444.96,0.1953125
414.51,443.54,0.1943359375
414.51,442.12,0.193359375
414.51,440.71,0.1923828125
414.51,439.29,0.19140625
414.51,436.46,0.1904296875
414.51,435.04,0.1904296875
414.51,433.63,0.189453125
415.93,433.63,0.1865234375
415.93,432.21,0.19140625
415.93,430.8,0.2021484375
415.93,429.38,0.19921875
415.93,427.96,0.0

434.34,430.8,0.0947265625
437.17,433.63,0.162109375
441.42,436.46,0.1923828125
442.83,440.71,0.21484375
444.25,443.54,0.2265625
447.08,447.79,0.23828125
448.5,452.04,0.2392578125
449.91,456.28,0.2392578125
451.33,459.12,0.2333984375
452.74,461.95,0.23046875
454.16,463.36,0.228515625
455.58,464.78,0.2216796875
455.58,466.19,0.2216796875
458.41,467.61,0.22265625
459.82,469.03,0.22265625
461.24,471.86,0.2158203125
462.65,473.27,0.21484375
465.49,476.11,0.208984375
466.9,477.52,0.2080078125
471.15,480.35,0.20703125
473.98,481.77,0.203125
476.81,483.19,0.1875
482.48,484.6,0.16015625
485.31,484.6,0.13671875
490.97,486.02,0.12109375
493.81,486.02,0.103515625
495.22,487.43,0.095703125
498.05,487.43,0.0830078125
498.05,488.85,0.0830078125
499.47,488.85,0.08203125
500.88,490.27,0.080078125
502.3,491.68,0.083984375
503.72,491.68,0.0810546875
506.55,493.1,0.0849609375
509.38,494.51,0.083984375
513.63,494.51,0.08984375
516.46,497.35,0.0908203125
519.29,498.76,0.0908203125
520.71,500.18,0.091796875
523.54,501.59,0.0966796875
524.96,503.01,0.1103515625
526.37,503.01,0.1162109375
526.37,504.42,0.1162109375
527.79,504.42,0.115234375
529.2,505.84,0.115234375
530.62,505.84,0.1162109375
532.04,507.26,0.1123046875
533.45,507.26,0.1181640625
534.87,508.67,0.1171875
536.28,510.09,0.1181640625
537.7,510.09,0.1328125
539.12,511.5,0.142578125
540.53,511.5,0.162109375
540.53,512.92,0.1611328125
540.53,511.5,0.0

462.65,277.88,0.06640625
461.24,283.54,0.109375
461.24,289.2,0.1103515625
459.82,297.7,0.1123046875
459.82,303.36,0.11328125
459.82,310.44,0.11328125
461.24,314.69,0.1083984375
462.65,317.52,0.1064453125
464.07,320.35,0.1025390625
465.49,321.77,0.1015625
466.9,323.19,0.099609375
468.32,324.6,0.09375
471.15,326.02,0.0947265625
475.4,327.43,0.09375
479.65,330.27,0.0927734375
482.48,330.27,0.0927734375
486.73,331.68,0.087890625
488.14,333.1,0.078125
489.56,333.1,0.078125
490.97,333.1,0.0732421875
492.39,333.1,0.083984375
492.39,334.51,0.0810546875
493.81,334.51,0.080078125
493.81,335.93,0.080078125
495.22,335.93,0.0859375
495.22,337.35,0.0927734375
496.64,337.35,0.0966796875
498.05,337.35,0.1015625

282.83,386.9,0.0869140625
281.42,386.9,0.2783203125
282.83,386.9,0.2607421875
288.5,385.49,0.2919921875
292.74,385.49,0.30859375
298.41,385.49,0.3125
302.65,386.9,0.3125
304.07,386.9,0.3125
305.49,386.9,0.3134765625
302.65,386.9,0.337890625
298.41,386.9,0.3134765625
294.16,388.32,0.29296875
288.5,388.32,0.2763671875
281.42,389.73,0.2783203125
275.75,389.73,0.2783203125
270.09,389.73,0.29296875
265.84,389.73,0.2978515625
263.01,391.15,0.3115234375
264.42,389.73,0.283203125
270.09,388.32,0.2978515625
274.34,388.32,0.310546875
282.83,386.9,0.3193359375
287.08,386.9,0.3193359375
291.33,386.9,0.3193359375
294.16,386.9,0.3193359375
295.58,386.9,0.3193359375
294.16,386.9,0.357421875
289.91,386.9,0.3193359375
281.42,386.9,0.27734375
275.75,388.32,0.255859375
268.67,388.32,0.255859375
261.59,389.73,0.26171875
257.35,389.73,0.267578125
255.93,389.73,0.2724609375
254.51,389.73,0.2880859375
257.35,388.32,0.2890625
260.18,386.9,0.3076171875
268.67,385.49,0.318359375
275.75,384.07,0.326171875
282.83,384.07,0.3291015625
288.5,382.65,0.3291015625
295.58,382.65,0.330078125
296.99,382.65,0.333984375
298.41,382.65,0.3330078125
296.99,382.65,0.3681640625
295.58,382.65,0.359375
294.16,382.65,0.3486328125
287.08,382.65,0.326171875
278.58,382.65,0.298828125
271.5,384.07,0.2978515625
261.59,386.9,0.306640625
255.93,386.9,0.306640625
251.68,388.32,0.3134765625
250.27,388.32,0.3212890625
250.27,386.9,0.30859375
257.35,385.49,0.3095703125
264.42,385.49,0.318359375
272.92,384.07,0.33203125
281.42,384.07,0.3388671875
291.33,384.07,0.33984375
296.99,384.07,0.33984375
302.65,384.07,0.3408203125
304.07,384.07,0.3369140625
304.07,382.65,0.3369140625
302.65,382.65,0.359375
301.24,382.65,0.36328125
302.65,382.65,0.3154296875
305.49,382.65,0.31640625
306.9,381.24,0.32421875
306.9,382.65,0.3330078125
308.32,382.65,0.333984375
306.9,381.24,0.3525390625
305.49,379.82,0.353515625
305.49,378.41,0.353515625
306.9,378.41,0.328125
306.9,379.82,0.3349609375
309.73,381.24,0.34765625
308.32,379.82,0.361328125
308.32,378.41,0.359375
306.9,376.99,0.35546875
306.9,375.58,0.3564453125
308.32,376.99,0.3408203125
309.73,378.41,0.3486328125
311.15,381.24,0.3505859375
312.57,382.65,0.3525390625
309.73,379.82,0.3564453125
306.9,376.99,0.353515625
305.49,374.16,0.353515625
305.49,375.58,0.3447265625
306.9,376.99,0.34765625
309.73,379.82,0.3466796875
311.15,381.24,0.3193359375
312.57,381.24,0.060546875

343.72,432.21,0.130859375
347.96,432.21,0.2822265625
350.8,432.21,0.2958984375
355.04,430.8,0.30859375
357.88,429.38,0.3125
360.71,427.96,0.3212890625
362.12,427.96,0.3212890625
357.88,427.96,0.3154296875
355.04,429.38,0.3076171875
353.63,430.8,0.30859375
352.21,432.21,0.318359375
353.63,430.8,0.2705078125
356.46,429.38,0.283203125
359.29,427.96,0.30078125
360.71,426.55,0.3017578125
362.12,425.13,0.3125
363.54,425.13,0.3154296875
362.12,426.55,0.3671875
362.12,427.96,0.365234375
360.71,429.38,0.365234375
359.29,432.21,0.3642578125
360.71,432.21,0.333984375
363.54,426.55,0.345703125
364.96,425.13,0.3466796875
364.96,423.72,0.3466796875
364.96,425.13,0.3740234375
363.54,427.96,0.369140625
362.12,432.21,0.3681640625
360.71,436.46,0.3701171875
360.71,437.88,0.375
360.71,440.71,0.3720703125
360.71,442.12,0.373046875
362.12,443.54,0.3642578125
363.54,443.54,0.369140625
364.96,443.54,0.3740234375
366.37,444.96,0.380859375
367.79,444.96,0.388671875
367.79,446.37,0.392578125
369.2,446.37,0.392578125
370.62,446.37,0.390625
372.04,446.37,0.3916015625
373.45,446.37,0.3935546875
376.28,444.96,0.3955078125
377.7,444.96,0.3974609375
380.53,444.96,0.400390625
381.95,443.54,0.400390625
384.78,443.54,0.4013671875
387.61,442.12,0.404296875
391.86,440.71,0.404296875
393.27,440.71,0.404296875
396.11,439.29,0.4130859375
397.52,437.88,0.416015625
400.35,437.88,0.416015625
401.77,436.46,0.416015625
403.19,436.46,0.41796875
404.6,436.46,0.4189453125
406.02,435.04,0.4189453125
407.43,435.04,0.4208984375
407.43,433.63,0.4208984375
408.85,433.63,0.4208984375
410.27,433.63,0.4189453125
411.68,433.63,0.4169921875
411.68,432.21,0.4169921875
413.1,432.21,0.4169921875
414.51,432.21,0.4169921875
414.51,430.8,0.4169921875
415.93,430.8,0.4169921875
414.51,430.8,0.4306640625
410.27,432.21,0.4072265625
407.43,433.63,0.4072265625
403.19,436.46,0.404296875
398.94,437.88,0.4033203125
396.11,437.88,0.408203125
394.69,439.29,0.4072265625
393.27,439.29,0.4072265625
394.69,439.29,0.3759765625
398.94,437.88,0.3857421875
403.19,436.46,0.3876953125
407.43,435.04,0.388671875
410.27,433.63,0.390625
411.68,433.63,0.390625
410.27,433.63,0.4169921875
406.02,435.04,0.3994140625
401.77,436.46,0.3935546875
396.11,439.29,0.3935546875
390.44,442.12,0.3896484375
383.36,444.96,0.3896484375
380.53,446.37,0.3935546875
379.12,446.37,0.39453125
381.95,444.96,0.3701171875
387.61,443.54,0.37109375
391.86,442.12,0.3740234375
396.11,440.71,0.3779296875
403.19,437.88,0.380859375
407.43,436.46,0.380859375
410.27,435.04,0.3818359375
411.68,435.04,0.3818359375
413.1,435.04,0.3818359375
411.68,435.04,0.39453125
410.27,435.04,0.380859375
407.43,435.04,0.373046875
401.77,435.04,0.3515625
397.52,436.46,0.3505859375
393.27,437.88,0.3525390625
387.61,440.71,0.3515625
386.19,442.12,0.3603515625
387.61,442.12,0.3291015625
391.86,440.71,0.33984375
398.94,439.29,0.3486328125
406.02,436.46,0.36328125
413.1,432.21,0.365234375
417.35,430.8,0.369140625
420.18,429.38,0.357421875
421.59,427.96,0.2822265625
421.59,426.55,0.1767578125

318.23,379.82,0.087890625
319.65,376.99,0.3447265625
323.89,374.16,0.3544921875
328.14,369.91,0.3583984375
333.81,364.25,0.369140625
339.47,360.0,0.3779296875
343.72,355.75,0.376953125
347.96,352.92,0.3837890625
350.8,350.09,0.38671875
353.63,348.67,0.3876953125
356.46,347.26,0.39453125
357.88,344.42,0.3994140625
360.71,343.01,0.400390625
362.12,341.59,0.4033203125
363.54,341.59,0.4072265625
363.54,340.18,0.4072265625
364.96,340.18,0.408203125
366.37,338.76,0.41015625
366.37,337.35,0.4091796875
367.79,337.35,0.408203125
369.2,335.93,0.412109375
369.2,334.51,0.412109375
370.62,334.51,0.4111328125
370.62,333.1,0.408203125
372.04,333.1,0.408203125
373.45,331.68,0.40625
374.87,331.68,0.4052734375
376.28,330.27,0.4013671875
377.7,330.27,0.4033203125
379.12,328.85,0.404296875
380.53,328.85,0.408203125
381.95,328.85,0.4052734375
383.36,328.85,0.404296875
383.36,327.43,0.404296875
386.19,327.43,0.4072265625
389.03,327.43,0.408203125
390.44,327.43,0.4091796875
393.27,327.43,0.4091796875
396.11,328.85,0.4091796875
397.52,328.85,0.408203125
400.35,328.85,0.4072265625
401.77,328.85,0.4072265625
403.19,328.85,0.4072265625
404.6,328.85,0.408203125
406.02,328.85,0.41015625
406.02,330.27,0.412109375
407.43,330.27,0.412109375
408.85,330.27,0.412109375
410.27,330.27,0.412109375
411.68,330.27,0.4111328125
413.1,330.27,0.4111328125
411.68,330.27,0.26953125

479.65,396.81,0.0732421875
479.65,399.65,0.126953125
478.23,402.48,0.1416015625
478.23,405.31,0.1552734375
478.23,406.73,0.1591796875
478.23,409.56,0.16796875
478.23,412.39,0.1796875
478.23,415.22,0.181640625
478.23,418.05,0.181640625
479.65,420.88,0.181640625
479.65,422.3,0.177734375
481.06,423.72,0.1708984375
482.48,426.55,0.162109375
485.31,427.96,0.162109375
486.73,430.8,0.1611328125
489.56,433.63,0.1513671875
492.39,437.88,0.1474609375
496.64,442.12,0.12890625
499.47,446.37,0.1162109375
505.13,452.04,0.0830078125
507.96,453.45,0.0
510.8,456.28,0.0

360.71,331.68,0.0615234375
355.04,326.02,0.1953125
352.21,324.6,0.205078125
347.96,320.35,0.216796875
345.13,318.94,0.2177734375
336.64,314.69,0.2255859375
329.56,311.86,0.2294921875
316.81,310.44,0.1064453125
313.98,310.44,0.0087890625

312.57,413.81,0.0810546875
306.9,416.64,0.1787109375
302.65,419.47,0.1796875
294.16,426.55,0.1748046875
285.66,432.21,0.1708984375
277.17,439.29,0.1416015625
268.67,447.79,0.005859375

373.45,454.87,0.0693359375
373.45,456.28,0.1240234375
372.04,459.12,0.107421875
370.62,466.19,0.095703125
369.2,473.27,0.09765625
367.79,478.94,0.1005859375
366.37,486.02,0.1005859375
366.37,491.68,0.0947265625
366.37,495.93,0.0

421.59,318.94,0.099609375
420.18,317.52,0.224609375
418.76,314.69,0.224609375
417.35,310.44,0.23046875
415.93,304.78,0.228515625
414.51,300.53,0.2275390625
413.1,294.87,0.22265625
413.1,290.62,0.2119140625
411.68,283.54,0.2001953125
411.68,279.29,0.185546875
411.68,276.46,0.0009765625
411.68,275.04,0.0

396.11,310.44,0.0517578125
394.69,307.61,0.1552734375
393.27,304.78,0.15625
393.27,301.95,0.1552734375
393.27,297.7,0.1494140625
393.27,293.45,0.1474609375
393.27,289.2,0.1435546875
393.27,287.79,0.146484375
393.27,284.96,0.142578125
393.27,286.37,0.1259765625
394.69,287.79,0.125
394.69,290.62,0.1240234375
396.11,293.45,0.1220703125
396.11,294.87,0.1201171875
396.11,293.45,0.11328125
396.11,292.04,0.115234375
396.11,290.62,0.109375
396.11,287.79,0.0

398.94,282.12,0.0283203125
398.94,287.79,0.0859375
400.35,290.62,0.0986328125
400.35,292.04,0.1025390625

400.35,269.38,0.0517578125
400.35,275.04,0.1240234375
400.35,280.71,0.1474609375
400.35,286.37,0.1748046875
400.35,290.62,0.1806640625
400.35,293.45,0.1845703125
401.77,293.45,0.18359375

406.02,273.63,0.0439453125
404.6,282.12,0.1376953125
404.6,286.37,0.1416015625
406.02,289.2,0.14453125
406.02,292.04,0.134765625

411.68,276.46,0.03515625
411.68,283.54,0.125
411.68,286.37,0.12890625
413.1,289.2,0.130859375

415.93,275.04,0.0390625
415.93,282.12,0.107421875
417.35,284.96,0.1318359375
417.35,289.2,0.1474609375
417.35,290.62,0.15234375
417.35,292.04,0.15625
418.76,290.62,0.0

420.18,280.71,0.046875
421.59,287.79,0.1455078125
421.59,289.2,0.1533203125
423.01,290.62,0.154296875
423.01,292.04,0.154296875
423.01,290.62,0.00390625

424.42,280.71,0.0478515625
425.84,289.2,0.140625
425.84,292.04,0.1416015625

370.62,303.36,0.060546875
373.45,306.19,0.1630859375
376.28,309.03,0.171875
379.12,313.27,0.1728515625
381.95,316.11,0.1728515625
383.36,318.94,0.1650390625

366.37,313.27,0.0654296875
374.87,317.52,0.1474609375
377.7,318.94,0.1552734375
379.12,320.35,0.15625
379.12,321.77,0.1064453125

366.37,321.77,0.080078125
370.62,323.19,0.2060546875
373.45,323.19,0.2001953125
374.87,323.19,0.1953125
374.87,324.6,0.0986328125

366.37,321.77,0.0537109375
364.96,324.6,0.083984375
363.54,324.6,0.1572265625
366.37,324.6,0.1923828125
367.79,324.6,0.193359375
369.2,326.02,0.1904296875
370.62,327.43,0.0

359.29,331.68,0.0986328125
360.71,331.68,0.2373046875
362.12,331.68,0.2490234375
364.96,331.68,0.2529296875
367.79,331.68,0.2470703125
370.62,331.68,0.23828125

356.46,334.51,0.0830078125
359.29,334.51,0.2236328125
363.54,333.1,0.2353515625
366.37,333.1,0.240234375
369.2,331.68,0.2275390625
372.04,331.68,0.2138671875

360.71,348.67,0.0947265625
356.46,355.75,0.16796875
353.63,360.0,0.1884765625
352.21,362.83,0.181640625
350.8,364.25,0.16796875

367.79,348.67,0.0712890625
362.12,358.58,0.21875
359.29,364.25,0.240234375
356.46,368.5,0.248046875
353.63,372.74,0.2431640625
352.21,375.58,0.2265625

367.79,358.58,0.0615234375
364.96,364.25,0.1826171875
363.54,367.08,0.1953125
360.71,371.33,0.1962890625
359.29,375.58,0.193359375
357.88,381.24,0.1748046875
357.88,384.07,0.1416015625
356.46,385.49,0.1044921875

373.45,357.17,0.0732421875
369.2,371.33,0.1923828125
369.2,378.41,0.2080078125
367.79,386.9,0.220703125
366.37,393.98,0.2275390625
364.96,401.06,0.21875
364.96,403.89,0.2080078125
366.37,403.89,0.0029296875

377.7,360.0,0.08203125
376.28,368.5,0.1943359375
374.87,378.41,0.2080078125
374.87,386.9,0.2109375
373.45,393.98,0.2099609375
372.04,401.06,0.19921875
372.04,403.89,0.1552734375

383.36,362.83,0.056640625
381.95,368.5,0.1669921875
381.95,372.74,0.1748046875
381.95,378.41,0.1845703125
381.95,384.07,0.189453125
381.95,392.57,0.189453125
381.95,395.4,0.1787109375
380.53,396.81,0.1533203125
381.95,396.81,0.0

389.03,362.83,0.0615234375
387.61,368.5,0.1650390625
387.61,371.33,0.1826171875
387.61,376.99,0.19921875
387.61,382.65,0.2041015625
387.61,388.32,0.203125
387.61,389.73,0.1982421875

391.86,364.25,0.072265625
393.27,371.33,0.17578125
393.27,375.58,0.1982421875
393.27,379.82,0.208984375
393.27,384.07,0.2119140625
393.27,385.49,0.2119140625

398.94,364.25,0.0791015625
398.94,369.91,0.1396484375
398.94,375.58,0.146484375
400.35,378.41,0.1484375
400.35,381.24,0.1494140625
400.35,382.65,0.1494140625
400.35,381.24,0.0

401.77,367.08,0.0615234375
401.77,372.74,0.1259765625
401.77,375.58,0.1376953125
401.77,378.41,0.1455078125
401.77,381.24,0.146484375

406.02,364.25,0.072265625
406.02,369.91,0.1591796875
406.02,371.33,0.1591796875
406.02,374.16,0.1630859375
404.6,375.58,0.1669921875
406.02,372.74,0.0068359375
406.02,371.33,0.0

406.02,364.25,0.0791015625
407.43,360.0,0.1220703125
407.43,362.83,0.1474609375
407.43,365.66,0.162109375
407.43,371.33,0.1875
407.43,374.16,0.203125
407.43,375.58,0.2001953125
407.43,374.16,0.0986328125
408.85,371.33,0.013671875
408.85,365.66,0.0

406.02,364.25,0.0302734375

406.02,364.25,0.0302734375
408.85,360.0,0.11328125
410.27,362.83,0.158203125
410.27,368.5,0.1806640625
410.27,372.74,0.201171875
410.27,376.99,0.2060546875
410.27,378.41,0.2060546875
410.27,379.82,0.2060546875
410.27,378.41,0.111328125
410.27,374.16,0.00390625

413.1,354.34,0.0576171875
414.51,360.0,0.1513671875
414.51,365.66,0.181640625
415.93,371.33,0.208984375
415.93,378.41,0.2255859375
415.93,381.24,0.220703125
415.93,384.07,0.212890625
415.93,382.65,0.0849609375
417.35,378.41,0.03515625
417.35,376.99,0.0

417.35,351.5,0.037109375
418.76,360.0,0.0859375
418.76,365.66,0.1015625
418.76,369.91,0.1015625
418.76,372.74,0.0771484375
420.18,372.74,0.0576171875

428.67,360.0,0.048828125
431.5,364.25,0.1025390625
431.5,365.66,0.1025390625

464.07,408.14,0.0986328125
468.32,418.05,0.197265625
471.15,420.88,0.203125
473.98,426.55,0.2041015625
475.4,429.38,0.1904296875
475.4,430.8,0.130859375

466.9,425.13,0.04296875
469.73,430.8,0.0966796875
471.15,433.63,0.0966796875
471.15,436.46,0.09765625
471.15,437.88,0.0

465.49,432.21,0.0498046875
468.32,437.88,0.16796875
468.32,439.29,0.1689453125
469.73,442.12,0.17578125
471.15,444.96,0.1806640625
469.73,443.54,0.0673828125
468.32,442.12,0.0

461.24,430.8,0.03515625
461.24,433.63,0.265625
462.65,436.46,0.271484375
462.65,440.71,0.2822265625
464.07,443.54,0.2861328125
464.07,444.96,0.28515625
464.07,443.54,0.0478515625

458.41,430.8,0.064453125
459.82,437.88,0.169921875
461.24,440.71,0.203125
462.65,443.54,0.21484375
462.65,446.37,0.2158203125

454.16,433.63,0.0654296875
454.16,439.29,0.1865234375
455.58,443.54,0.2041015625
458.41,447.79,0.212890625
459.82,450.62,0.2099609375
459.82,452.04,0.205078125
459.82,453.45,0.169921875

454.16,439.29,0.0439453125
455.58,444.96,0.099609375
456.99,449.2,0.1220703125
459.82,454.87,0.1298828125
459.82,456.28,0.12890625

455.58,446.37,0.0625
459.82,454.87,0.1455078125
461.24,456.28,0.134765625
462.65,457.7,0.0458984375

219.12,457.7,0.04296875
226.19,453.45,0.1240234375
227.61,453.45,0.12109375
229.03,452.04,0.1201171875
230.44,450.62,0.0

220.53,460.53,0.0830078125
227.61,456.28,0.12890625
229.03,454.87,0.125
230.44,454.87,0.115234375

220.53,463.36,0.0439453125
226.19,459.12,0.1162109375
229.03,459.12,0.1162109375
231.86,457.7,0.1181640625
233.27,456.28,0.0087890625

223.36,466.19,0.0615234375
226.19,466.19,0.1142578125
227.61,464.78,0.1201171875
231.86,464.78,0.12109375
233.27,463.36,0.12109375
234.69,463.36,0.0927734375

221.95,471.86,0.06640625
224.78,470.44,0.150390625
229.03,469.03,0.1552734375
230.44,467.61,0.15625
233.27,467.61,0.1533203125
234.69,466.19,0.0048828125

224.78,477.52,0.0927734375
233.27,474.69,0.1162109375
236.11,473.27,0.0

233.27,483.19,0.0361328125

233.27,483.19,0.05078125
240.35,481.77,0.0791015625
243.19,480.35,0.078125
244.6,480.35,0.0

236.11,487.43,0.0419921875
243.19,484.6,0.0810546875
246.02,483.19,0.0

423.01,289.2,0.07421875
424.42,283.54,0.0
425.84,280.71,0.0

428.67,287.79,0.017578125
430.09,282.12,0.0595703125
430.09,279.29,0.0556640625
431.5,275.04,0.001953125

431.5,286.37,0.0546875
431.5,277.88,0.1025390625
432.92,273.63,0.0927734375
432.92,272.21,0.0

435.75,279.29,0.029296875
438.58,270.8,0.07421875
440.0,267.96,0.00390625

