165.94,711.49,0.015625
165.15,711.49,0.0185546875

165.94,711.49,0.013671875
164.36,712.28,0.0302734375
163.56,713.07,0.0322265625
163.56,713.86,0.0009765625

160.4,716.24,0.013671875
160.4,715.45,0.1396484375
160.4,713.86,0.3876953125
160.4,711.49,0.38671875
161.19,707.52,0.3837890625
163.56,701.98,0.3779296875
165.94,694.85,0.3662109375
169.11,686.14,0.3466796875
173.86,673.47,0.2578125
175.45,665.54,0.1796875
176.24,660.79,0.0859375
176.24,660.0,0.029296875

171.49,664.75,0.01953125
170.69,667.13,0.0810546875
169.11,671.09,0.1357421875
166.73,679.01,0.2021484375
165.94,686.14,0.2099609375
165.15,692.48,0.1943359375
165.15,697.23,0.0830078125

182.57,660.79,0.181640625
181.78,663.17,0.193359375
178.61,671.88,0.2587890625
172.28,691.68,0.2802734375
168.32,704.36,0.28125
165.94,713.07,0.2744140625
165.94,718.61,0.1669921875

180.99,668.71,0.193359375
179.41,671.09,0.2158203125
176.24,679.01,0.248046875
173.86,689.31,0.27734375
171.49,698.81,0.2919921875
170.69,708.32,0.275390625
170.69,709.9,0.2392578125
171.49,709.9,0.0009765625

177.82,686.93,0.0986328125
177.03,689.31,0.2705078125
176.24,692.48,0.2900390625
173.07,705.94,0.3310546875
171.49,713.86,0.3544921875
170.69,718.61,0.3583984375
170.69,720.99,0.310546875
172.28,719.41,0.2255859375
177.03,708.32,0.1240234375
180.2,700.4,0.1162109375
180.2,696.44,0.1845703125
179.41,701.19,0.3505859375
177.03,712.28,0.36328125
176.24,719.41,0.3642578125
175.45,724.16,0.36328125
175.45,725.74,0.341796875
175.45,724.16,0.228515625
177.82,717.03,0.1669921875
180.2,708.32,0.1064453125
182.57,701.98,0.1015625
183.37,699.6,0.1220703125
183.37,702.77,0.255859375
182.57,709.9,0.2978515625
180.2,717.03,0.3125
178.61,724.95,0.3173828125
178.61,726.53,0.314453125
178.61,722.57,0.080078125
180.2,718.61,0.0029296875

184.16,695.64,0.0546875
184.16,697.23,0.1552734375
180.99,707.52,0.2392578125
179.41,715.45,0.27734375
177.82,722.57,0.3046875
176.24,728.12,0.3125
176.24,729.7,0.30078125
176.24,726.53,0.1142578125
177.82,721.78,0.0595703125

185.74,679.8,0.01171875
185.74,667.92,0.109375
184.95,670.3,0.2626953125
183.37,675.05,0.2744140625
180.2,686.93,0.296875
176.24,699.6,0.32421875
172.28,716.24,0.3525390625
171.49,721.78,0.330078125
171.49,722.57,0.275390625
173.86,715.45,0.0

186.53,661.58,0.0712890625
184.95,663.17,0.1064453125
182.57,667.13,0.1328125
172.28,686.14,0.2255859375
165.15,699.6,0.26953125
158.81,711.49,0.3125
155.64,719.41,0.326171875
157.23,720.99,0.19140625
164.36,710.69,0.1064453125
180.2,679.8,0.041015625
184.95,667.92,0.0

192.87,637.82,0.017578125
193.66,633.07,0.029296875
193.66,629.9,0.15625
189.7,637.82,0.2685546875
185.74,651.29,0.314453125
177.82,674.26,0.3583984375
173.86,689.31,0.3828125
171.49,700.4,0.3828125
171.49,704.36,0.2880859375
175.45,701.19,0.1787109375
178.61,695.64,0.0986328125

199.21,620.4,0.1796875
196.83,628.32,0.22265625
191.29,648.91,0.28515625
182.57,679.8,0.3837890625
179.41,694.85,0.4033203125
178.61,703.56,0.3984375
180.99,704.36,0.181640625
182.57,700.4,0.0224609375

204.75,620.4,0.21484375
199.21,638.61,0.2958984375
189.7,670.3,0.3603515625
185.74,683.76,0.35546875
184.16,691.68,0.3271484375
183.37,691.68,0.005859375

218.22,595.84,0.234375
212.67,603.76,0.251953125
207.13,618.81,0.3046875
200.0,638.61,0.3544921875
193.66,660.79,0.35546875
188.12,679.01,0.3564453125
184.95,694.06,0.3359375
184.95,694.85,0.3095703125
185.74,690.1,0.0107421875

220.59,590.3,0.1689453125
218.22,592.67,0.228515625
211.09,608.51,0.294921875
207.92,615.64,0.3232421875
200.79,633.07,0.361328125
194.46,651.29,0.3740234375
188.91,669.5,0.3720703125
188.12,672.67,0.3505859375
188.12,671.09,0.1806640625
188.91,667.13,0.0341796875

218.22,558.61,0.1611328125
217.43,561.78,0.2646484375
215.05,570.5,0.3173828125
207.92,594.26,0.3603515625
202.38,613.27,0.3671875
197.62,630.69,0.361328125
193.66,643.37,0.3603515625
192.08,649.7,0.3525390625
192.08,650.5,0.337890625
193.66,644.95,0.0849609375

226.93,542.77,0.0185546875
225.35,553.07,0.27734375
220.59,569.7,0.3388671875
214.26,590.3,0.369140625
207.13,612.48,0.3798828125
200.79,640.2,0.369140625
199.21,648.91,0.3125
199.21,651.29,0.234375

277.62,416.83,0.0
276.83,416.83,0.1611328125
276.04,416.83,0.1767578125
274.46,416.04,0.0751953125
273.66,416.04,0.0068359375
273.66,415.25,0.0361328125
273.66,414.46,0.0322265625
274.46,412.08,0.0224609375
275.25,411.29,0.0

275.25,403.37,0.015625
275.25,402.57,0.052734375
275.25,401.78,0.0986328125
272.87,415.25,0.3388671875
268.91,431.09,0.3388671875
265.74,442.18,0.3330078125
263.37,453.27,0.3251953125
260.99,468.32,0.3046875
259.41,477.03,0.18359375

269.7,453.27,0.115234375
266.53,461.19,0.1533203125
261.78,472.28,0.216796875
256.24,486.53,0.248046875
249.11,502.38,0.2607421875
241.19,518.22,0.267578125
229.31,540.4,0.248046875
223.76,550.69,0.197265625
221.39,553.07,0.0966796875

238.02,520.59,0.16796875
235.64,528.51,0.1982421875
233.27,538.81,0.232421875
229.31,557.82,0.25390625
226.93,569.7,0.2509765625
225.35,577.62,0.2490234375
224.55,580.0,0.1669921875

239.6,526.14,0.0673828125
236.44,531.68,0.1201171875
230.1,546.73,0.1689453125
224.55,560.99,0.2353515625
219.8,573.66,0.2841796875
213.47,591.09,0.291015625
209.5,599.8,0.2880859375
207.13,604.55,0.2685546875
206.34,606.14,0.2548828125
205.54,606.14,0.1787109375

207.92,594.26,0.041015625
207.92,595.84,0.0869140625
207.92,599.01,0.1220703125
207.92,600.59,0.13671875
207.13,603.76,0.1611328125
207.13,606.14,0.173828125
207.13,607.72,0.1806640625
207.92,603.76,0.1611328125
210.3,596.63,0.173828125
215.05,582.38,0.177734375
218.22,571.29,0.177734375
221.39,557.82,0.1787109375
224.55,543.56,0.1787109375
229.31,527.72,0.189453125
237.23,500.79,0.2021484375
242.77,484.95,0.203125
245.15,473.86,0.2021484375
245.94,465.94,0.205078125
246.73,459.6,0.236328125
248.32,454.85,0.2421875
249.9,450.89,0.2275390625
249.9,448.51,0.1689453125
249.9,449.31,0.1025390625
246.73,460.4,0.046875
245.15,469.9,0.05859375
243.56,480.99,0.0361328125
241.98,491.29,0.0341796875
238.81,502.38,0.1103515625
238.02,505.54,0.154296875
239.6,499.21,0.103515625
242.77,488.91,0.1044921875
249.11,468.32,0.087890625
254.65,453.27,0.07421875
257.82,446.93,0.0185546875

248.32,483.37,0.0107421875
244.36,500.0,0.0087890625
241.98,507.92,0.013671875
240.4,511.88,0.009765625

260.99,462.77,0.04296875
259.41,465.94,0.0966796875
255.45,477.82,0.1806640625
250.69,492.08,0.2412109375
245.15,509.5,0.27734375
238.81,533.27,0.326171875
236.44,544.36,0.3271484375
235.64,547.52,0.2939453125
237.23,541.98,0.0185546875

264.95,465.15,0.0068359375
262.57,469.9,0.2041015625
257.03,481.78,0.265625
246.73,510.3,0.3291015625
240.4,530.1,0.3583984375
234.85,545.94,0.37109375
230.89,557.03,0.3681640625
229.31,563.37,0.36328125
228.51,564.95,0.3525390625
228.51,562.57,0.1845703125
230.1,555.45,0.1748046875
230.89,548.32,0.1748046875
231.68,540.4,0.1796875
234.06,529.31,0.189453125
237.23,521.39,0.2060546875
240.4,513.47,0.2255859375
243.56,503.96,0.2421875
246.73,489.7,0.2509765625
249.11,480.2,0.26171875
250.69,469.9,0.2646484375
253.07,459.6,0.2646484375
258.61,442.97,0.267578125
261.78,431.09,0.2685546875
263.37,421.58,0.2705078125
263.37,412.87,0.2705078125
263.37,404.95,0.2705078125
262.57,394.65,0.271484375
261.78,388.32,0.271484375
260.2,382.77,0.2734375
260.2,378.02,0.2705078125
258.61,372.48,0.2734375
258.61,370.1,0.27734375
258.61,367.72,0.2783203125
258.61,365.35,0.2626953125
259.41,364.55,0.22265625

277.62,411.29,0.0849609375
279.21,405.74,0.267578125
281.58,400.2,0.28515625
283.17,392.28,0.3056640625
285.54,383.56,0.3125
287.13,366.14,0.314453125
287.92,352.67,0.3154296875
287.92,340.79,0.310546875
288.71,333.66,0.298828125
288.71,331.29,0.2939453125
288.71,332.08,0.2880859375
287.92,336.83,0.275390625
287.13,343.17,0.28125
287.13,349.5,0.2880859375
287.13,353.47,0.3056640625
287.13,355.05,0.31640625
287.13,352.67,0.294921875
287.92,346.34,0.2841796875
288.71,337.62,0.2763671875
288.71,324.95,0.275390625
288.71,317.82,0.275390625
287.13,313.07,0.2734375
287.13,317.03,0.3037109375
287.92,321.78,0.322265625
287.92,324.95,0.322265625
288.71,325.74,0.3193359375
288.71,324.95,0.3056640625
290.3,317.03,0.2919921875
291.09,313.07,0.2919921875
293.47,303.56,0.2841796875
294.26,293.27,0.283203125
294.26,280.59,0.27734375
294.26,275.84,0.2783203125
294.26,274.26,0.28125
295.05,275.05,0.3046875
295.05,276.63,0.3046875
295.84,277.43,0.3037109375
295.84,276.63,0.287109375
296.63,272.67,0.25390625
297.43,265.54,0.2275390625
298.22,258.42,0.212890625
298.22,251.29,0.205078125
298.22,242.57,0.1396484375
297.43,240.99,0.1376953125
297.43,240.2,0.15625
297.43,238.61,0.2294921875
298.22,235.45,0.232421875
299.01,228.32,0.2353515625
299.8,222.77,0.2431640625
299.8,218.02,0.2685546875
299.8,215.64,0.2705078125
299.8,214.85,0.1962890625
299.8,214.06,0.15234375
299.8,213.27,0.146484375
299.8,211.68,0.1484375
299.01,210.89,0.15234375
297.43,213.27,0.07421875
296.63,216.44,0.10546875
296.63,221.19,0.1044921875
297.43,225.15,0.0732421875
298.22,227.52,0.0595703125
299.01,227.52,0.0673828125
299.8,226.73,0.0732421875
299.8,225.15,0.072265625
299.8,221.98,0.0751953125
299.8,217.23,0.12890625
298.22,213.27,0.158203125
295.84,208.51,0.1640625
293.47,202.97,0.158203125
291.09,196.63,0.1689453125
288.71,190.3,0.234375
287.13,189.5,0.2587890625
287.13,190.3,0.2490234375
287.13,191.88,0.228515625
287.13,192.67,0.2041015625
287.13,191.09,0.1875
287.13,189.5,0.189453125
285.54,187.13,0.1904296875
284.75,183.96,0.1982421875
284.75,176.04,0.2158203125
283.17,170.5,0.232421875
281.58,165.74,0.265625
280.0,162.57,0.28125
278.42,158.61,0.298828125
276.83,153.86,0.3046875
276.04,150.69,0.3056640625
275.25,146.73,0.3056640625
275.25,143.56,0.3046875
274.46,138.81,0.3037109375
273.66,136.44,0.3037109375
272.87,134.06,0.3037109375
272.87,131.68,0.3037109375
272.87,130.1,0.3037109375
272.87,127.72,0.3017578125
272.87,124.55,0.2958984375
273.66,122.97,0.291015625
275.25,119.8,0.2626953125
278.42,115.05,0.037109375

307.72,128.51,0.048828125
306.93,128.51,0.1142578125
306.93,130.89,0.1748046875
307.72,138.02,0.244140625
310.1,144.36,0.26953125
312.48,150.69,0.287109375
314.06,157.03,0.294921875
317.23,166.53,0.302734375
318.81,171.29,0.3046875
319.6,175.25,0.3076171875
320.4,179.21,0.3115234375
321.19,181.58,0.3203125
321.19,183.96,0.3330078125
321.98,187.13,0.345703125
321.98,191.09,0.3515625
321.98,194.26,0.35546875
321.98,197.43,0.3583984375
321.98,201.39,0.3681640625
321.98,205.35,0.3759765625
320.4,210.1,0.3798828125
318.81,218.02,0.3837890625
317.23,222.77,0.3837890625
316.44,227.52,0.38671875
315.64,231.49,0.3896484375
314.06,237.82,0.38671875
311.68,248.91,0.3798828125
309.31,256.04,0.3642578125
307.72,263.17,0.3251953125
306.93,267.92,0.28125
306.14,269.5,0.078125

305.35,233.07,0.1162109375
303.76,237.03,0.1533203125
298.22,255.25,0.275390625
293.47,273.47,0.326171875
289.5,290.89,0.337890625
286.34,304.36,0.3447265625
286.34,313.07,0.3193359375
286.34,317.82,0.216796875
286.34,319.41,0.0595703125

287.92,328.12,0.05859375
287.13,328.12,0.0693359375
284.75,324.95,0.1328125
283.96,321.78,0.1796875
281.58,318.61,0.2197265625
279.21,316.24,0.255859375
276.04,312.28,0.2744140625
274.46,309.9,0.2900390625
271.29,307.52,0.3037109375
268.91,304.36,0.3115234375
266.53,300.4,0.314453125
262.57,293.27,0.314453125
260.2,287.72,0.3125
258.61,282.97,0.314453125
257.82,279.01,0.3125
257.03,274.26,0.310546875
257.03,267.13,0.3095703125
256.24,262.38,0.310546875
255.45,258.42,0.30859375
255.45,255.25,0.3076171875
255.45,250.5,0.3046875
254.65,247.33,0.3037109375
254.65,244.95,0.30078125
253.86,241.78,0.30078125
253.07,238.61,0.30078125
253.07,232.28,0.296875
253.07,227.52,0.294921875
253.86,222.77,0.28515625
253.86,218.81,0.28125
253.86,214.85,0.2734375
253.07,212.48,0.271484375
252.28,210.1,0.2646484375
251.49,206.14,0.2509765625
249.9,202.97,0.2412109375
249.11,197.43,0.2353515625
247.52,194.26,0.228515625
246.73,191.09,0.2255859375
246.73,187.92,0.22265625
246.73,182.38,0.2197265625
246.73,178.42,0.212890625
246.73,175.25,0.166015625
247.52,172.87,0.0966796875
247.52,171.29,0.01953125

293.47,322.57,0.06640625
291.88,324.16,0.1171875
289.5,325.74,0.166015625
287.13,326.53,0.193359375
282.38,327.33,0.2353515625
279.21,328.12,0.2646484375
275.25,328.91,0.2822265625
270.5,330.5,0.283203125
263.37,332.08,0.283203125
261.78,332.08,0.28125
255.45,332.08,0.265625
251.49,329.7,0.26953125
246.73,328.91,0.283203125
239.6,328.91,0.2822265625
237.23,328.91,0.2626953125
234.85,327.33,0.13671875
234.85,325.74,0.0

272.08,283.76,0.025390625
271.29,283.76,0.0341796875
270.5,283.76,0.0830078125
269.7,283.76,0.103515625
268.12,282.97,0.1455078125
263.37,281.39,0.166015625
259.41,280.59,0.1728515625
254.65,278.22,0.173828125
249.11,277.43,0.1943359375
241.98,277.43,0.2255859375
238.02,277.43,0.23828125
234.06,279.01,0.2392578125
231.68,279.8,0.2412109375
228.51,279.8,0.244140625
224.55,280.59,0.255859375
221.39,281.39,0.2578125
218.22,282.97,0.2470703125
216.63,283.76,0.203125
215.84,283.76,0.0693359375

257.03,263.96,0.1171875
257.03,263.17,0.1201171875
255.45,263.17,0.341796875
247.52,266.34,0.35546875
240.4,270.3,0.3466796875
234.06,274.26,0.33984375
230.89,276.63,0.314453125
230.1,277.43,0.25390625

259.41,245.74,0.0302734375
258.61,245.74,0.1337890625
256.24,245.74,0.23828125
249.9,249.7,0.283203125
244.36,253.66,0.2978515625
239.6,256.83,0.2958984375
232.48,260.79,0.2802734375
230.89,261.58,0.21875

248.32,244.95,0.1435546875
247.52,245.74,0.1513671875
245.94,246.53,0.1982421875
244.36,247.33,0.232421875
241.98,247.33,0.2236328125
238.02,247.33,0.2197265625
231.68,246.53,0.2109375
230.1,244.95,0.19921875
229.31,244.16,0.1552734375
232.48,243.37,0.0966796875
234.85,242.57,0.05078125

313.27,261.58,0.1044921875
314.06,260.79,0.158203125
316.44,259.21,0.2109375
319.6,257.62,0.26171875
325.15,254.46,0.30078125
329.9,251.29,0.3046875
335.45,248.12,0.30859375
340.99,245.74,0.3076171875
345.74,243.37,0.3017578125
347.33,243.37,0.2939453125
345.74,243.37,0.015625

310.89,272.67,0.1669921875
311.68,272.67,0.1845703125
316.44,272.67,0.2392578125
323.56,271.88,0.2763671875
337.03,268.71,0.322265625
344.16,267.13,0.32421875
348.91,267.13,0.2978515625
350.5,267.13,0.140625

312.48,309.11,0.0556640625
313.27,309.11,0.0869140625
315.64,308.32,0.126953125
317.23,307.52,0.166015625
324.36,303.56,0.2216796875
326.73,302.77,0.2197265625
327.52,302.77,0.2060546875
327.52,303.56,0.017578125

303.76,322.57,0.1396484375
306.14,320.99,0.142578125
309.31,318.61,0.1435546875
317.23,313.07,0.19140625
325.15,309.11,0.20703125
328.32,308.32,0.13671875

287.92,379.6,0.0107421875
287.92,380.4,0.0419921875
288.71,380.4,0.0986328125
291.88,378.02,0.2001953125
295.05,374.85,0.2548828125
299.01,371.68,0.3046875
303.76,366.93,0.3408203125
310.1,362.97,0.3466796875
320.4,354.26,0.3466796875
326.73,347.92,0.341796875
331.49,343.17,0.3330078125
333.86,340.0,0.3037109375
332.28,340.0,0.0869140625

292.67,339.21,0.1044921875
293.47,338.42,0.123046875
298.22,336.83,0.2421875
304.55,335.25,0.27734375
313.27,332.87,0.2880859375
321.19,331.29,0.2978515625
326.73,330.5,0.296875
330.69,330.5,0.2744140625
329.9,331.29,0.1025390625

253.86,347.92,0.0107421875
253.86,348.71,0.025390625
254.65,348.71,0.115234375
255.45,348.71,0.1533203125
256.24,348.71,0.1962890625
257.03,348.71,0.2216796875
256.24,348.71,0.3017578125
253.86,348.71,0.3046875
250.69,347.92,0.3095703125
245.94,347.92,0.3095703125
238.02,347.92,0.3056640625
225.35,347.92,0.3037109375
218.22,347.92,0.30859375
213.47,346.34,0.3095703125
210.3,343.96,0.314453125
207.92,341.58,0.3154296875
205.54,341.58,0.3154296875
203.17,342.38,0.3017578125
200.0,343.96,0.3017578125
195.25,347.92,0.302734375
192.08,349.5,0.302734375
188.91,351.88,0.3017578125
186.53,353.47,0.30078125
184.16,355.05,0.30078125
180.2,356.63,0.291015625
177.82,357.43,0.2900390625
173.86,358.22,0.2919921875
169.9,359.01,0.2900390625
163.56,360.59,0.271484375
159.6,361.39,0.263671875
155.64,361.39,0.263671875
152.48,362.18,0.26953125
150.1,362.18,0.2705078125
147.72,362.18,0.267578125
146.14,362.18,0.26171875
145.35,362.18,0.232421875
145.35,359.01,0.1337890625
145.35,358.22,0.0234375

152.48,373.27,0.068359375
154.06,371.68,0.080078125
159.6,368.51,0.1435546875
172.28,362.18,0.2626953125
183.37,358.22,0.27734375
192.87,355.05,0.2802734375
202.38,351.09,0.28125
212.67,344.75,0.2822265625
217.43,340.79,0.283203125
221.39,338.42,0.2822265625
224.55,337.62,0.283203125
226.93,336.83,0.2822265625
233.27,336.83,0.28125
238.02,336.04,0.283203125
243.56,336.04,0.30078125
248.32,336.04,0.3291015625
253.86,336.83,0.3486328125
258.61,339.21,0.3515625
263.37,341.58,0.3525390625
269.7,343.17,0.3515625
276.83,343.17,0.3525390625
284.75,343.96,0.34375
287.13,343.96,0.314453125
287.92,346.34,0.2421875
287.92,347.13,0.08984375

276.04,361.39,0.13671875
273.66,362.18,0.1962890625
270.5,362.97,0.2392578125
262.57,365.35,0.294921875
252.28,369.31,0.3125
240.4,374.06,0.31640625
222.18,385.94,0.322265625
211.09,396.24,0.318359375
201.58,405.74,0.3115234375
195.25,413.66,0.296875
190.5,421.58,0.1708984375
189.7,423.17,0.0107421875

213.47,417.62,0.3173828125
210.3,423.17,0.3359375
206.34,427.92,0.3466796875
200.79,434.26,0.3525390625
195.25,439.01,0.3056640625
188.12,442.97,0.1201171875

270.5,464.36,0.103515625
268.91,464.36,0.1201171875
269.7,464.36,0.3330078125
271.29,465.94,0.3515625
272.87,466.73,0.36328125
283.17,469.9,0.384765625
291.88,472.28,0.3896484375
300.59,473.86,0.3896484375
313.27,474.65,0.3876953125
316.44,474.65,0.3896484375
325.94,475.45,0.3916015625
331.49,476.24,0.390625
336.24,477.82,0.384765625
339.41,478.61,0.3623046875
341.78,478.61,0.26171875
340.2,478.61,0.00390625

329.9,480.99,0.0986328125
333.07,482.57,0.3095703125
336.24,484.95,0.341796875
340.99,487.33,0.3525390625
344.95,491.29,0.35546875
348.91,496.04,0.35546875
353.66,501.58,0.3310546875
355.25,504.75,0.3017578125
356.83,506.34,0.2431640625
356.83,507.13,0.1904296875

352.08,507.13,0.0322265625
352.08,508.71,0.158203125
356.83,511.09,0.23828125
361.58,513.47,0.2763671875
367.13,516.63,0.3193359375
372.67,520.59,0.33984375
379.8,530.1,0.359375
385.35,535.64,0.3583984375
390.89,538.02,0.3525390625
394.85,538.81,0.3369140625
397.23,538.81,0.3203125
398.02,538.81,0.3154296875
398.81,538.81,0.177734375

394.06,534.06,0.2021484375
394.85,537.23,0.248046875
396.44,538.02,0.2626953125
402.77,541.19,0.3037109375
409.11,543.56,0.3095703125
411.49,544.36,0.3095703125
420.99,550.69,0.2802734375
424.16,553.07,0.1611328125
425.74,554.65,0.0

238.02,544.36,0.142578125
246.73,539.6,0.1787109375
257.82,534.85,0.2392578125
270.5,529.31,0.2607421875
280.79,526.14,0.26171875
287.13,525.35,0.234375
288.71,525.35,0.1591796875

241.19,546.73,0.212890625
243.56,546.73,0.203125
246.73,545.94,0.2294921875
255.45,542.77,0.265625
265.74,538.81,0.2822265625
276.04,534.85,0.2900390625
283.96,530.1,0.2294921875
284.75,530.1,0.09375

222.97,574.46,0.072265625
225.35,574.46,0.21875
228.51,574.46,0.265625
233.27,572.08,0.2978515625
239.6,566.53,0.3232421875
250.69,554.65,0.3251953125
257.03,547.52,0.322265625
260.99,541.19,0.298828125
262.57,538.81,0.251953125
261.78,538.81,0.0439453125

239.6,568.12,0.1416015625
243.56,564.16,0.181640625
250.69,556.24,0.236328125
263.37,541.98,0.28515625
269.7,534.06,0.291015625
273.66,530.89,0.2919921875
274.46,530.1,0.2822265625

260.99,545.15,0.1455078125
262.57,543.56,0.2001953125
267.33,540.4,0.236328125
276.04,534.85,0.28515625
285.54,528.51,0.330078125
299.01,519.8,0.3369140625
305.35,517.43,0.3369140625
309.31,516.63,0.330078125
310.89,517.43,0.3125
311.68,519.01,0.2255859375
311.68,519.8,0.130859375

302.18,526.14,0.052734375
302.97,526.14,0.0751953125
304.55,526.14,0.140625
310.1,523.76,0.2255859375
320.4,521.39,0.28515625
327.52,520.59,0.3193359375
333.86,520.59,0.330078125
340.99,520.59,0.3310546875
344.16,520.59,0.3056640625
344.95,520.59,0.2646484375
344.95,519.8,0.025390625

325.94,522.97,0.1337890625
325.15,522.97,0.189453125
325.94,522.97,0.283203125
329.9,523.76,0.3359375
340.2,523.76,0.392578125
348.12,522.18,0.4150390625
354.46,520.59,0.4189453125
358.42,519.01,0.4130859375
360.0,518.22,0.3466796875
356.83,518.22,0.0849609375

340.2,526.14,0.1611328125
341.78,526.14,0.2314453125
345.74,526.14,0.28125
354.46,523.76,0.3359375
360.79,523.76,0.3583984375
367.13,523.76,0.361328125
370.3,524.55,0.34375
371.88,527.72,0.2783203125
372.67,530.89,0.1298828125
372.67,531.68,0.1240234375
373.47,531.68,0.158203125
375.84,532.48,0.203125
382.97,536.44,0.30859375
388.51,539.6,0.361328125
393.27,542.77,0.3916015625
398.02,546.73,0.40234375
402.77,550.69,0.40234375
408.32,557.82,0.3681640625
410.69,562.57,0.1611328125

271.29,442.97,0.0859375
271.29,442.18,0.2216796875
270.5,441.39,0.298828125
267.33,440.59,0.3388671875
261.78,439.01,0.3662109375
253.86,437.43,0.3916015625
238.81,437.43,0.400390625
230.1,437.43,0.4033203125
222.97,437.43,0.3974609375
217.43,437.43,0.3876953125
212.67,436.63,0.3525390625
211.09,436.63,0.27734375
211.09,435.84,0.0791015625

220.59,433.47,0.0166015625
220.59,434.26,0.30078125
219.01,434.26,0.341796875
215.84,435.05,0.3466796875
211.88,435.84,0.3544921875
204.75,437.43,0.3662109375
192.87,442.97,0.3671875
184.95,445.35,0.3642578125
180.2,446.14,0.3505859375
177.03,446.14,0.3359375
175.45,446.14,0.3408203125
172.28,445.35,0.345703125
169.9,446.93,0.3369140625
165.94,450.89,0.318359375
162.77,454.06,0.3056640625
158.81,455.64,0.30859375
152.48,458.02,0.33984375
148.51,459.6,0.3515625
144.55,461.98,0.35546875
141.39,465.15,0.3642578125
139.01,469.11,0.3681640625
139.01,469.9,0.3603515625
141.39,469.9,0.2646484375
146.14,465.94,0.2001953125
151.68,459.6,0.193359375
153.27,458.81,0.2109375
152.48,458.81,0.3603515625
150.89,458.81,0.37109375
146.93,461.98,0.35546875
139.8,469.9,0.2802734375
137.43,471.49,0.1875

315.64,788.32,0.19140625
314.85,788.32,0.2822265625
314.85,789.11,0.3583984375
314.06,791.49,0.34375
313.27,793.07,0.25390625
312.48,794.65,0.0166015625

315.64,788.32,0.0478515625
311.68,793.07,0.0869140625
311.68,793.86,0.2490234375
310.89,795.45,0.25390625
309.31,798.61,0.2685546875

315.64,788.32,0.0
310.1,789.11,0.0361328125
310.1,788.32,0.1044921875
307.72,790.69,0.2412109375
304.55,794.65,0.232421875
302.18,798.61,0.2041015625

108.12,341.58,0.103515625
108.12,340.79,0.1875
108.91,341.58,0.359375
109.7,342.38,0.3818359375
110.5,345.54,0.392578125
111.29,350.3,0.3466796875
111.29,351.88,0.2841796875

112.08,343.17,0.19921875
112.08,342.38,0.28125
111.29,342.38,0.4375
111.29,345.54,0.462890625
112.08,347.92,0.455078125
112.87,348.71,0.4423828125
114.46,349.5,0.2255859375
114.46,348.71,0.0712890625

112.08,343.17,0.1455078125
111.29,337.62,0.2509765625
111.29,338.42,0.474609375
112.08,340.79,0.4755859375
113.66,343.17,0.4580078125
116.83,343.17,0.3232421875
119.21,340.0,0.1435546875
119.21,338.42,0.0361328125

118.42,330.5,0.083984375
117.62,328.12,0.2451171875
116.83,328.12,0.31640625
116.83,330.5,0.455078125
116.83,333.66,0.4677734375
119.21,336.83,0.466796875
122.38,337.62,0.3740234375
124.75,337.62,0.203125
126.34,336.04,0.0224609375

118.42,330.5,0.087890625
124.75,324.95,0.244140625
123.17,325.74,0.3564453125
121.58,328.91,0.3916015625
120.0,334.46,0.421875
120.0,338.42,0.4248046875
122.38,339.21,0.3779296875
125.54,338.42,0.267578125
127.13,336.83,0.162109375

121.58,328.12,0.1494140625
116.83,330.5,0.255859375
112.87,336.83,0.392578125
112.87,340.0,0.427734375
113.66,341.58,0.4267578125
117.62,342.38,0.390625
125.54,339.21,0.275390625
128.71,336.04,0.083984375
128.71,335.25,0.0478515625
126.34,335.25,0.2578125
122.38,336.83,0.3544921875
120.0,340.0,0.40625
120.0,342.38,0.40234375
121.58,343.17,0.3505859375
124.75,343.17,0.2451171875
128.71,341.58,0.041015625

135.05,334.46,0.1611328125
135.05,335.25,0.3271484375
134.26,337.62,0.3994140625
134.26,341.58,0.4091796875
134.26,343.17,0.3828125
135.84,343.17,0.193359375

146.93,329.7,0.2744140625
145.35,330.5,0.31640625
142.18,334.46,0.392578125
139.8,337.62,0.421875
139.8,340.0,0.39453125
142.97,340.79,0.275390625
147.72,340.0,0.03515625

146.93,329.7,0.2158203125
146.14,340.0,0.326171875
142.97,344.75,0.4345703125
142.97,346.34,0.4443359375
142.97,347.13,0.4423828125
143.76,347.13,0.32421875
144.55,346.34,0.1708984375
144.55,345.54,0.015625

134.26,352.67,0.1083984375
132.67,355.84,0.1494140625
126.34,362.18,0.232421875
122.38,366.14,0.216796875
119.21,368.51,0.0

115.25,358.22,0.21875
113.66,358.22,0.3154296875
110.5,362.97,0.4326171875
108.91,366.93,0.45703125
108.91,370.89,0.4560546875
109.7,372.48,0.44140625
112.08,372.48,0.3515625
119.21,368.51,0.0908203125

124.75,360.59,0.1533203125
122.38,362.18,0.322265625
120.79,365.35,0.421875
120.79,367.72,0.443359375
120.79,369.31,0.4443359375
123.96,370.1,0.4111328125
131.09,368.51,0.263671875
135.05,366.14,0.083984375

135.84,364.55,0.0556640625
134.26,365.35,0.185546875
132.67,366.93,0.251953125
129.5,371.68,0.4033203125
128.71,373.27,0.423828125
128.71,374.06,0.42578125
131.88,374.06,0.39453125
141.39,370.1,0.3232421875
146.93,366.14,0.2275390625
146.93,362.97,0.291015625
143.76,366.14,0.3759765625
141.39,368.51,0.439453125
140.59,370.1,0.4482421875
141.39,370.89,0.4326171875
143.76,370.89,0.3984375
151.68,368.51,0.2744140625
154.85,366.93,0.1669921875

155.64,366.14,0.009765625
154.06,367.72,0.3564453125
151.68,370.89,0.376953125
151.68,372.48,0.412109375
155.64,373.27,0.369140625
161.19,371.68,0.244140625
163.56,369.31,0.068359375

165.15,339.21,0.2119140625
164.36,338.42,0.228515625
161.19,336.83,0.361328125
160.4,336.83,0.4423828125
159.6,336.83,0.490234375
158.02,337.62,0.525390625
155.64,340.79,0.53515625
155.64,341.58,0.5263671875
157.23,341.58,0.4111328125
161.19,339.21,0.2734375
163.56,337.62,0.1162109375

165.15,339.21,0.1875
161.98,332.87,0.265625
158.02,337.62,0.3818359375
155.64,341.58,0.4453125
155.64,345.54,0.44921875
158.81,346.34,0.3544921875
165.15,343.17,0.1181640625

192.08,324.95,0.0810546875
192.08,325.74,0.1083984375
191.29,325.74,0.33203125
188.91,327.33,0.3818359375
185.74,328.91,0.36328125
184.16,329.7,0.2958984375

192.08,324.95,0.2353515625
183.37,325.74,0.296875
177.03,332.87,0.466796875
177.03,333.66,0.4716796875
177.82,332.87,0.38671875
181.78,328.91,0.271484375
184.16,326.53,0.1552734375

192.08,324.95,0.181640625
182.57,319.41,0.3125
179.41,320.99,0.3935546875
177.82,323.37,0.4541015625
178.61,320.99,0.3232421875
180.99,317.03,0.087890625

180.2,311.49,0.1845703125
178.61,311.49,0.271484375
172.28,314.65,0.416015625
169.9,317.03,0.4755859375
169.9,317.82,0.4912109375
169.9,317.03,0.3974609375
171.49,313.07,0.28125
172.28,309.11,0.0986328125
169.9,309.11,0.25390625
165.94,309.9,0.3740234375
161.98,312.28,0.4541015625
160.4,314.65,0.4853515625
163.56,313.86,0.333984375
166.73,311.49,0.236328125

197.62,278.22,0.166015625
195.25,279.8,0.3720703125
194.46,280.59,0.400390625
195.25,280.59,0.2587890625
196.04,279.8,0.099609375

197.62,278.22,0.25390625
191.29,279.01,0.3876953125
188.12,280.59,0.4306640625
188.12,281.39,0.435546875
188.12,280.59,0.3154296875
188.91,279.01,0.1689453125

188.91,268.71,0.255859375
184.16,271.09,0.3408203125
180.99,273.47,0.4296875
179.41,274.26,0.45703125
180.2,273.47,0.35546875
182.57,269.5,0.123046875

188.91,268.71,0.15625
178.61,265.54,0.205078125
173.86,269.5,0.359375
173.86,268.71,0.3671875
177.03,263.96,0.041015625

172.28,262.38,0.1484375
172.28,261.58,0.2626953125
173.86,258.42,0.2548828125
175.45,256.83,0.2412109375
176.24,255.25,0.2001953125
177.03,254.46,0.1708984375
178.61,254.46,0.1494140625
179.41,254.46,0.15625
181.78,256.83,0.2626953125
182.57,258.42,0.337890625
183.37,260.79,0.3505859375
185.74,262.38,0.3125
188.91,262.38,0.1943359375
190.5,262.38,0.060546875

192.87,260.79,0.0068359375
192.87,261.58,0.30078125
192.87,264.75,0.3828125
192.87,265.54,0.3896484375
194.46,265.54,0.2451171875
196.04,264.75,0.2177734375
196.04,263.96,0.2197265625
195.25,266.34,0.39453125
194.46,270.3,0.43359375
193.66,272.67,0.4423828125
193.66,273.47,0.4189453125
196.83,273.47,0.294921875
200.0,271.09,0.1181640625
201.58,269.5,0.005859375

192.87,260.79,0.068359375
200.79,269.5,0.2734375
198.42,272.67,0.390625
196.83,277.43,0.4462890625
196.83,279.8,0.4423828125
199.21,279.8,0.3720703125
203.96,278.22,0.2958984375
209.5,273.47,0.1943359375
211.09,271.88,0.193359375
211.09,273.47,0.458984375
211.09,274.26,0.46484375
213.47,275.05,0.4091796875
219.01,272.67,0.32421875
222.97,271.09,0.2353515625

214.26,175.25,0.01953125
214.26,174.46,0.087890625
214.26,173.66,0.19921875
213.47,174.46,0.3837890625
211.88,177.62,0.384765625
211.09,179.21,0.3701171875
213.47,176.83,0.1552734375
215.05,173.66,0.109375
215.05,172.08,0.1201171875
215.05,172.87,0.3486328125
215.05,174.46,0.359375
215.05,175.25,0.361328125
216.63,175.25,0.2373046875
219.8,172.08,0.0927734375

224.55,168.12,0.052734375
224.55,168.91,0.12890625
223.76,172.87,0.255859375
221.39,179.21,0.3291015625
220.59,181.58,0.341796875
220.59,183.17,0.3408203125
222.18,182.38,0.23828125
225.35,177.62,0.1669921875
226.14,176.04,0.1142578125
226.93,175.25,0.1064453125
226.14,176.04,0.16796875
222.97,179.21,0.2275390625
219.01,187.13,0.3251953125
217.43,191.09,0.3544921875
217.43,192.67,0.3515625
219.8,190.3,0.2802734375
222.97,186.34,0.203125
225.35,182.38,0.099609375
226.14,180.79,0.0771484375
224.55,180.79,0.205078125
221.39,184.75,0.26171875
219.01,188.71,0.326171875
217.43,191.88,0.36328125
217.43,193.47,0.3798828125
219.01,193.47,0.275390625
221.39,190.3,0.20703125
223.76,186.34,0.013671875

224.55,185.54,0.037109375
223.76,187.13,0.1943359375
222.18,189.5,0.25390625
220.59,193.47,0.337890625
220.59,199.8,0.3681640625
220.59,201.39,0.3759765625
220.59,202.18,0.37109375
221.39,202.18,0.2880859375
223.76,201.39,0.1689453125
224.55,200.59,0.078125

226.93,198.22,0.060546875
226.93,199.01,0.1328125
226.93,199.8,0.189453125
225.35,202.97,0.287109375
224.55,205.35,0.361328125
223.76,209.31,0.37890625
224.55,209.31,0.2421875
224.55,207.72,0.1767578125
223.76,206.14,0.1875
220.59,205.35,0.2626953125
217.43,205.35,0.33984375
215.84,205.35,0.38671875
213.47,205.35,0.4072265625
211.09,206.93,0.4072265625
210.3,207.72,0.3984375
211.88,207.72,0.25
214.26,206.93,0.140625
215.84,205.35,0.0400390625
215.84,204.55,0.00390625

215.84,203.76,0.0029296875
215.84,202.97,0.056640625
211.88,202.18,0.2451171875
211.09,202.18,0.291015625
210.3,201.39,0.359375
212.67,201.39,0.361328125
217.43,202.18,0.3583984375
222.97,202.97,0.333984375
233.27,201.39,0.291015625
238.02,198.22,0.2275390625
239.6,195.05,0.087890625
237.23,194.26,0.142578125
234.06,192.67,0.232421875
232.48,191.88,0.28125
233.27,193.47,0.3193359375
234.06,195.05,0.3203125
236.44,195.05,0.2841796875
238.81,194.26,0.15234375
240.4,192.67,0.009765625

245.94,181.58,0.140625
245.94,182.38,0.2451171875
245.15,185.54,0.3037109375
243.56,190.3,0.3720703125
242.77,195.05,0.400390625
242.77,199.01,0.4091796875
243.56,195.84,0.193359375
244.36,192.67,0.0029296875

245.94,181.58,0.0732421875
245.15,187.13,0.146484375
243.56,188.71,0.19140625
241.98,191.09,0.248046875
236.44,199.8,0.3564453125
234.06,206.14,0.3681640625
233.27,210.1,0.3603515625
232.48,212.48,0.31640625

226.14,234.65,0.09375
226.93,233.86,0.1484375
229.31,230.69,0.140625
232.48,227.52,0.0908203125
233.27,225.15,0.0400390625
232.48,225.15,0.236328125
230.1,227.52,0.296875
227.72,231.49,0.3515625
226.14,233.86,0.3701171875
226.14,235.45,0.3720703125
226.14,234.65,0.2314453125
227.72,232.28,0.1201171875

230.89,221.98,0.1357421875
228.51,222.77,0.275390625
225.35,226.73,0.3662109375
221.39,231.49,0.435546875
216.63,237.82,0.4716796875
215.84,238.61,0.474609375
216.63,236.24,0.345703125
219.01,228.32,0.1611328125
219.01,223.56,0.130859375
218.22,221.98,0.2001953125
215.84,221.98,0.3115234375
213.47,225.15,0.34375
209.5,232.28,0.392578125
207.92,235.45,0.4072265625
207.13,237.03,0.4033203125
207.92,236.24,0.0966796875

207.92,235.45,0.142578125
207.92,240.2,0.21484375
207.92,243.37,0.2646484375
208.71,244.16,0.267578125
209.5,244.95,0.2607421875
209.5,244.16,0.2451171875
210.3,241.78,0.2119140625
210.3,237.82,0.1494140625
210.3,233.07,0.13671875
207.13,227.52,0.1962890625
204.75,225.94,0.3046875
203.17,225.94,0.3955078125
201.58,229.9,0.43359375
200.79,234.65,0.4462890625
200.79,237.82,0.443359375
202.38,240.2,0.419921875
205.54,240.2,0.31640625
208.71,239.41,0.1611328125
210.3,237.82,0.029296875

207.92,235.45,0.0419921875
207.13,230.69,0.212890625
203.96,230.69,0.33984375
200.0,233.07,0.4072265625
196.83,237.03,0.43359375
195.25,240.2,0.4423828125
195.25,242.57,0.439453125
195.25,240.99,0.3154296875
194.46,239.41,0.296875
190.5,237.03,0.2919921875
186.53,236.24,0.298828125
183.37,236.24,0.296875
180.2,235.45,0.2373046875

263.37,191.09,0.1689453125
263.37,191.88,0.2578125
264.16,194.26,0.3369140625
264.95,196.63,0.375
266.53,199.01,0.369140625
268.12,199.01,0.3056640625
269.7,198.22,0.1416015625

263.37,191.09,0.15234375
268.12,191.09,0.23828125
267.33,191.09,0.38671875
267.33,195.05,0.44140625
268.12,199.8,0.462890625
269.7,201.39,0.4541015625
271.29,201.39,0.36328125
272.08,201.39,0.2685546875

253.07,154.65,0.1904296875
253.07,155.45,0.2158203125
253.86,157.03,0.30078125
256.24,157.03,0.30078125
258.61,157.03,0.2509765625
260.99,154.65,0.1044921875

264.95,152.28,0.232421875
262.57,157.03,0.3525390625
261.78,164.16,0.447265625
261.78,167.33,0.455078125
262.57,168.91,0.44921875

264.95,168.12,0.1669921875
262.57,172.87,0.345703125
260.2,176.04,0.40234375
257.82,178.42,0.412109375
256.24,180.0,0.3837890625
253.86,180.79,0.1962890625

244.36,138.02,0.146484375
243.56,138.02,0.1806640625
245.94,138.02,0.322265625
246.73,138.02,0.3232421875
253.86,138.02,0.2646484375
258.61,134.85,0.1240234375

260.99,130.89,0.0849609375
260.2,130.89,0.193359375
258.61,130.89,0.326171875
257.82,130.89,0.3916015625
257.03,132.48,0.42578125
257.03,133.27,0.42578125
257.03,132.48,0.046875

249.11,115.84,0.1484375
249.11,116.63,0.4130859375
249.11,119.01,0.4208984375
249.11,122.18,0.34375
249.11,122.97,0.2177734375

249.11,115.84,0.2255859375
257.03,122.97,0.318359375
258.61,127.72,0.4267578125
262.57,135.64,0.4619140625
264.16,138.02,0.458984375
267.33,141.98,0.376953125
268.91,142.77,0.1201171875

269.7,138.02,0.2236328125
268.91,140.4,0.376953125
268.12,144.36,0.40234375
268.12,147.52,0.3662109375
268.91,147.52,0.287109375
270.5,146.73,0.12890625

285.54,134.85,0.052734375
287.92,133.27,0.099609375
287.13,133.27,0.0869140625

285.54,134.85,0.1376953125
287.13,140.4,0.21484375
284.75,147.52,0.2607421875
283.17,153.07,0.267578125
283.17,156.24,0.25390625
283.17,157.03,0.234375
284.75,157.03,0.1103515625

296.63,134.06,0.1728515625
295.05,133.27,0.1982421875
292.67,131.68,0.203125
290.3,130.1,0.103515625

291.09,115.05,0.0712890625
289.5,115.05,0.18359375
287.13,115.05,0.2392578125
285.54,115.84,0.275390625
284.75,116.63,0.287109375
284.75,115.84,0.1552734375
287.13,113.47,0.05078125
288.71,111.88,0.0

291.09,115.05,0.015625
289.5,111.09,0.08984375
288.71,111.09,0.2802734375
284.75,118.22,0.38671875
281.58,124.55,0.421875
279.21,129.31,0.4287109375
278.42,131.68,0.416015625
279.21,132.48,0.3115234375
283.17,131.68,0.1689453125

291.09,123.76,0.1484375
289.5,125.35,0.208984375
286.34,129.31,0.32421875
283.96,134.06,0.38671875
282.38,136.44,0.40625
282.38,137.23,0.400390625
283.96,137.23,0.2626953125
285.54,136.44,0.193359375
287.92,134.85,0.1328125

291.09,123.76,0.19140625
296.63,122.18,0.248046875
292.67,125.35,0.3681640625
291.09,127.72,0.421875
291.88,124.55,0.193359375
291.88,122.18,0.05078125

294.26,106.34,0.13671875
294.26,107.13,0.3095703125
295.05,110.3,0.37109375
295.84,111.88,0.3740234375
296.63,115.05,0.37109375
299.01,116.63,0.322265625
300.59,116.63,0.2197265625

314.06,107.92,0.2353515625
312.48,108.71,0.2919921875
310.1,114.26,0.3876953125
310.1,122.18,0.4345703125
314.06,127.72,0.3916015625
318.02,130.1,0.244140625
319.6,130.89,0.0

328.32,126.14,0.0869140625
329.11,125.35,0.1171875
329.11,127.72,0.2578125
327.52,131.68,0.28515625
325.94,136.44,0.2744140625

332.28,125.35,0.1416015625
330.69,125.35,0.291015625
327.52,128.51,0.375
323.56,133.27,0.42578125
323.56,134.06,0.4248046875
323.56,131.68,0.2490234375
323.56,126.93,0.1083984375
323.56,124.55,0.025390625

320.4,115.05,0.064453125
319.6,115.05,0.1416015625
318.81,119.8,0.294921875
318.81,122.97,0.3095703125
319.6,126.14,0.310546875
321.19,127.72,0.296875
321.98,127.72,0.193359375

329.9,122.97,0.193359375
329.11,124.55,0.2509765625
328.32,126.14,0.287109375
327.52,129.31,0.359375
327.52,132.48,0.345703125
329.9,133.27,0.2041015625

328.32,176.83,0.0361328125
329.11,176.83,0.2958984375
333.86,176.83,0.125

338.61,172.08,0.1728515625
337.82,172.87,0.3310546875
337.03,174.46,0.3798828125
336.24,176.83,0.408203125
336.24,177.62,0.408203125
337.82,176.04,0.048828125

338.61,172.08,0.029296875
340.2,173.66,0.1455078125
340.2,174.46,0.2958984375
338.61,178.42,0.376953125
337.03,183.17,0.3984375
334.65,187.13,0.390625
329.9,191.09,0.193359375

314.06,191.88,0.181640625
314.06,191.09,0.263671875

314.06,191.88,0.1640625
313.27,184.75,0.2548828125
311.68,185.54,0.3623046875
310.89,186.34,0.3955078125
308.51,188.71,0.4541015625
307.72,190.3,0.4658203125
310.1,187.92,0.2001953125

310.89,183.17,0.203125
308.51,184.75,0.255859375
304.55,189.5,0.3720703125
302.97,191.88,0.4072265625
300.59,195.84,0.4462890625
299.01,197.43,0.4541015625
295.84,198.22,0.341796875
293.47,198.22,0.134765625

283.96,192.67,0.197265625
283.17,193.47,0.28515625
282.38,194.26,0.3662109375
282.38,195.05,0.3994140625
284.75,193.47,0.005859375

283.96,192.67,0.2392578125
283.96,196.63,0.3564453125
283.96,202.18,0.42578125
289.5,206.93,0.3994140625
299.8,206.14,0.05859375

376.63,210.1,0.2255859375
375.05,210.1,0.283203125
372.67,213.27,0.40625
371.09,216.44,0.462890625
370.3,218.81,0.4541015625
371.09,218.81,0.2783203125
371.88,218.81,0.162109375

376.63,210.1,0.1796875
367.13,214.85,0.2451171875
366.34,216.44,0.2939453125
364.75,221.19,0.427734375
364.75,223.56,0.455078125
364.75,224.36,0.453125
367.13,223.56,0.193359375

373.47,215.64,0.2255859375
373.47,217.23,0.271484375
373.47,221.19,0.361328125
373.47,223.56,0.390625
373.47,224.36,0.3896484375
375.84,223.56,0.13671875

373.47,215.64,0.1669921875
379.01,219.6,0.275390625
378.22,222.77,0.345703125
378.22,225.94,0.36328125
379.01,227.52,0.3271484375
382.18,227.52,0.1611328125

382.97,228.32,0.166015625
382.18,229.9,0.197265625
382.18,233.07,0.271484375
382.18,235.45,0.2646484375
382.97,235.45,0.0009765625

382.97,228.32,0.017578125
392.48,228.32,0.1806640625
390.1,230.69,0.3095703125
385.35,237.03,0.4189453125
384.55,240.2,0.42578125
386.14,240.2,0.30859375
386.93,239.41,0.2470703125
388.51,237.82,0.1455078125

394.85,227.52,0.1474609375
394.85,228.32,0.275390625
394.06,230.69,0.3564453125
393.27,233.86,0.4072265625
392.48,236.24,0.416015625
392.48,237.03,0.400390625

394.85,227.52,0.2353515625
397.23,229.11,0.28125
395.64,233.07,0.3662109375
394.85,236.24,0.40625
394.85,238.61,0.3984375
395.64,238.61,0.015625

384.55,260.0,0.060546875
383.76,260.0,0.4189453125
382.18,262.38,0.4541015625
380.59,265.54,0.4462890625
379.8,267.13,0.3876953125

384.55,260.0,0.2392578125
385.35,254.46,0.3095703125
383.76,257.62,0.3896484375
380.59,262.38,0.4345703125
378.22,267.92,0.443359375
375.84,271.88,0.4130859375
375.84,270.3,0.099609375

381.39,246.53,0.2294921875
376.63,252.08,0.3203125
371.88,258.42,0.3740234375
369.5,263.96,0.384765625
368.71,264.75,0.3779296875
369.5,263.96,0.21875
370.3,261.58,0.0693359375

374.26,252.08,0.1669921875
371.09,253.66,0.2158203125
367.13,258.42,0.3203125
365.54,260.0,0.3447265625
363.96,261.58,0.3642578125
364.75,260.0,0.25390625
365.54,257.62,0.103515625

374.26,252.08,0.1708984375
363.96,245.74,0.185546875
358.42,248.91,0.193359375
356.83,248.91,0.0927734375

344.16,233.07,0.197265625
345.74,235.45,0.3681640625
348.91,237.82,0.390625
351.29,240.2,0.3740234375
352.87,240.99,0.25

355.25,236.24,0.1474609375
354.46,237.82,0.2919921875
353.66,240.2,0.3603515625
353.66,243.37,0.3818359375
355.25,243.37,0.3154296875
356.83,242.57,0.0

355.25,236.24,0.27734375
353.66,241.78,0.2978515625
352.08,247.33,0.3828125
352.08,248.91,0.3876953125
353.66,248.91,0.302734375
356.04,244.95,0.177734375

355.25,236.24,0.2099609375
358.42,240.99,0.2490234375
357.62,243.37,0.2939453125
356.83,244.95,0.3369140625
356.04,248.91,0.375
356.04,252.08,0.390625
356.04,252.87,0.392578125
357.62,252.08,0.2578125
360.79,248.12,0.0126953125

360.79,247.33,0.0791015625
360.0,248.12,0.2841796875
359.21,249.7,0.3095703125
356.04,253.66,0.3662109375
355.25,255.25,0.3671875
350.5,260.0,0.310546875
344.95,263.17,0.0

328.32,210.89,0.0810546875
328.32,210.1,0.130859375
328.32,210.89,0.3115234375
328.32,214.85,0.4208984375
328.32,219.6,0.466796875
328.32,224.36,0.447265625
329.11,225.15,0.32421875
329.9,225.15,0.2177734375

332.28,214.85,0.2626953125
331.49,214.85,0.3056640625
329.9,218.81,0.408203125
329.11,221.98,0.4482421875
329.11,225.15,0.4443359375
330.69,225.15,0.3798828125
333.07,223.56,0.2421875
333.86,221.98,0.0869140625

332.28,214.85,0.2021484375
333.07,217.23,0.275390625
329.11,224.36,0.4248046875
328.32,227.52,0.4521484375
327.52,228.32,0.453125
326.73,227.52,0.056640625

289.5,239.41,0.0751953125
290.3,238.61,0.2216796875
291.09,239.41,0.3466796875
291.88,240.2,0.3759765625
293.47,242.57,0.375
295.84,243.37,0.318359375
297.43,243.37,0.158203125

299.8,225.15,0.181640625
299.01,225.15,0.318359375
297.43,227.52,0.38671875
295.05,233.86,0.451171875
293.47,237.03,0.4560546875
293.47,238.61,0.4541015625
293.47,237.03,0.1650390625

288.71,221.19,0.19921875
285.54,221.98,0.3359375
282.38,225.94,0.3984375
280.0,232.28,0.4560546875
279.21,237.03,0.4755859375
280.0,240.2,0.4716796875
283.17,240.99,0.4267578125
288.71,237.03,0.25390625
289.5,234.65,0.0478515625

288.71,221.19,0.18359375
285.54,224.36,0.2841796875
283.96,228.32,0.3759765625
282.38,234.65,0.4423828125
282.38,237.82,0.443359375
282.38,238.61,0.439453125

263.37,228.32,0.2392578125
261.78,229.9,0.2919921875
260.2,234.65,0.3447265625
260.2,240.2,0.4169921875
260.99,244.16,0.4306640625
267.33,244.95,0.34375
270.5,243.37,0.1328125

268.91,227.52,0.263671875
268.12,229.11,0.3232421875
266.53,233.07,0.4013671875
267.33,241.78,0.4775390625
271.29,245.74,0.4775390625
276.83,246.53,0.4296875
282.38,244.95,0.296875
283.96,242.57,0.1611328125

283.17,229.9,0.1337890625
282.38,229.9,0.228515625
282.38,233.07,0.2900390625
282.38,237.03,0.27734375
282.38,239.41,0.2041015625

245.15,301.98,0.2392578125
245.15,303.56,0.3916015625
245.15,307.52,0.4462890625
243.56,313.07,0.4560546875
242.77,316.24,0.44921875
242.77,317.82,0.3974609375

245.15,305.15,0.236328125
242.77,307.52,0.2958984375
239.6,310.69,0.3310546875
234.85,316.24,0.4111328125
232.48,321.78,0.4482421875
232.48,323.37,0.4453125
233.27,323.37,0.345703125
236.44,320.2,0.1904296875

231.68,312.28,0.1904296875
229.31,316.24,0.2626953125
228.51,320.2,0.33984375
230.1,320.2,0.3251953125
234.85,319.41,0.271484375
238.02,315.45,0.1474609375
238.81,314.65,0.0322265625

231.68,312.28,0.0419921875
237.23,321.78,0.0771484375
237.23,324.95,0.091796875
237.23,330.5,0.09375
238.81,332.87,0.07421875

352.87,337.62,0.1025390625
352.87,339.21,0.1474609375
353.66,342.38,0.2685546875
353.66,347.13,0.36328125
353.66,349.5,0.37890625
353.66,350.3,0.376953125
355.25,350.3,0.18359375

352.87,337.62,0.2783203125
359.21,341.58,0.41015625
359.21,344.75,0.4365234375
359.21,346.34,0.4443359375
361.58,347.13,0.41015625
365.54,343.96,0.0048828125

366.34,338.42,0.1982421875
364.75,340.0,0.267578125
363.17,343.96,0.3583984375
363.17,346.34,0.408203125
363.96,347.92,0.400390625
368.71,345.54,0.28125
371.09,343.17,0.1552734375

379.01,333.66,0.1669921875
379.01,336.04,0.294921875
379.01,339.21,0.3759765625
379.01,341.58,0.40234375
379.01,343.96,0.4033203125
379.8,343.96,0.3232421875
381.39,340.79,0.1181640625

379.01,333.66,0.1708984375
386.14,327.33,0.3173828125
383.76,330.5,0.41015625
381.39,334.46,0.4775390625
381.39,335.25,0.4794921875
382.18,330.5,0.10546875

383.76,303.56,0.21484375
379.8,309.11,0.3662109375
374.26,316.24,0.435546875
369.5,322.57,0.47265625
367.13,325.74,0.4794921875
371.09,318.61,0.1611328125

377.43,296.44,0.2314453125
375.84,297.23,0.2587890625
371.09,302.77,0.369140625
366.34,309.11,0.4296875
363.17,313.86,0.4619140625
362.38,315.45,0.4580078125
365.54,313.07,0.294921875
367.13,310.69,0.20703125

367.92,304.36,0.052734375
366.34,306.73,0.1962890625
362.38,313.07,0.30078125
359.21,320.99,0.3671875
355.25,331.29,0.3837890625
353.66,333.66,0.3740234375
350.5,337.62,0.0927734375

340.2,341.58,0.2431640625
339.41,341.58,0.2978515625
339.41,340.79,0.3642578125
340.2,338.42,0.2841796875
340.2,336.83,0.1708984375

337.82,328.12,0.27734375
337.03,330.5,0.3291015625
337.03,332.87,0.38671875
337.03,333.66,0.3955078125

337.82,328.12,0.2734375
339.41,333.66,0.3046875
339.41,335.25,0.384765625
340.2,336.04,0.3876953125
344.16,333.66,0.3056640625
345.74,332.08,0.205078125

354.46,319.41,0.1904296875
354.46,320.2,0.3759765625
354.46,322.57,0.451171875
354.46,323.37,0.453125
355.25,323.37,0.4111328125
357.62,321.78,0.322265625
359.21,319.41,0.1591796875
360.0,317.03,0.1044921875
360.0,316.24,0.1416015625
360.0,317.82,0.384765625
360.0,324.16,0.439453125
360.0,328.91,0.4375
362.38,332.87,0.369140625
365.54,335.25,0.01953125

379.01,328.91,0.3115234375
376.63,332.08,0.390625
374.26,335.25,0.419921875
373.47,338.42,0.42578125
373.47,340.0,0.392578125
376.63,340.79,0.228515625
379.8,339.21,0.0341796875

379.01,328.91,0.0771484375
382.18,333.66,0.1904296875
381.39,335.25,0.26171875
380.59,336.04,0.318359375
378.22,341.58,0.3974609375
378.22,344.75,0.400390625
379.01,347.13,0.390625
382.18,347.92,0.3330078125
386.14,347.92,0.244140625
390.89,345.54,0.0361328125

389.31,345.54,0.193359375
382.97,351.09,0.3408203125
382.18,354.26,0.3798828125
382.18,356.63,0.3740234375

337.82,360.59,0.212890625
337.03,360.59,0.345703125
333.86,362.97,0.37109375
331.49,366.14,0.416015625
329.9,368.51,0.4267578125
329.9,369.31,0.42578125
333.07,366.93,0.2880859375
334.65,365.35,0.1982421875

337.82,360.59,0.1611328125
329.11,358.22,0.2412109375
324.36,361.39,0.3251953125
318.02,366.14,0.419921875
317.23,367.72,0.4296875
315.64,369.31,0.439453125
317.23,369.31,0.3115234375
318.81,366.93,0.2255859375
319.6,364.55,0.0302734375

311.68,359.01,0.2880859375
302.97,366.14,0.3837890625
301.39,368.51,0.4111328125
300.59,373.27,0.390625
300.59,374.85,0.083984375

371.09,370.1,0.041015625
372.67,369.31,0.0986328125
376.63,368.51,0.1748046875
378.22,368.51,0.2255859375
378.22,370.89,0.421875
377.43,374.85,0.447265625
376.63,378.02,0.38671875
379.8,378.02,0.1513671875

387.72,370.89,0.2607421875
386.14,372.48,0.3486328125
384.55,375.64,0.4150390625
383.76,378.02,0.4375
383.76,379.6,0.4375
385.35,379.6,0.337890625
388.51,378.02,0.1640625

387.72,370.89,0.25390625
387.72,371.68,0.3017578125
382.97,376.44,0.3916015625
381.39,383.56,0.427734375
381.39,385.94,0.4169921875
383.76,386.73,0.318359375
388.51,385.15,0.1025390625

390.89,370.1,0.2626953125
386.14,374.06,0.3251953125
383.76,378.02,0.3984375
382.97,381.19,0.42578125
382.97,383.56,0.4267578125
386.93,384.36,0.390625
397.23,381.19,0.2578125
400.4,378.81,0.1513671875

401.19,368.51,0.23828125
398.02,370.1,0.28125
394.06,374.06,0.376953125
392.48,376.44,0.4287109375
392.48,379.6,0.4453125
394.85,381.19,0.4072265625
399.6,380.4,0.2939453125
405.94,375.64,0.048828125

405.15,369.31,0.302734375
400.4,372.48,0.35546875
398.81,375.64,0.4169921875
398.81,378.81,0.4267578125
401.19,378.81,0.3984375
406.73,377.23,0.314453125
413.07,372.48,0.087890625

412.28,363.76,0.3232421875
408.32,366.14,0.3896484375
405.94,370.89,0.46875
405.94,374.06,0.4765625
406.73,375.64,0.458984375
412.28,374.85,0.3779296875
421.78,366.93,0.103515625

425.74,359.8,0.0673828125
424.16,359.8,0.177734375
417.82,362.97,0.376953125
413.86,367.72,0.435546875
411.49,372.48,0.462890625
409.9,376.44,0.4697265625
409.9,380.4,0.4716796875
410.69,383.56,0.4150390625
414.65,382.77,0.294921875
420.2,378.81,0.064453125

424.16,370.1,0.1181640625
417.82,374.06,0.3544921875
413.07,380.4,0.4375
409.9,386.73,0.4677734375
409.11,393.86,0.4755859375
410.69,396.24,0.4462890625
415.45,396.24,0.3544921875
420.99,391.49,0.2392578125
424.16,389.11,0.1162109375

427.33,380.4,0.166015625
423.37,381.98,0.314453125
418.61,385.94,0.40234375
415.45,391.49,0.4521484375
415.45,394.65,0.4521484375
416.24,396.24,0.4345703125
420.99,396.24,0.3671875
427.33,393.07,0.2578125
430.5,390.69,0.12109375

427.33,380.4,0.2841796875
427.33,388.32,0.3291015625
423.37,392.28,0.4248046875
423.37,394.65,0.4462890625
424.16,396.24,0.4287109375
424.95,396.24,0.3994140625
430.5,394.65,0.228515625
432.08,393.86,0.068359375

433.66,391.49,0.0908203125
432.87,392.28,0.25
430.5,394.65,0.3310546875
428.91,397.03,0.3759765625
428.12,399.41,0.3916015625
428.12,400.99,0.376953125
426.53,401.78,0.302734375
425.74,401.78,0.2197265625

371.09,406.53,0.1533203125
371.09,405.74,0.2060546875
369.5,405.74,0.484375
366.34,409.7,0.4619140625
366.34,410.5,0.416015625

367.92,387.52,0.0966796875
366.34,387.52,0.2509765625
361.58,389.11,0.3271484375
355.25,395.45,0.4296875
352.08,400.99,0.458984375
350.5,404.95,0.466796875
350.5,407.33,0.4423828125
352.87,407.33,0.31640625
359.21,402.57,0.15234375

367.92,387.52,0.111328125
371.09,389.9,0.2373046875
364.75,400.99,0.3720703125
360.79,410.5,0.427734375
359.21,417.62,0.4453125
359.21,422.38,0.447265625
363.96,424.75,0.3583984375
370.3,423.96,0.2646484375
376.63,418.42,0.0185546875

379.8,412.08,0.1982421875
378.22,412.87,0.271484375
374.26,416.04,0.3525390625
371.09,420.0,0.4091796875
370.3,423.96,0.43359375
370.3,428.71,0.4443359375
372.67,429.5,0.412109375
377.43,428.71,0.3525390625
383.76,422.38,0.2158203125
386.14,419.21,0.1591796875
386.14,417.62,0.158203125
384.55,417.62,0.2421875
382.97,417.62,0.30859375
382.18,422.38,0.3515625
381.39,425.54,0.359375
381.39,427.92,0.3466796875
383.76,427.92,0.294921875
388.51,425.54,0.203125
390.89,423.17,0.08984375

399.6,410.5,0.0341796875
398.02,412.87,0.3583984375
394.85,421.58,0.3916015625
393.27,427.13,0.4287109375
392.48,431.88,0.4267578125
397.23,433.47,0.33203125
403.56,429.5,0.08984375

405.15,411.29,0.3017578125
401.98,414.46,0.3251953125
398.02,421.58,0.3642578125
397.23,431.09,0.3974609375
399.6,436.63,0.3896484375
403.56,437.43,0.265625
405.94,437.43,0.142578125

407.52,427.13,0.390625
402.77,431.09,0.41015625
401.19,435.05,0.4462890625
401.19,439.01,0.4482421875
407.52,441.39,0.369140625
409.9,441.39,0.30078125
413.07,439.8,0.173828125

414.65,429.5,0.294921875
411.49,431.09,0.3154296875
407.52,435.84,0.3876953125
406.73,439.8,0.4267578125
406.73,442.97,0.4306640625
408.32,445.35,0.4111328125
413.86,446.14,0.294921875
417.03,445.35,0.0927734375

409.9,448.51,0.234375
408.32,449.31,0.2626953125
407.52,450.89,0.302734375
406.73,450.89,0.3310546875
406.73,451.68,0.369140625
406.73,450.89,0.2578125
406.73,449.31,0.01953125

402.77,421.58,0.2900390625
401.98,420.0,0.296875
402.77,416.83,0.2958984375
405.94,412.87,0.2763671875
408.32,408.12,0.2041015625
409.11,405.74,0.18359375
408.32,405.74,0.2392578125
404.36,407.33,0.33984375
398.02,410.5,0.4267578125
390.1,416.04,0.4990234375
388.51,416.83,0.51171875
386.93,417.62,0.513671875
386.93,416.04,0.439453125
389.31,411.29,0.30078125
391.68,404.95,0.0712890625

386.93,398.61,0.12890625
383.76,398.61,0.2177734375
375.84,398.61,0.33984375
367.13,401.78,0.4716796875
364.75,403.37,0.490234375
366.34,398.61,0.3623046875
367.92,388.32,0.1201171875
367.92,385.15,0.041015625
361.58,381.19,0.1328125
357.62,381.19,0.2509765625
354.46,381.98,0.330078125
352.87,382.77,0.38671875
352.08,382.77,0.3935546875
352.08,381.19,0.4150390625
352.08,378.02,0.4033203125
350.5,371.68,0.376953125
348.91,368.51,0.3720703125
347.33,367.72,0.3759765625
346.53,366.93,0.384765625
345.74,366.14,0.4013671875
344.95,366.14,0.41015625
340.99,364.55,0.42578125
337.03,362.97,0.42578125
332.28,360.59,0.4169921875
325.94,357.43,0.392578125
324.36,356.63,0.3701171875
324.36,355.84,0.34375
325.15,355.05,0.2509765625
325.94,355.05,0.2060546875

334.65,377.23,0.1396484375
331.49,376.44,0.2841796875
329.11,375.64,0.2841796875
324.36,373.27,0.2646484375
313.27,370.89,0.16796875
309.31,370.89,0.0732421875

283.96,398.61,0.0986328125
283.96,400.2,0.1865234375
286.34,402.57,0.2197265625
289.5,403.37,0.1962890625
290.3,403.37,0.1220703125

283.96,398.61,0.228515625
280.0,393.86,0.275390625
276.04,400.99,0.3486328125
274.46,407.33,0.359375
273.66,412.87,0.255859375
274.46,412.87,0.15234375

192.08,391.49,0.1962890625
192.08,392.28,0.2607421875
192.08,394.65,0.283203125
192.08,396.24,0.28125
195.25,396.24,0.154296875
195.25,395.45,0.05859375

192.08,391.49,0.091796875
189.7,392.28,0.1708984375
187.33,396.24,0.2939453125
187.33,398.61,0.359375
187.33,400.99,0.3564453125
191.29,400.99,0.26953125
194.46,397.82,0.1416015625

192.08,391.49,0.23828125
186.53,389.11,0.248046875
184.16,393.07,0.3310546875
183.37,397.03,0.3798828125
184.95,400.99,0.3642578125
188.12,400.99,0.3125
192.08,397.03,0.203125
192.87,393.86,0.056640625

192.08,391.49,0.22265625
182.57,392.28,0.2392578125
179.41,398.61,0.330078125
178.61,405.74,0.3896484375
178.61,408.12,0.3720703125
181.78,408.12,0.3154296875
185.74,404.16,0.23828125
188.91,397.82,0.0419921875

187.33,391.49,0.0107421875
184.95,391.49,0.0625
179.41,392.28,0.1748046875
173.86,396.24,0.2470703125
169.11,402.57,0.3330078125
165.15,412.08,0.419921875
165.15,416.83,0.4189453125
169.9,419.21,0.3701171875
178.61,418.42,0.2099609375

207.92,397.82,0.1669921875
206.34,397.82,0.30859375
203.96,399.41,0.40625
201.58,402.57,0.4462890625
201.58,404.95,0.4375
204.75,404.95,0.36328125
209.5,401.78,0.2177734375

215.84,384.36,0.2802734375
214.26,385.15,0.3115234375
212.67,388.32,0.41015625
211.88,392.28,0.45703125
213.47,397.03,0.4541015625
217.43,397.03,0.4189453125
222.97,394.65,0.3291015625
227.72,388.32,0.015625

223.76,375.64,0.2021484375
219.8,379.6,0.3251953125
218.22,382.77,0.384765625
218.22,384.36,0.392578125
220.59,381.98,0.2578125
222.18,377.23,0.0810546875

222.97,357.43,0.13671875
221.39,357.43,0.2802734375
217.43,360.59,0.3759765625
214.26,364.55,0.44921875
211.88,367.72,0.47265625
211.88,368.51,0.4716796875
214.26,366.14,0.3095703125
218.22,359.8,0.1591796875

222.97,357.43,0.0615234375
220.59,350.3,0.298828125
215.84,353.47,0.3837890625
211.09,359.01,0.451171875
207.13,364.55,0.474609375
206.34,368.51,0.45703125
209.5,368.51,0.3876953125
213.47,365.35,0.2783203125
215.84,362.97,0.1591796875

222.97,357.43,0.1611328125
218.22,358.22,0.2021484375
215.84,359.8,0.23828125
212.67,364.55,0.3388671875
211.09,368.51,0.3916015625
213.47,371.68,0.3671875
219.8,371.68,0.287109375
228.51,368.51,0.109375

257.03,360.59,0.251953125
257.03,364.55,0.41015625
257.03,366.14,0.4326171875
260.2,367.72,0.4287109375
265.74,367.72,0.376953125
272.87,367.72,0.26953125
280.79,367.72,0.0

429.7,503.17,0.0302734375
429.7,506.34,0.3056640625
429.7,510.3,0.31640625
428.91,514.26,0.3642578125
427.33,519.01,0.455078125
427.33,519.8,0.4736328125
427.33,519.01,0.2470703125
427.33,517.43,0.0849609375

424.95,512.67,0.2021484375
424.16,511.88,0.0693359375

419.41,503.17,0.1455078125
418.61,503.17,0.2646484375
417.03,503.96,0.3701171875
416.24,509.5,0.43359375
416.24,514.26,0.4375
416.24,516.63,0.43359375
417.03,516.63,0.3017578125
417.03,515.05,0.146484375
417.03,511.88,0.052734375
415.45,509.5,0.06640625
414.65,507.92,0.1396484375
413.86,507.92,0.232421875
413.07,508.71,0.384765625
412.28,511.88,0.4130859375
410.69,515.05,0.4375
409.9,517.43,0.443359375
409.9,519.01,0.4375

401.98,497.62,0.2509765625
401.19,498.42,0.2802734375
398.81,502.38,0.3017578125
395.64,506.34,0.3232421875
395.64,508.71,0.271484375

398.81,500.0,0.1767578125
398.81,500.79,0.3583984375
398.81,503.96,0.423828125
400.4,506.34,0.427734375
403.56,507.92,0.4013671875
406.73,507.92,0.3017578125
409.11,507.92,0.1865234375
409.9,507.13,0.068359375

405.15,503.17,0.0400390625
406.73,503.96,0.35546875
409.9,503.96,0.3701171875
415.45,503.96,0.314453125
417.82,502.38,0.177734375
417.82,501.58,0.0595703125

413.86,494.46,0.193359375
417.82,493.66,0.376953125
423.37,491.29,0.375
424.16,489.7,0.294921875

413.86,494.46,0.064453125
414.65,503.17,0.0986328125
417.82,502.38,0.1982421875
421.78,499.21,0.2255859375
424.95,496.04,0.2421875
428.12,492.87,0.2421875

325.94,528.51,0.203125
326.73,530.1,0.333984375
329.9,533.27,0.330078125
332.28,534.85,0.26953125
333.07,534.85,0.189453125

323.56,513.47,0.193359375
321.98,512.67,0.216796875
321.98,513.47,0.3046875
322.77,515.05,0.3076171875
325.15,516.63,0.2880859375
326.73,516.63,0.1201171875

328.32,503.96,0.19140625
327.52,503.96,0.2314453125
327.52,510.3,0.4326171875
327.52,514.26,0.4345703125
329.11,519.01,0.40234375
329.9,519.8,0.3330078125
330.69,519.8,0.0234375

333.07,509.5,0.021484375
333.07,511.09,0.4267578125
334.65,518.22,0.484375
337.03,522.18,0.486328125
340.2,522.97,0.4697265625
343.37,522.97,0.423828125
344.95,522.18,0.39453125
345.74,519.8,0.384765625
347.33,521.39,0.4794921875
348.91,522.97,0.4814453125
354.46,526.93,0.478515625
360.79,530.89,0.423828125
367.13,535.64,0.111328125

417.03,582.38,0.1220703125
417.03,583.96,0.1806640625
418.61,585.54,0.2509765625
420.2,587.92,0.267578125
421.78,592.67,0.2587890625
422.57,595.84,0.1640625

423.37,593.47,0.2392578125
423.37,595.05,0.265625
424.95,599.8,0.291015625
428.91,606.14,0.33984375
430.5,608.51,0.2919921875
431.29,608.51,0.1455078125

424.95,588.71,0.2314453125
424.16,590.3,0.3720703125
423.37,595.84,0.3876953125
423.37,602.18,0.4443359375
424.16,606.14,0.4453125
424.95,607.72,0.3974609375
426.53,607.72,0.1689453125

414.65,580.0,0.296875
413.86,581.58,0.3662109375
411.49,587.92,0.4111328125
411.49,595.84,0.4580078125
413.07,604.55,0.4560546875
415.45,606.93,0.390625
417.03,607.72,0.140625

404.36,581.58,0.3173828125
401.19,587.13,0.3740234375
398.81,595.84,0.44140625
398.02,604.55,0.466796875
398.81,610.89,0.462890625
402.77,614.06,0.4189453125
408.32,610.89,0.0185546875

402.77,571.29,0.1982421875
398.02,574.46,0.302734375
394.85,582.38,0.3603515625
394.85,588.71,0.375
395.64,593.47,0.3544921875
398.81,595.05,0.21484375

398.81,571.29,0.298828125
397.23,575.25,0.3056640625
394.06,584.75,0.361328125
392.48,597.43,0.427734375
393.27,602.18,0.4208984375
397.23,603.76,0.35546875
401.19,602.97,0.12109375

387.72,571.29,0.2744140625
386.14,574.46,0.27734375
384.55,580.79,0.3447265625
384.55,586.34,0.3935546875
390.1,591.09,0.36328125
394.85,591.09,0.244140625
396.44,590.3,0.103515625

390.1,569.7,0.298828125
383.76,580.79,0.3544921875
382.97,588.71,0.416015625
382.97,595.84,0.427734375
385.35,599.01,0.4130859375
391.68,597.43,0.1552734375

389.31,577.62,0.2373046875
385.35,583.96,0.28515625
382.97,591.88,0.3544921875
382.97,598.22,0.3876953125
385.35,602.18,0.3759765625
390.1,601.39,0.28515625
391.68,599.01,0.166015625

394.85,582.38,0.2119140625
393.27,587.13,0.2939453125
393.27,593.47,0.38671875
395.64,595.84,0.390625
398.81,595.84,0.34375
401.98,591.88,0.212890625
404.36,588.71,0.0126953125

407.52,581.58,0.283203125
405.15,587.92,0.3271484375
405.15,592.67,0.3955078125
406.73,596.63,0.400390625
409.9,597.43,0.369140625
413.86,595.05,0.12109375

414.65,599.01,0.2197265625
414.65,601.39,0.2578125
417.03,602.97,0.27734375
420.99,603.76,0.2763671875
424.95,604.55,0.234375
426.53,604.55,0.12109375

429.7,601.39,0.0361328125
430.5,602.18,0.1904296875
431.29,606.14,0.3017578125
432.08,610.1,0.3828125
434.46,613.27,0.4072265625
436.83,614.06,0.3720703125
439.21,614.06,0.30078125
442.38,614.85,0.2001953125
444.75,616.44,0.05859375

446.34,620.4,0.0927734375
446.34,621.19,0.248046875
446.34,622.77,0.3017578125
447.92,625.15,0.3251953125
450.3,629.11,0.3466796875
451.88,631.49,0.326171875
452.67,632.28,0.2919921875

436.83,579.21,0.291015625
438.42,582.38,0.3291015625
442.38,584.75,0.3564453125
450.3,584.75,0.392578125
455.84,580.79,0.3759765625
459.8,576.83,0.26171875

448.71,570.5,0.1767578125
449.5,569.7,0.291015625
452.67,567.33,0.310546875
455.05,565.74,0.3154296875
456.63,565.74,0.314453125
458.22,568.91,0.3056640625
459.01,573.66,0.283203125
459.01,579.21,0.28125
459.8,583.17,0.2900390625
459.8,587.92,0.3173828125
459.8,588.71,0.318359375
460.59,588.71,0.2626953125
460.59,587.92,0.1416015625

475.64,589.5,0.0615234375
477.23,587.92,0.06640625
480.4,583.96,0.0830078125
480.4,581.58,0.158203125
481.19,581.58,0.193359375
481.98,581.58,0.3232421875
479.6,586.34,0.4658203125
477.23,591.88,0.4677734375
476.44,595.05,0.4580078125
476.44,595.84,0.43359375
476.44,595.05,0.140625

479.6,578.42,0.0859375
479.6,577.62,0.1396484375
478.81,580.0,0.4580078125
474.85,586.34,0.4765625
469.31,594.26,0.478515625
465.35,601.39,0.447265625
465.35,602.18,0.4013671875

477.23,576.04,0.2470703125
475.64,576.04,0.3076171875
474.06,576.83,0.3330078125
469.31,583.17,0.33984375
465.35,587.92,0.3125
462.97,591.09,0.2646484375
462.18,591.88,0.2109375

470.89,568.91,0.265625
468.51,571.29,0.3369140625
466.14,575.25,0.390625
464.55,580.0,0.4033203125
463.76,583.17,0.400390625
463.76,584.75,0.3798828125
465.35,585.54,0.2275390625
466.93,585.54,0.0966796875

489.9,606.93,0.029296875
490.69,606.93,0.2314453125
493.07,606.93,0.3037109375
497.82,609.31,0.400390625
502.57,610.1,0.408203125
507.33,610.1,0.39453125
512.08,610.1,0.310546875
512.87,609.31,0.1845703125

497.03,607.72,0.267578125
496.24,607.72,0.318359375
496.24,608.51,0.3583984375
498.61,609.31,0.39453125
506.53,607.72,0.4091796875
512.87,603.76,0.408203125
516.83,599.8,0.3330078125
517.62,598.22,0.2255859375

497.03,613.27,0.2646484375
499.41,612.48,0.31640625
504.16,609.31,0.3359375
509.7,603.76,0.34375
516.04,595.84,0.3076171875
517.62,592.67,0.15234375
517.62,591.88,0.0166015625

512.08,591.09,0.0087890625
511.29,591.09,0.181640625
511.29,591.88,0.4013671875
511.29,595.05,0.40234375
510.5,599.01,0.4033203125
507.33,604.55,0.40234375
504.95,607.72,0.40234375
501.78,610.1,0.4013671875
498.61,610.89,0.3994140625
491.49,611.68,0.3544921875
485.94,611.68,0.3046875
480.4,610.89,0.142578125
478.02,608.51,0.0

470.89,602.97,0.1640625
469.31,602.97,0.193359375
468.51,602.97,0.193359375
466.14,602.18,0.12109375
464.55,599.8,0.0478515625
462.18,595.84,0.0166015625
462.18,595.05,0.046875
461.39,596.63,0.2578125
459.01,600.59,0.330078125
456.63,606.93,0.392578125
455.84,609.31,0.3974609375
455.84,610.1,0.3896484375
455.84,609.31,0.177734375
455.84,607.72,0.068359375

452.67,596.63,0.197265625
449.5,598.22,0.30859375
446.34,602.97,0.40234375
443.17,609.31,0.453125
440.0,615.64,0.4716796875
438.42,618.81,0.474609375
438.42,619.6,0.4619140625
438.42,615.64,0.2451171875
438.42,609.31,0.091796875
439.21,606.14,0.0283203125

439.21,598.22,0.0
439.21,595.84,0.0458984375
439.21,593.47,0.216796875
437.62,593.47,0.390625
435.25,595.84,0.45703125
431.29,602.18,0.4794921875
427.33,610.1,0.49609375
427.33,611.68,0.4912109375
427.33,610.89,0.3681640625
427.33,608.51,0.326171875
427.33,601.39,0.193359375
427.33,597.43,0.1904296875
427.33,595.05,0.22265625
424.95,592.67,0.3193359375
422.57,592.67,0.4111328125
419.41,597.43,0.46484375
417.03,606.14,0.48046875
415.45,614.85,0.4873046875
415.45,618.02,0.46484375
417.03,617.23,0.3173828125
417.82,611.68,0.1533203125
417.82,608.51,0.0

417.03,590.3,0.0029296875
414.65,582.38,0.1083984375
411.49,574.46,0.1806640625
409.11,567.33,0.216796875
407.52,560.99,0.271484375
406.73,560.99,0.3046875
406.73,560.2,0.37890625
407.52,559.41,0.3779296875
408.32,557.03,0.3740234375
409.11,554.65,0.3623046875
410.69,551.49,0.3369140625
411.49,550.69,0.330078125
414.65,553.07,0.345703125
420.2,557.82,0.3759765625
428.91,568.12,0.3837890625
432.87,572.87,0.38671875
435.25,575.25,0.38671875
436.04,575.25,0.3564453125
436.04,568.91,0.28125
434.46,564.16,0.2763671875
432.08,562.57,0.3017578125
429.7,562.57,0.390625
426.53,571.29,0.4375
425.74,579.21,0.4375
426.53,585.54,0.3603515625
427.33,591.09,0.0

369.5,627.52,0.1845703125
371.09,629.9,0.2548828125
373.47,633.07,0.2939453125
377.43,635.45,0.3046875
382.18,637.03,0.263671875
383.76,637.03,0.0869140625

369.5,635.45,0.2685546875
371.09,640.2,0.4345703125
373.47,644.16,0.4677734375
376.63,647.33,0.46875
379.01,648.12,0.4384765625
380.59,648.12,0.3115234375

369.5,640.2,0.2841796875
368.71,640.2,0.330078125
368.71,640.99,0.462890625
371.09,641.78,0.4658203125
373.47,642.57,0.4296875
374.26,642.57,0.3798828125
375.05,642.57,0.1494140625

369.5,640.2,0.2958984375
364.75,639.41,0.3173828125
367.92,640.2,0.4580078125
369.5,640.2,0.4453125
370.3,640.2,0.4072265625

354.46,629.9,0.244140625
352.87,629.11,0.283203125
354.46,629.11,0.4814453125
356.83,629.11,0.458984375
359.21,625.15,0.4111328125
360.0,621.19,0.2431640625

319.6,578.42,0.22265625
319.6,577.62,0.2744140625
318.02,576.04,0.3271484375
315.64,574.46,0.3310546875
313.27,574.46,0.32421875
310.1,575.25,0.3046875
308.51,583.17,0.27734375
308.51,588.71,0.27734375
310.89,592.67,0.265625
314.06,593.47,0.236328125
317.23,592.67,0.173828125
319.6,587.92,0.142578125
320.4,583.96,0.1337890625
320.4,581.58,0.125
320.4,580.0,0.154296875
319.6,580.0,0.38671875
318.81,580.79,0.439453125
318.81,582.38,0.451171875
318.02,584.75,0.4677734375
318.81,587.13,0.4716796875
322.77,588.71,0.443359375
327.52,587.92,0.375
332.28,583.96,0.3076171875
336.24,579.21,0.15625
337.82,576.83,0.0693359375

337.82,572.08,0.0224609375
333.86,572.87,0.2431640625
329.11,576.83,0.3046875
325.94,581.58,0.3564453125
323.56,585.54,0.390625
323.56,588.71,0.3974609375
323.56,589.5,0.3818359375
327.52,587.13,0.1845703125
329.11,584.75,0.048828125

337.82,572.08,0.248046875
323.56,576.04,0.28515625
319.6,580.79,0.326171875
317.23,583.96,0.3388671875
316.44,583.96,0.3330078125
316.44,581.58,0.1201171875

319.6,563.37,0.154296875
318.02,566.53,0.255859375
315.64,571.29,0.330078125
314.06,576.04,0.3671875
314.06,579.21,0.3828125
314.85,576.04,0.25390625
317.23,568.91,0.0908203125

325.15,553.07,0.0341796875
325.15,554.65,0.3974609375
321.19,560.2,0.4267578125
319.6,562.57,0.4365234375
319.6,563.37,0.4365234375
320.4,562.57,0.3837890625
323.56,559.41,0.33203125
331.49,549.11,0.189453125
335.45,541.98,0.1240234375
337.82,536.44,0.1328125
337.82,534.06,0.2490234375
335.45,534.06,0.484375
333.86,531.68,0.4345703125
332.28,525.35,0.32421875
329.9,521.39,0.1904296875

103.37,640.99,0.228515625
102.57,640.99,0.2451171875
102.57,641.78,0.2451171875
102.57,643.37,0.1220703125

103.37,640.99,0.2548828125
93.07,635.45,0.27734375
93.86,636.24,0.28125
97.03,637.03,0.28515625
101.78,637.03,0.265625
106.53,636.24,0.12890625

125.54,605.35,0.041015625
124.75,606.14,0.4677734375
123.17,610.1,0.484375
121.58,615.64,0.4853515625
121.58,620.4,0.466796875
121.58,621.19,0.427734375

119.21,599.8,0.1943359375
117.62,599.8,0.3359375
116.04,602.18,0.4375
114.46,608.51,0.4814453125
114.46,612.48,0.484375
114.46,614.06,0.4765625
115.25,614.06,0.2646484375

113.66,602.97,0.251953125
112.87,603.76,0.2900390625
111.29,606.93,0.3828125
111.29,610.89,0.4365234375
111.29,614.85,0.4482421875
111.29,616.44,0.416015625
112.87,616.44,0.1669921875

115.25,608.51,0.2353515625
114.46,610.89,0.296875
114.46,615.64,0.3818359375
116.04,618.81,0.4130859375
119.21,620.4,0.408203125
124.75,620.4,0.234375

132.67,613.27,0.2490234375
131.88,615.64,0.3623046875
131.88,618.02,0.4345703125
133.47,621.19,0.44140625
136.63,621.19,0.3642578125
139.8,621.19,0.181640625

142.18,615.64,0.234375
141.39,616.44,0.2978515625
141.39,618.02,0.4013671875
141.39,620.4,0.451171875
142.18,621.98,0.453125
143.76,621.98,0.390625
145.35,621.98,0.1650390625

142.18,615.64,0.181640625
148.51,629.11,0.3896484375
150.89,633.07,0.421875
154.06,634.65,0.427734375
157.23,635.45,0.3935546875
161.98,635.45,0.1103515625

161.98,635.45,0.1982421875
161.98,637.03,0.3486328125
163.56,638.61,0.3896484375
167.52,638.61,0.3896484375
175.45,629.9,0.2841796875
178.61,625.15,0.1357421875

175.45,503.96,0.19140625
174.65,503.96,0.2421875
175.45,503.17,0.275390625
176.24,502.38,0.0302734375

175.45,503.96,0.015625
175.45,507.13,0.2705078125
173.07,517.43,0.4189453125
173.07,521.39,0.4462890625
174.65,522.97,0.4296875
177.82,522.97,0.2255859375

178.61,526.14,0.2314453125
177.03,528.51,0.314453125
174.65,534.85,0.4462890625
174.65,536.44,0.466796875
175.45,536.44,0.44921875
177.82,535.64,0.3388671875
180.2,533.27,0.0908203125

178.61,526.14,0.2822265625
178.61,519.8,0.3369140625
174.65,525.35,0.4365234375
171.49,533.27,0.4892578125
169.11,538.81,0.5205078125
169.11,542.77,0.5087890625
169.9,542.77,0.412109375
172.28,540.4,0.1611328125

158.81,525.35,0.32421875
156.44,528.51,0.337890625
149.31,538.02,0.4677734375
147.72,541.98,0.4931640625
147.72,543.56,0.4931640625
149.31,543.56,0.392578125
152.48,538.81,0.1337890625

158.81,525.35,0.2490234375
148.51,520.59,0.38671875
145.35,524.55,0.4755859375
143.76,527.72,0.513671875
142.97,530.1,0.529296875
142.97,530.89,0.5283203125
144.55,528.51,0.3466796875
146.93,523.76,0.0068359375

148.51,508.71,0.291015625
147.72,508.71,0.3408203125
146.14,509.5,0.3994140625
143.76,512.67,0.486328125
142.18,515.84,0.5361328125
141.39,518.22,0.5546875
141.39,517.43,0.4443359375
143.76,514.26,0.3095703125
145.35,509.5,0.0224609375

148.51,508.71,0.0595703125
144.55,503.17,0.294921875
142.18,505.54,0.42578125
137.43,512.67,0.5166015625
135.84,516.63,0.55859375
135.05,518.22,0.56640625
137.43,517.43,0.369140625
139.8,513.47,0.154296875

148.51,508.71,0.1669921875
136.63,503.96,0.3515625
132.67,507.13,0.4384765625
128.71,510.3,0.4873046875
127.13,514.26,0.50390625
126.34,516.63,0.505859375
127.13,516.63,0.4208984375
129.5,515.84,0.236328125
131.09,514.26,0.03515625

131.09,505.54,0.2021484375
128.71,505.54,0.28125
124.75,506.34,0.38671875
121.58,508.71,0.44140625
118.42,511.88,0.4580078125
117.62,513.47,0.447265625
119.21,513.47,0.1611328125

120.79,497.62,0.2939453125
113.66,502.38,0.39453125
110.5,505.54,0.439453125
108.91,509.5,0.453125
106.53,512.67,0.44921875
106.53,514.26,0.4326171875
107.33,514.26,0.18359375

107.33,511.88,0.2626953125
104.95,514.26,0.275390625
103.37,519.8,0.3642578125
102.57,524.55,0.4091796875
104.95,530.89,0.4091796875
108.91,532.48,0.322265625
112.87,532.48,0.0458984375

123.17,531.68,0.22265625
122.38,534.06,0.2783203125
121.58,539.6,0.4150390625
123.17,540.4,0.416015625
127.92,539.6,0.369140625
133.47,535.64,0.2919921875
139.01,530.89,0.091796875

145.35,526.93,0.025390625
145.35,528.51,0.28125
145.35,531.68,0.390625
145.35,534.85,0.455078125
154.06,534.06,0.455078125
159.6,529.31,0.435546875
165.15,522.97,0.4013671875
167.52,518.22,0.3916015625
168.32,516.63,0.390625
169.11,516.63,0.5478515625
172.28,516.63,0.5517578125
183.37,509.5,0.5302734375
192.87,498.42,0.427734375
196.04,493.66,0.2587890625

96.24,422.38,0.1689453125
95.45,423.96,0.1943359375
93.86,426.34,0.2802734375
93.07,427.92,0.326171875
93.07,428.71,0.3330078125
93.86,428.71,0.2294921875

96.24,422.38,0.2001953125
87.52,426.34,0.3037109375
85.15,428.71,0.3984375
85.15,430.3,0.4462890625
85.15,433.47,0.451171875
85.15,435.84,0.4345703125
85.94,436.63,0.333984375
86.73,436.63,0.26953125
87.52,436.63,0.08984375

89.11,433.47,0.1103515625
89.9,434.26,0.3603515625
92.28,438.22,0.4453125
95.45,439.8,0.45703125
100.2,439.8,0.4521484375
104.95,439.8,0.4072265625
108.91,437.43,0.2802734375
109.7,435.84,0.078125

94.65,482.57,0.0595703125
94.65,481.78,0.1357421875
94.65,480.2,0.3076171875
93.86,480.2,0.3662109375
93.07,481.78,0.45703125
90.69,485.74,0.4658203125
89.9,488.12,0.4638671875
89.9,488.91,0.455078125
89.9,488.12,0.2197265625
89.9,486.53,0.0771484375

84.36,477.03,0.1533203125
79.6,477.03,0.287109375
73.27,482.57,0.4169921875
70.1,487.33,0.4677734375
69.31,490.5,0.48828125
69.31,492.08,0.4873046875
70.1,492.08,0.4521484375
74.06,491.29,0.294921875
74.85,487.33,0.064453125

74.85,481.78,0.1748046875
71.68,482.57,0.3173828125
69.31,485.74,0.4111328125
67.72,489.7,0.4677734375
66.93,492.08,0.4892578125
66.93,493.66,0.4873046875
69.31,492.08,0.322265625
70.1,490.5,0.22265625
71.68,488.91,0.0810546875

74.85,481.78,0.0908203125
69.31,480.2,0.30859375
65.35,481.78,0.4443359375
64.55,482.57,0.4736328125
62.18,484.95,0.4873046875
62.18,485.74,0.4892578125
62.97,485.74,0.326171875
66.14,479.41,0.041015625

66.93,471.49,0.072265625
64.55,470.69,0.244140625
62.18,470.69,0.3896484375
59.01,473.86,0.4482421875
57.43,477.82,0.46484375
57.43,480.2,0.466796875
57.43,481.78,0.4443359375
60.59,481.78,0.294921875
62.18,480.2,0.193359375

66.93,471.49,0.2060546875
62.18,465.15,0.3193359375
59.01,466.73,0.4111328125
56.63,469.11,0.458984375
55.05,473.07,0.462890625
55.05,473.86,0.447265625
55.84,473.86,0.3779296875
58.22,473.86,0.2578125
59.8,473.07,0.1591796875

66.93,471.49,0.0419921875
57.43,465.15,0.2041015625
52.67,465.94,0.3125
48.71,469.11,0.4033203125
47.92,470.69,0.4189453125
48.71,470.69,0.3525390625
51.09,469.9,0.2822265625
53.47,465.94,0.0986328125

55.84,455.64,0.158203125
54.26,455.64,0.2431640625
51.09,455.64,0.361328125
48.71,457.23,0.4150390625
46.34,460.4,0.443359375
43.96,464.36,0.458984375
42.38,467.52,0.462890625
42.38,469.9,0.4248046875
43.96,469.9,0.3017578125
47.13,466.73,0.1083984375

55.84,455.64,0.1044921875
50.3,458.81,0.248046875
48.71,459.6,0.2802734375
46.34,463.56,0.3447265625
43.96,470.69,0.392578125
43.96,474.65,0.3916015625
45.54,477.82,0.359375
48.71,480.2,0.265625
52.67,482.57,0.021484375

65.35,487.33,0.1181640625
64.55,487.33,0.1298828125
62.97,487.33,0.2451171875
61.39,486.53,0.3359375
57.43,488.12,0.4208984375
55.05,490.5,0.4345703125
54.26,493.66,0.4345703125
54.26,495.25,0.416015625
56.63,495.25,0.3486328125
61.39,493.66,0.0693359375

65.35,487.33,0.2060546875
59.01,486.53,0.302734375
56.63,489.7,0.3759765625
56.63,493.66,0.3935546875
59.8,494.46,0.3701171875
64.55,494.46,0.2978515625
69.31,492.87,0.1728515625
71.68,490.5,0.0

81.98,469.11,0.05859375
81.98,467.52,0.1162109375
79.6,467.52,0.3193359375
76.44,469.11,0.4736328125
74.85,472.28,0.4912109375
74.06,475.45,0.4951171875
74.06,476.24,0.490234375
75.64,477.03,0.4443359375
80.4,476.24,0.34375
85.15,472.28,0.15625
87.52,469.9,0.0009765625

81.98,469.11,0.1201171875
91.49,463.56,0.2607421875
90.69,464.36,0.3974609375
89.11,468.32,0.4453125
88.32,472.28,0.4677734375
88.32,473.86,0.46484375
89.9,475.45,0.3994140625
93.07,475.45,0.31640625
97.03,473.86,0.1171875

103.37,473.07,0.31640625
103.37,473.86,0.314453125
104.16,473.86,0.333984375
108.12,473.86,0.2880859375
112.08,471.49,0.05078125

117.62,468.32,0.2216796875
115.25,472.28,0.30859375
115.25,474.65,0.3701171875
116.04,475.45,0.3837890625
118.42,475.45,0.37890625
122.38,473.07,0.32421875
126.34,469.9,0.2802734375
128.71,467.52,0.125
129.5,465.94,0.021484375

127.13,466.73,0.099609375
123.96,469.9,0.1943359375
121.58,473.86,0.3017578125
120.79,477.82,0.3642578125
123.96,478.61,0.3232421875
128.71,476.24,0.2099609375
133.47,472.28,0.009765625

137.43,468.32,0.21875
135.84,469.11,0.27734375
134.26,472.28,0.3701171875
134.26,474.65,0.40234375
135.84,474.65,0.3896484375
139.8,473.07,0.330078125
145.35,468.32,0.18359375

158.81,427.13,0.080078125
156.44,427.92,0.2060546875
153.27,431.09,0.302734375
151.68,433.47,0.3388671875
148.51,436.63,0.3837890625
146.14,439.8,0.3974609375
145.35,442.97,0.38671875
144.55,443.76,0.36328125

142.18,437.43,0.283203125
135.84,442.18,0.3369140625
131.09,447.72,0.4208984375
127.92,451.68,0.462890625
127.92,454.06,0.4638671875
130.3,454.06,0.3564453125
134.26,449.31,0.1083984375

142.18,437.43,0.2578125
132.67,439.8,0.3251953125
129.5,442.18,0.412109375
128.71,442.97,0.4375
130.3,442.97,0.359375
132.67,440.59,0.21484375
134.26,439.01,0.080078125

129.5,428.71,0.1943359375
127.13,430.3,0.2900390625
131.09,428.71,0.154296875
132.67,427.13,0.0029296875

150.89,408.12,0.048828125
150.89,407.33,0.0966796875
149.31,404.95,0.3017578125
144.55,404.95,0.3701171875
137.43,407.33,0.38671875
129.5,410.5,0.3935546875
123.17,412.87,0.3916015625
118.42,414.46,0.3759765625
117.62,414.46,0.359375
118.42,414.46,0.1904296875
119.21,414.46,0.060546875

129.5,401.78,0.296875
121.58,406.53,0.3505859375
116.04,410.5,0.4296875
113.66,413.66,0.447265625
113.66,415.25,0.4296875
117.62,415.25,0.3203125
126.34,410.5,0.0068359375

129.5,401.78,0.1083984375
131.09,406.53,0.232421875
130.3,409.7,0.5087890625
127.92,415.25,0.509765625
126.34,421.58,0.505859375
126.34,427.13,0.423828125
128.71,427.13,0.2578125
131.88,427.13,0.1064453125

314.06,477.82,0.1513671875
317.23,477.03,0.3486328125
320.4,475.45,0.28125
321.98,472.28,0.0849609375

314.06,477.82,0.126953125
321.19,469.9,0.2255859375
319.6,470.69,0.3486328125
318.81,473.07,0.4443359375
318.81,473.86,0.4580078125
319.6,473.86,0.4560546875
323.56,471.49,0.37890625
331.49,463.56,0.0966796875
333.86,460.4,0.0

333.86,459.6,0.0458984375
333.07,459.6,0.275390625
329.9,464.36,0.4365234375
329.11,466.73,0.48828125
329.11,467.52,0.505859375
329.9,464.36,0.375
332.28,461.19,0.26953125
333.86,458.81,0.2109375
334.65,458.81,0.2109375
335.45,458.81,0.4189453125
336.24,458.81,0.4384765625
337.03,458.81,0.443359375
337.82,458.81,0.408203125
338.61,458.81,0.3564453125
340.2,454.06,0.12890625

329.11,385.94,0.099609375
329.11,386.73,0.1142578125
329.11,387.52,0.197265625
329.11,389.11,0.2509765625
329.11,390.69,0.28515625
329.11,392.28,0.3017578125
329.11,393.07,0.291015625

329.11,385.94,0.248046875
327.52,393.07,0.341796875
325.94,397.03,0.4033203125
325.15,399.41,0.4189453125
326.73,398.61,0.1875

328.32,393.07,0.267578125
323.56,400.2,0.3837890625
320.4,404.95,0.4130859375
318.02,408.91,0.40625
312.48,413.66,0.2255859375

218.22,452.48,0.1396484375
219.01,451.68,0.1982421875
220.59,450.1,0.1962890625
222.97,446.93,0.1015625

218.22,452.48,0.125
216.63,450.1,0.2978515625
214.26,454.06,0.3759765625
211.09,458.81,0.4033203125
208.71,461.98,0.4013671875
208.71,461.98,0.1787109375

218.22,452.48,0.2900390625
205.54,449.31,0.3564453125
201.58,454.06,0.427734375
197.62,458.02,0.4462890625
195.25,460.4,0.4169921875
194.46,460.4,0.375
194.46,458.81,0.12890625

196.04,444.55,0.1875
195.25,443.76,0.255859375
192.87,443.76,0.2939453125
190.5,441.39,0.236328125

223.76,318.61,0.1962890625
222.97,318.61,0.310546875
222.97,320.2,0.4033203125
222.18,324.16,0.453125
222.18,327.33,0.4580078125
222.97,329.7,0.443359375
224.55,331.29,0.3125
225.35,331.29,0.0625

223.76,325.74,0.205078125
222.97,325.74,0.2578125
220.59,325.74,0.376953125
219.8,326.53,0.4384765625
219.8,328.12,0.466796875
219.8,328.91,0.4560546875
221.39,328.91,0.3173828125
222.18,325.74,0.1513671875
222.18,323.37,0.0
221.39,321.78,0.0478515625
219.01,320.2,0.2314453125
216.63,319.41,0.4072265625
215.84,319.41,0.4580078125
214.26,324.16,0.4697265625
212.67,331.29,0.4833984375
212.67,336.04,0.48046875
215.05,338.42,0.392578125
217.43,338.42,0.28125
219.01,336.83,0.1474609375

223.76,325.74,0.130859375
213.47,318.61,0.2451171875
210.3,318.61,0.3681640625
207.92,320.2,0.3994140625
204.75,324.95,0.408203125
203.17,328.91,0.4072265625
203.17,331.29,0.33203125
204.75,331.29,0.2099609375

266.53,260.79,0.1748046875
267.33,262.38,0.1982421875
269.7,264.75,0.2373046875
271.29,267.13,0.23828125
274.46,267.13,0.0

272.87,260.79,0.208984375
272.87,262.38,0.3046875
272.87,265.54,0.3876953125
273.66,270.3,0.4384765625
276.04,271.88,0.4345703125
279.21,271.88,0.341796875
282.38,268.71,0.140625

272.87,260.79,0.2158203125
277.62,262.38,0.275390625
276.83,264.75,0.400390625
276.83,267.92,0.44140625
276.83,271.88,0.4638671875
279.21,273.47,0.4423828125
283.17,273.47,0.2978515625
285.54,271.09,0.123046875

328.32,299.6,0.2626953125
327.52,299.6,0.296875
327.52,300.4,0.3271484375
327.52,301.19,0.3642578125

328.32,299.6,0.267578125
324.36,302.77,0.298828125
322.77,306.73,0.3955078125
320.4,311.49,0.466796875
318.02,313.86,0.4765625
315.64,315.45,0.4375
314.06,316.24,0.310546875
314.06,315.45,0.158203125

