-1.225441575050354,1.053526759147644,0.0

1.203177809715271,0.4908306896686554,0.40849024057388306
1.2232248783111572,0.5184248089790344,0.4503222107887268
1.2383469343185425,0.5413646101951599,0.46991613507270813
1.2579083442687988,0.574122428894043,0.48566797375679016
1.2690757513046265,0.5958365797996521,0.4922999143600464
1.278910517692566,0.6193505525588989,0.4989668130874634
1.2851207256317139,0.6356844902038574,0.5055124759674072
1.2879959344863892,0.6441149115562439,0.5085580945014954
1.301963210105896,0.6880167126655579,0.5230178236961365
1.3214335441589355,0.7510033249855042,0.5375653505325317
1.327426552772522,0.7687214016914368,0.5401406288146973
1.3338427543640137,0.7860115766525269,0.5415422320365906
1.3443926572799683,0.8108901381492615,0.5422026515007019
1.352022647857666,0.8266454339027405,0.5424835085868835
1.3602614402770996,0.8419492840766907,0.5434965491294861
1.373595952987671,0.8640546202659607,0.5448578000068665
1.3782894611358643,0.8711797595024109,0.5451951026916504
1.38826584815979,0.8849973678588867,0.5457601547241211
1.398590087890625,0.8983070850372314,0.5464795827865601
1.4039957523345947,0.9047648906707764,0.5469412803649902
1.4204981327056885,0.9230991005897522,0.5480751991271973
1.4376914501190186,0.9403895139694214,0.548035740852356
1.4548563957214355,0.95614093542099,0.5466915965080261
1.4773173332214355,0.9748098254203796,0.5444406270980835
1.4985852241516113,0.9913801550865173,0.5419001579284668
1.5187828540802002,1.0066004991531372,0.5382948517799377
1.548294186592102,1.0271921157836914,0.5068504214286804
1.5530859231948853,1.0312373638153076,0.48477602005004883
1.5577889680862427,1.0360095500946045,0.4511348605155945
1.5653746128082275,1.050079345703125,0.3978697955608368
1.5529544353485107,1.05511474609375,0.44706565141677856
1.5318611860275269,1.0545589923858643,0.5534396171569824
1.5023486614227295,1.052973747253418,0.5577211380004883
1.4681580066680908,1.049358606338501,0.5592774748802185
1.4304139614105225,1.0442290306091309,0.5594761967658997
1.4105949401855469,1.0411804914474487,0.5593637228012085
1.37966787815094,1.0352977514266968,0.5583566427230835
1.3587820529937744,1.030534029006958,0.5573070049285889
1.3377234935760498,1.025007963180542,0.5561730265617371
1.3167701959609985,1.0185604095458984,0.5553336143493652
1.2956550121307373,1.0112782716751099,0.5544947385787964
1.28516685962677,1.0072698593139648,0.5540249943733215
1.2541427612304688,0.9942415952682495,0.551983654499054
1.2338911294937134,0.9846891760826111,0.5501524806022644
1.2139811515808105,0.9745309948921204,0.5478849411010742
1.1941486597061157,0.9637686610221863,0.5452988147735596
1.1748005151748657,0.9526402354240417,0.5428273677825928
1.146666169166565,0.9351860284805298,0.5393832921981812
1.1193692684173584,0.917397141456604,0.5353413820266724
1.0673223733901978,0.8815938234329224,0.5232585668563843
1.0354455709457397,0.8577837347984314,0.5139013528823853
1.0207480192184448,0.8460374474525452,0.5092703104019165
1.0070137977600098,0.8341677188873291,0.5042216777801514
0.9877919554710388,0.8164037466049194,0.49743664264678955
0.9702675342559814,0.7989065051078796,0.4899545907974243
0.9594878554344177,0.7873960137367249,0.48394930362701416
0.9492419362068176,0.7760968804359436,0.4762147068977356
0.9351651668548584,0.7594652771949768,0.4608825445175171
0.9060900211334229,0.7212809920310974,0.3877376914024353

1.0208864212036133,-0.06234084814786911,0.42411571741104126
1.0285615921020508,-0.07983715832233429,0.4425281286239624
1.0352797508239746,-0.09043453633785248,0.45116305351257324
1.0407419204711914,-0.09818217158317566,0.45470356941223145
1.050638198852539,-0.11060112714767456,0.4574456810951233
1.0628217458724976,-0.12422960251569748,0.4585745334625244
1.072190761566162,-0.1339140385389328,0.45893895626068115
1.0827280282974243,-0.14411561191082,0.4587307572364807

1.2619776725769043,-0.2455960065126419,0.46017205715179443
1.2795779705047607,-0.25012141466140747,0.46030014753341675
1.306473731994629,-0.2556130886077881,0.4603126645088196
1.3155646324157715,-0.25708329677581787,0.46024268865585327
1.3339037895202637,-0.25938141345977783,0.46000391244888306
1.3614835739135742,-0.26146432757377625,0.45984750986099243
1.379832148551941,-0.26192164421081543,0.46027055382728577
1.3981865644454956,-0.2616729438304901,0.461428165435791
1.4164509773254395,-0.2606252431869507,0.46304023265838623
1.4255266189575195,-0.259792685508728,0.46404048800468445
1.443751335144043,-0.2576160132884979,0.46631550788879395
1.4619060754776,-0.2547847032546997,0.46881404519081116
1.488690733909607,-0.24934419989585876,0.47243624925613403
1.5149013996124268,-0.2427494078874588,0.47588130831718445
1.5320043563842773,-0.23763418197631836,0.4795132577419281
1.5487498044967651,-0.23184466361999512,0.4842301607131958
1.565068006515503,-0.22533704340457916,0.48965081572532654
1.57302725315094,-0.22175166010856628,0.49239498376846313
1.5809321403503418,-0.21800395846366882,0.49498435854911804
1.5962450504302979,-0.20994044840335846,0.49943748116493225
1.610959768295288,-0.20114128291606903,0.5032783150672913
1.6180659532546997,-0.19645898044109344,0.5051971077919006
1.625062346458435,-0.19160455465316772,0.5070436596870422
1.638630747795105,-0.1813114881515503,0.5108065605163574
1.6516042947769165,-0.17037251591682434,0.5145651698112488
1.6577589511871338,-0.164645254611969,0.5163367390632629
1.6637625694274902,-0.15880531072616577,0.5179620981216431
1.675237774848938,-0.1466953605413437,0.5207159519195557
1.6806474924087524,-0.1404293030500412,0.5219556093215942
1.6908495426177979,-0.12742966413497925,0.5242305994033813
1.7002105712890625,-0.11386082321405411,0.526358962059021
1.7088543176651,-0.09981966763734818,0.528485894203186
1.7128965854644775,-0.0926501676440239,0.5293545722961426
1.7241843938827515,-0.07065661251544952,0.5314040184020996
1.7310709953308105,-0.055688679218292236,0.5321446061134338
1.7374334335327148,-0.04074997827410698,0.5325671434402466
1.7461949586868286,-0.018756616860628128,0.532752513885498
1.751541018486023,-0.00426443200558424,0.5327829122543335
1.7588413953781128,0.017271623015403748,0.5330798625946045
1.7651972770690918,0.03874167427420616,0.5343518257141113
1.7688369750976562,0.05298877879977226,0.53513103723526
1.7734414339065552,0.07397209852933884,0.5371472835540771
1.7782360315322876,0.10101701319217682,0.540663480758667
1.7894660234451294,0.17650531232357025,0.548606276512146
1.793934941291809,0.20035211741924286,0.5537569522857666
1.7980806827545166,0.21750056743621826,0.5580378770828247
1.8014962673187256,0.22907227277755737,0.5599026679992676
1.803983211517334,0.23622138798236847,0.5606640577316284
1.8108885288238525,0.25258201360702515,0.5610877275466919
1.81874680519104,0.26766732335090637,0.5608097314834595
1.8322443962097168,0.2915992736816406,0.56122225522995
1.8379137516021729,0.30396154522895813,0.5634032487869263
1.8401269912719727,0.310498982667923,0.5648059844970703
1.8417166471481323,0.31707507371902466,0.5660789608955383
1.8428186178207397,0.32376664876937866,0.567069411277771
1.8434064388275146,0.3305523991584778,0.5678746104240417
1.8433443307876587,0.33769431710243225,0.5689995288848877
1.8426979780197144,0.3451426923274994,0.5703510642051697
1.8415651321411133,0.3527170419692993,0.5719661116600037
1.8399053812026978,0.36038193106651306,0.5736538171768188
1.8377882242202759,0.3682282269001007,0.5753442645072937
1.8350878953933716,0.3761674165725708,0.5768476724624634
1.8319356441497803,0.3843676447868347,0.5782493352890015
1.8282243013381958,0.3927197754383087,0.5796705484390259
1.8192394971847534,0.4102729260921478,0.5827601552009583
1.8081402778625488,0.42831942439079285,0.5856447219848633
1.7950973510742188,0.44666263461112976,0.587608277797699
1.7798583507537842,0.4655800759792328,0.5903175473213196
1.7669801712036133,0.4798610210418701,0.5924859642982483
1.7577698230743408,0.4892760217189789,0.5937424302101135
1.747936725616455,0.4984623193740845,0.5950276851654053
1.7375437021255493,0.5074359774589539,0.5961824059486389
1.7266838550567627,0.5162097215652466,0.5970984697341919
1.7153137922286987,0.5246059894561768,0.5973475575447083
1.703521966934204,0.5326405167579651,0.5973392128944397
1.6913673877716064,0.5402387380599976,0.5973542928695679
1.678804874420166,0.5473431944847107,0.59787517786026
1.6659977436065674,0.5539975762367249,0.5985196828842163
1.652911901473999,0.5600676536560059,0.599047839641571
1.6395946741104126,0.5656073689460754,0.5989663004875183
1.6262977123260498,0.5705743432044983,0.5987840294837952
1.6129392385482788,0.5749369263648987,0.5979765057563782
1.5928387641906738,0.5805575251579285,0.5962578654289246
1.5793222188949585,0.5836853384971619,0.595369279384613
1.565873622894287,0.5864670276641846,0.5943794250488281
1.545635461807251,0.5899081826210022,0.592380166053772
1.5321544408798218,0.5918553471565247,0.5907530784606934
1.5048069953918457,0.5951441526412964,0.5871041417121887
1.4843815565109253,0.596979022026062,0.5850751996040344
1.4572746753692627,0.5986831188201904,0.5843393802642822
1.4375343322753906,0.599288821220398,0.5843797326087952
1.4247092008590698,0.5992412567138672,0.5832754373550415
1.4059029817581177,0.5987316370010376,0.5799093246459961
1.3814467191696167,0.597423255443573,0.5755725502967834
1.3574527502059937,0.5954685211181641,0.5723513960838318
1.3231723308563232,0.5917739272117615,0.5730524063110352
1.301706075668335,0.5889980792999268,0.5742313265800476
1.286619782447815,0.5865203142166138,0.5672674179077148
1.2727876901626587,0.5834475755691528,0.520748496055603
1.2561854124069214,0.578565776348114,0.21727144718170166

1.0542218685150146,-0.07236364483833313,0.11324422061443329
1.0463833808898926,-0.06969764083623886,0.2648870050907135
1.0327242612838745,-0.06681279093027115,0.33227038383483887
1.0162060260772705,-0.06440314650535583,0.3380899727344513
0.997340202331543,-0.06213398650288582,0.3533063232898712
0.977015495300293,-0.060265690088272095,0.38758546113967896
0.9631277918815613,-0.059504710137844086,0.427447110414505
0.9490312933921814,-0.05938447639346123,0.4824795424938202
0.9348146915435791,-0.060243476182222366,0.5334649085998535
0.9204410314559937,-0.06202586367726326,0.5672816634178162
0.905714750289917,-0.06467563658952713,0.57964026927948
0.8905573487281799,-0.06793281435966492,0.5832206010818481
0.8749047517776489,-0.07173153012990952,0.5840630531311035
0.8424474000930786,-0.08070442080497742,0.5829885005950928
0.8176971077919006,-0.08870953321456909,0.5811684727668762
0.8010751605033875,-0.09468017518520355,0.5793407559394836
0.7759755849838257,-0.10488405078649521,0.5750609040260315
0.759338915348053,-0.11270930618047714,0.5709771513938904
0.7342542409896851,-0.12603633105754852,0.5659104585647583
0.7092915773391724,-0.14100025594234467,0.5617190003395081
0.6842721104621887,-0.15716144442558289,0.558793842792511
0.6509515047073364,-0.18038910627365112,0.5559720396995544
0.6093348860740662,-0.21074150502681732,0.5509322285652161
0.5412137508392334,-0.2613726854324341,0.5368492007255554
0.5152339339256287,-0.2796923518180847,0.5295983552932739
0.4977675974369049,-0.2914072573184967,0.5248474478721619
0.46208250522613525,-0.31391212344169617,0.5149264335632324
0.4350511133670807,-0.32974934577941895,0.5058953166007996
0.39899277687072754,-0.34924641251564026,0.4914436340332031
0.3722465932369232,-0.36237969994544983,0.478610098361969
0.35469552874565125,-0.37036046385765076,0.4679914712905884
0.33737707138061523,-0.3775930404663086,0.45616796612739563
0.3119911551475525,-0.3868885636329651,0.43963703513145447
0.2955796420574188,-0.39213693141937256,0.4323136806488037
0.2796359360218048,-0.3967462480068207,0.42779824137687683
0.26425957679748535,-0.40076765418052673,0.42488640546798706
0.2494133561849594,-0.40424004197120667,0.4232497215270996
0.22826388478279114,-0.40837863087654114,0.4209740161895752
0.2150576263666153,-0.41050609946250916,0.4180717170238495
0.1908467710018158,-0.41327932476997375,0.4108184576034546
0.17494308948516846,-0.41441774368286133,0.40700143575668335
0.16076502203941345,-0.4150463938713074,0.40305760502815247
0.12294621765613556,-0.41530299186706543,0.3901791572570801
0.10306873917579651,-0.420060932636261,0.3898129165172577
0.0888686403632164,-0.4282820224761963,0.3898129165172577
0.07628526538610458,-0.4350430965423584,0.40284228324890137
0.06157296150922775,-0.4412950873374939,0.41472581028938293
0.04187052324414253,-0.4484456181526184,0.42782700061798096
0.00914683099836111,-0.4589400887489319,0.43505722284317017
-0.023806344717741013,-0.46859657764434814,0.43804168701171875
-0.06255856901407242,-0.47917264699935913,0.44334131479263306
-0.09533440321683884,-0.48725172877311707,0.44728386402130127
-0.11901995539665222,-0.49252286553382874,0.44918933510780334
-0.14421971142292023,-0.49756529927253723,0.45069262385368347
-0.1708303689956665,-0.5022205710411072,0.45204582810401917
-0.19873294234275818,-0.5064937472343445,0.45324212312698364
-0.22786694765090942,-0.5102863907814026,0.4542902410030365
-0.27311742305755615,-0.5151801705360413,0.4554266929626465
-0.30418163537979126,-0.5177419781684875,0.45651885867118835
-0.3358209729194641,-0.5198224782943726,0.4576665759086609
-0.3842102289199829,-0.5218857526779175,0.45902219414711
-0.4172307550907135,-0.5223836302757263,0.4593238830566406
-0.45063602924346924,-0.5222665071487427,0.45906662940979004
-0.5012425184249878,-0.5208014845848083,0.45842546224594116
-0.5352136492729187,-0.518929123878479,0.45823338627815247
-0.5691466927528381,-0.5164072513580322,0.4583764672279358
-0.6028923988342285,-0.5133492350578308,0.4595499038696289
-0.6363624334335327,-0.5098350048065186,0.461524099111557
-0.6861159801483154,-0.5033100843429565,0.4642466902732849
-0.7190248370170593,-0.4981308579444885,0.46618926525115967
-0.7514781951904297,-0.4923021197319031,0.46700024604797363
-0.7834016680717468,-0.4859387278556824,0.46464112401008606
-0.8148453235626221,-0.47912415862083435,0.4626205563545227
-0.8609381318092346,-0.4679594337940216,0.46262818574905396
-0.8910568952560425,-0.45991283655166626,0.46476227045059204
-0.9207091927528381,-0.4514620304107666,0.46782827377319336
-0.9499426484107971,-0.4424252212047577,0.4702255427837372
-0.978733479976654,-0.43291792273521423,0.47131505608558655
-1.007036805152893,-0.42294713854789734,0.4715980589389801
-1.0349164009094238,-0.4125845432281494,0.4718047082424164
-1.0622555017471313,-0.4019030034542084,0.4724908173084259
-1.1022017002105713,-0.3855409324169159,0.47320735454559326
-1.1282289028167725,-0.37448954582214355,0.4756840765476227
-1.1661977767944336,-0.3576962947845459,0.47932979464530945
-1.1907292604446411,-0.3463691771030426,0.4802282154560089
-1.2264548540115356,-0.32900726795196533,0.48031720519065857
-1.2495112419128418,-0.31718048453330994,0.4809526801109314
-1.271903157234192,-0.3050828278064728,0.48179754614830017
-1.2936125993728638,-0.2928555905818939,0.4828353822231293
-1.3246378898620605,-0.27451932430267334,0.48477062582969666
-1.344239354133606,-0.2623392641544342,0.4859727919101715
-1.363038420677185,-0.25018325448036194,0.48646390438079834
-1.3810701370239258,-0.2380296289920807,0.48627135157585144
-1.3983924388885498,-0.22580920159816742,0.4857191741466522
-1.4234237670898438,-0.20747897028923035,0.48559463024139404
-1.4472826719284058,-0.1891660839319229,0.4874449074268341
-1.4840730428695679,-0.15930935740470886,0.49098411202430725
-1.5171676874160767,-0.13065330684185028,0.49122291803359985
-1.546530842781067,-0.10323265194892883,0.4925026297569275
-1.5905816555023193,-0.060675520449876785,0.46844378113746643
-1.6083346605300903,-0.043122466653585434,0.11081971973180771
-1.6169960498809814,-0.03328048437833786,0.39286476373672485
-1.6050610542297363,-0.02665027044713497,0.40805089473724365
-1.5956518650054932,-0.022854454815387726,0.4152070879936218
-1.5843918323516846,-0.019910626113414764,0.42105361819267273
-1.5755494832992554,-0.01871032640337944,0.4261695146560669
-1.5654351711273193,-0.018226388841867447,0.4316468834877014
-1.5599305629730225,-0.018317552283406258,0.43431228399276733
-1.5478994846343994,-0.01921681873500347,0.438806414604187
-1.5346134901046753,-0.02114439383149147,0.4425780475139618
-1.5199692249298096,-0.02407449297606945,0.4469586908817291
-1.503767967224121,-0.027962250635027885,0.45119136571884155
-1.4860010147094727,-0.032830625772476196,0.45342421531677246
-1.4566447734832764,-0.04179810732603073,0.45552319288253784
-1.424034833908081,-0.05222148075699806,0.45713114738464355
-1.2662042379379272,-0.10425373166799545,0.4611492455005646
-1.2205697298049927,-0.11856081336736679,0.4623483717441559
-1.156084656715393,-0.1376613825559616,0.4650382399559021
-1.104913592338562,-0.15208770334720612,0.47010529041290283
-1.0695133209228516,-0.16171589493751526,0.47214317321777344
-1.0331279039382935,-0.17119087278842926,0.47243279218673706
-0.9960905909538269,-0.18040162324905396,0.4715488851070404
-0.9586127400398254,-0.1890665888786316,0.4705113470554352
-0.9211646318435669,-0.19694355130195618,0.46979042887687683
-0.9025186896324158,-0.20055708289146423,0.4695526957511902
-0.8657013773918152,-0.20698262751102448,0.4693680703639984
-0.8295890688896179,-0.21233591437339783,0.4693498909473419
-0.8118270635604858,-0.21454699337482452,0.46922194957733154
-0.7943261861801147,-0.21650612354278564,0.4690432548522949
-0.7600944638252258,-0.21953564882278442,0.4686250686645508
-0.7270618081092834,-0.22149336338043213,0.46813374757766724
-0.7110045552253723,-0.2220468521118164,0.46782878041267395
-0.695304811000824,-0.22237743437290192,0.4675075113773346
-0.6649302244186401,-0.22223150730133057,0.46669551730155945
-0.6361495852470398,-0.2211260050535202,0.46593159437179565
-0.6089881658554077,-0.21919982135295868,0.4659954905509949
-0.5835541486740112,-0.21644310653209686,0.46617814898490906
-0.5597313046455383,-0.21303819119930267,0.4662817120552063
-0.5267525911331177,-0.20727981626987457,0.46614110469818115
-0.49715456366539,-0.20103366672992706,0.4651602506637573
-0.47132638096809387,-0.19459645450115204,0.45982134342193604
-0.45650190114974976,-0.19009338319301605,0.444045752286911
-0.44362694025039673,-0.18543262779712677,0.3528907895088196
-0.4273669421672821,-0.178170308470726,0.10772238671779633

-0.47210317850112915,-0.19769595563411713,0.43363749980926514
-0.4621422588825226,-0.18553608655929565,0.46965786814689636
-0.455827534198761,-0.17731362581253052,0.48262956738471985
-0.4517116844654083,-0.17102420330047607,0.4882600009441376
-0.44791653752326965,-0.16404762864112854,0.493124783039093
-0.4444829523563385,-0.1563924103975296,0.4992035925388336
-0.4416408836841583,-0.14827221632003784,0.5051031112670898
-0.43963271379470825,-0.13977578282356262,0.5099204778671265
-0.4389733672142029,-0.13537614047527313,0.5108274221420288
-0.43862277269363403,-0.13090002536773682,0.5107005834579468
-0.439039409160614,-0.1218772754073143,0.5006686449050903
-0.43980008363723755,-0.11735013127326965,0.4904605448246002
-0.442546546459198,-0.10824151337146759,0.45194435119628906
-0.4445030689239502,-0.10375691950321198,0.42223870754241943
-0.4495354890823364,-0.09520436078310013,0.3194833993911743
-0.4523856043815613,-0.09116198122501373,0.24821534752845764
-0.4623185098171234,-0.07892626523971558,0.09607422351837158

-0.5664659738540649,0.1423717737197876,0.41131067276000977
-0.5485494136810303,0.12830229103565216,0.44501906633377075
-0.5271371603012085,0.11028566211462021,0.46443572640419006
-0.5084019303321838,0.09317759424448013,0.4748724699020386
-0.48933252692222595,0.07424069941043854,0.4850234389305115
-0.46584922075271606,0.04927586019039154,0.4908565878868103
-0.44806236028671265,0.028623396530747414,0.4939870238304138
-0.4397124946117401,0.018197448924183846,0.49573907256126404
-0.43191903829574585,0.007787025533616543,0.49741724133491516
-0.42477214336395264,-0.0024391491897404194,0.49898502230644226
-0.41834166646003723,-0.01235215924680233,0.5011538863182068
-0.4102667272090912,-0.026554591953754425,0.5046567916870117
-0.4042903184890747,-0.03974789381027222,0.5076625943183899
-0.40043967962265015,-0.05197042599320412,0.5096918940544128
-0.39852264523506165,-0.06290885806083679,0.5124966502189636
-0.3983050584793091,-0.0694572925567627,0.5131189227104187
-0.3988252878189087,-0.0753859281539917,0.5129507780075073
-0.39933276176452637,-0.07806741446256638,0.5127875208854675
-0.40095582604408264,-0.0828079804778099,0.5113192796707153
-0.4034411907196045,-0.08668298274278641,0.5081294775009155
-0.4067550599575043,-0.08966055512428284,0.5050153136253357
-0.41084471344947815,-0.09162820130586624,0.5025783777236938
-0.4157940149307251,-0.09263114631175995,0.5005948543548584
-0.4186360239982605,-0.09278261661529541,0.49986299872398376
-0.42495930194854736,-0.09230441600084305,0.4987058937549591
-0.4322330057621002,-0.09088529646396637,0.4978910982608795
-0.4404071569442749,-0.08859097957611084,0.49762752652168274
-0.44953393936157227,-0.08536545187234879,0.49807000160217285
-0.45956137776374817,-0.08113658428192139,0.4987809658050537
-0.4822639524936676,-0.06995247304439545,0.502013087272644
-0.4946664869785309,-0.06313978880643845,0.5039212703704834
-0.5075454115867615,-0.05554470047354698,0.505544126033783
-0.5342939496040344,-0.038456354290246964,0.5088749527931213
-0.5478770136833191,-0.029051288962364197,0.5113962292671204
-0.5613958835601807,-0.01914355717599392,0.5140353441238403
-0.5748151540756226,-0.008745932020246983,0.5163910388946533
-0.5880217552185059,0.0021298429928719997,0.5175101161003113
-0.6072890162467957,0.01917627640068531,0.5169265270233154
-0.6258035898208618,0.036815445870161057,0.5183598399162292
-0.6486039161682129,0.06036638841032982,0.5245401859283447
-0.6684707403182983,0.08270153403282166,0.5272575616836548
-0.6884043216705322,0.10697228461503983,0.5243813395500183
-0.700112521648407,0.12230217456817627,0.5197320580482483
-0.7114071846008301,0.1378011703491211,0.5050723552703857
-0.71378493309021,0.14147040247917175,0.4967837631702423
-0.7146204710006714,0.14329278469085693,0.4925957918167114
-0.7148626446723938,0.14512880146503448,0.48950985074043274
-0.7141854763031006,0.14679381251335144,0.4871835708618164
-0.7130465507507324,0.14830902218818665,0.4853557348251343
-0.7099968791007996,0.15079918503761292,0.48289981484413147
-0.7064089775085449,0.15279138088226318,0.4817067086696625
-0.7002239227294922,0.15508444607257843,0.48146331310272217
-0.6931551694869995,0.15660858154296875,0.48200634121894836
-0.6853034496307373,0.15762290358543396,0.4847445785999298
-0.6766031384468079,0.15834183990955353,0.487201988697052
-0.6672409772872925,0.15858887135982513,0.4905453026294708
-0.6506232619285583,0.15803059935569763,0.4964865744113922
-0.6402390003204346,0.15697216987609863,0.4970207214355469
-0.6297922134399414,0.15544885396957397,0.49632689356803894
-0.6096581816673279,0.15146642923355103,0.48263615369796753
-0.5867910981178284,0.14636987447738647,0.2809123992919922
-0.5666512846946716,0.14239829778671265,0.41000667214393616
-0.5664659738540649,0.1423717737197876,0.41131067276000977

-0.4095914363861084,-0.03440471366047859,0.4050721824169159
-0.4046497941017151,-0.026841742917895317,0.45630335807800293
-0.40140867233276367,-0.023096924647688866,0.4720078110694885
-0.3972916901111603,-0.019113736227154732,0.4860081076622009
-0.3892955183982849,-0.013040939345955849,0.5025774240493774
-0.37894025444984436,-0.007306654471904039,0.5146681666374207
-0.37072324752807617,-0.003925912082195282,0.5216648578643799
-0.36621737480163574,-0.0024355752393603325,0.524456262588501
-0.35642847418785095,2.7194635549676605e-05,0.5299701690673828
-0.3456723093986511,0.0017009179573506117,0.5340500473976135
-0.33998069167137146,0.002176800509914756,0.5356481671333313
-0.32803258299827576,0.002360990969464183,0.5382318496704102
-0.31559473276138306,0.0013910883571952581,0.5403152108192444
-0.302849143743515,-0.0008029984310269356,0.5421679019927979
-0.2899462878704071,-0.0042166817001998425,0.5421944260597229
-0.2770901322364807,-0.008723045699298382,0.5382537841796875
-0.26438722014427185,-0.014145939610898495,0.5221738219261169
-0.25815877318382263,-0.017191976308822632,0.5079168081283569
-0.2460939586162567,-0.023775063455104828,0.44953617453575134
-0.23467880487442017,-0.030874991789460182,0.33953338861465454
-0.21931025385856628,-0.041647493839263916,0.1020471453666687

-1.6085431575775146,-0.039812784641981125,0.45719778537750244
-1.6224595308303833,-0.039779141545295715,0.47249868512153625
-1.6400758028030396,-0.0384855642914772,0.4812704920768738
-1.6570663452148438,-0.035917751491069794,0.4843156039714813
-1.6761013269424438,-0.03193452209234238,0.4857032895088196
-1.6923257112503052,-0.0274274330586195,0.4887060821056366
-1.7091103792190552,-0.02153005637228489,0.49180805683135986
-1.726263403892517,-0.014082110486924648,0.49467915296554565
-1.7394678592681885,-0.007342111319303513,0.49716004729270935
-1.7530301809310913,0.0006415106472559273,0.49961957335472107
-1.7670011520385742,0.009842569939792156,0.5029182434082031
-1.7811628580093384,0.0201505646109581,0.507699728012085
-1.7956739664077759,0.031307246536016464,0.5123751163482666
-1.815484642982483,0.047603193670511246,0.5161237120628357
-1.8671538829803467,0.09247744083404541,0.5243387818336487
-1.8832179307937622,0.1060754656791687,0.5283594727516174
-1.9052255153656006,0.12361248582601547,0.5316401124000549
-1.9223124980926514,0.13612370193004608,0.533237874507904
-1.945953130722046,0.15181805193424225,0.5325900912284851
-1.958094596862793,0.15917789936065674,0.5315030217170715
-1.9767247438430786,0.16959013044834137,0.5302679538726807
-2.002063035964966,0.18212857842445374,0.5300696492195129
-2.0147922039031982,0.18773481249809265,0.5307118892669678
-2.027536153793335,0.19282886385917664,0.5310408473014832
-2.052975654602051,0.2015381157398224,0.5307906270027161
-2.0655133724212646,0.20521865785121918,0.5297088623046875
-2.07796311378479,0.20843547582626343,0.5268365144729614
-2.102522134780884,0.21365763247013092,0.521142303943634
-2.1326651573181152,0.2185695767402649,0.507544219493866
-2.156013011932373,0.22157569229602814,0.5033063888549805
-2.1729397773742676,0.22330191731452942,0.5066778659820557
-2.1944026947021484,0.224911630153656,0.510256290435791
-2.2190356254577637,0.2261546403169632,0.5086039304733276
-2.260715961456299,0.2266470193862915,0.4935579001903534
-2.2836709022521973,0.2265848070383072,0.4861552119255066
-2.2996363639831543,0.22560374438762665,0.48095235228538513
-2.315819501876831,0.22376851737499237,0.458623468875885
-2.3178858757019043,0.22410885989665985,0.4489899277687073
-2.319039821624756,0.22567561268806458,0.4406561851501465
-2.3196468353271484,0.22760288417339325,0.43403884768486023
-2.3197062015533447,0.22976064682006836,0.4292351007461548
-2.318685293197632,0.23416940867900848,0.4231288731098175
-2.3165457248687744,0.2384488880634308,0.41998186707496643
-2.3151824474334717,0.24046818912029266,0.41900038719177246
-2.3103139400482178,0.24604250490665436,0.41794079542160034
-2.302016019821167,0.25275176763534546,0.41924259066581726
-2.297088384628296,0.2559024691581726,0.4209362268447876
-2.2916371822357178,0.2588862180709839,0.42262858152389526
-2.2792909145355225,0.26445499062538147,0.4270848035812378
-2.264916181564331,0.26964402198791504,0.42935866117477417
-2.2528228759765625,0.2733509838581085,0.4337286651134491
-2.234990358352661,0.2776370346546173,0.4389342665672302
-2.220388650894165,0.28027108311653137,0.4414422810077667
-2.199310779571533,0.2830794155597687,0.443135142326355
-2.182527542114258,0.28475499153137207,0.4442903399467468
-2.1649155616760254,0.28609326481819153,0.44638001918792725
-2.128326416015625,0.28812485933303833,0.45902302861213684
-2.067176580429077,0.2901083827018738,0.4574154317378998
-2.0454745292663574,0.2915988266468048,0.45585086941719055
-2.035846471786499,0.2926987111568451,0.4552907645702362
-2.027153730392456,0.2941751480102539,0.4556419551372528
-2.0195095539093018,0.2960740327835083,0.4571361243724823
-2.0128748416900635,0.29828688502311707,0.46083372831344604
-2.009965181350708,0.29955294728279114,0.46292126178741455
-2.0049631595611572,0.30249303579330444,0.4684807062149048
-2.0011701583862305,0.30589523911476135,0.4738835394382477
-1.9986363649368286,0.3100653290748596,0.47916439175605774
-1.9977498054504395,0.31232166290283203,0.4813554286956787
-1.9967174530029297,0.3170483112335205,0.4849129319190979
-1.9965882301330566,0.3220358192920685,0.4878407418727875
-1.9976147413253784,0.32982903718948364,0.4917910695075989
-2.0047571659088135,0.35503074526786804,0.4835512936115265
-2.005143880844116,0.3573159873485565,0.48071298003196716
-2.005054235458374,0.359626829624176,0.4792172312736511
-2.004369020462036,0.3617823123931885,0.47883695363998413
-2.0032236576080322,0.3637699782848358,0.4792710840702057
-2.001729726791382,0.365574449300766,0.48044800758361816
-1.9997529983520508,0.36719316244125366,0.48192909359931946
-1.9951084852218628,0.3698158264160156,0.4841536283493042
-1.989630937576294,0.3716633915901184,0.4867285192012787
-1.9800301790237427,0.3732983469963074,0.49314552545547485
-1.9687473773956299,0.3735392093658447,0.5008127093315125
-1.9557621479034424,0.3724510967731476,0.5045081973075867
-1.9361882209777832,0.3696199357509613,0.5045599937438965
-1.9149599075317383,0.3654078245162964,0.505548894405365
-1.8984323740005493,0.3613142967224121,0.5097070336341858
-1.8873478174209595,0.35801824927330017,0.5117737054824829
-1.8706893920898438,0.3522752821445465,0.5148454904556274
-1.848638892173767,0.34340786933898926,0.5187650322914124
-1.8221982717514038,0.3310392200946808,0.5219777822494507
-1.7479634284973145,0.2936932146549225,0.5237829685211182
-1.7176798582077026,0.2774517834186554,0.5298974514007568
-1.702419400215149,0.2679097056388855,0.5337886214256287
-1.6888353824615479,0.2578933537006378,0.5386725068092346
-1.6798827648162842,0.24977964162826538,0.5427189469337463
-1.6745132207870483,0.24392351508140564,0.5451586246490479
-1.6696187257766724,0.23777806758880615,0.5476006269454956
-1.6652065515518188,0.23133206367492676,0.5493753552436829
-1.6612197160720825,0.22461502254009247,0.5510467886924744
-1.6561683416366577,0.21402592957019806,0.5532645583152771
-1.6533280611038208,0.2066328376531601,0.5543695688247681
-1.650978922843933,0.19910678267478943,0.5562772750854492
-1.6490823030471802,0.19144688546657562,0.5579599142074585
-1.6477097272872925,0.18374289572238922,0.5601549744606018
-1.6464524269104004,0.16844962537288666,0.5640260577201843
-1.6466656923294067,0.1571374237537384,0.5653190612792969
-1.6475422382354736,0.14613789319992065,0.5644581913948059
-1.6509582996368408,0.11889219284057617,0.5580489039421082
-1.6517292261123657,0.1062355488538742,0.5537214279174805
-1.6515460014343262,0.10012615472078323,0.5504324436187744
-1.6505649089813232,0.09128200262784958,0.5451192855834961
-1.6485974788665771,0.08289312571287155,0.5408586263656616
-1.6466399431228638,0.07755734026432037,0.5389871001243591
-1.6426090002059937,0.06985338777303696,0.5372343063354492
-1.6393094062805176,0.06487423181533813,0.5364867448806763
-1.6355818510055542,0.060008708387613297,0.5358421206474304
-1.6314265727996826,0.055368613451719284,0.5354169011116028
-1.6269620656967163,0.05080094188451767,0.5352604389190674
-1.6197373867034912,0.04417232796549797,0.5358810424804688
-1.5884147882461548,0.018369529396295547,0.5456458926200867
-1.580785870552063,0.011650812812149525,0.551939070224762
-1.5757472515106201,0.006354119163006544,0.5589779615402222
-1.5729033946990967,0.002461604308336973,0.5637171864509583
-1.5705684423446655,-0.0015928628854453564,0.5673931241035461
-1.568921446800232,-0.0059731765650212765,0.5681180953979492
-1.5686674118041992,-0.008231794461607933,0.567999541759491
-1.5688990354537964,-0.010488064028322697,0.5678899884223938
-1.569547414779663,-0.012668056413531303,0.5681605339050293
-1.5719213485717773,-0.016751809045672417,0.568475604057312
-1.5750268697738647,-0.020349601283669472,0.5673877596855164
-1.578548550605774,-0.023545540869235992,0.5652151107788086
-1.5824490785598755,-0.026289746165275574,0.5620828866958618
-1.5888969898223877,-0.029789570719003677,0.5368505716323853
-1.5941126346588135,-0.032033272087574005,0.461348295211792
-1.6083989143371582,-0.039734989404678345,0.4572393000125885
-1.6085431575775146,-0.039812784641981125,0.45719778537750244

-0.7614151835441589,0.03224186226725578,0.4060487747192383
-0.7783301472663879,0.0457194484770298,0.4199710190296173
-0.7972151637077332,0.05887870490550995,0.42084425687789917
-0.832855224609375,0.08145991712808609,0.41976553201675415
-0.8577545881271362,0.09597604721784592,0.421195924282074
-0.8730869293212891,0.10431960225105286,0.42129626870155334
-0.8866585493087769,0.1112399771809578,0.419747531414032
-0.8981233835220337,0.11669566482305527,0.4171430468559265
-0.9108365774154663,0.12213854491710663,0.4143253564834595
-0.9138357043266296,0.12318137288093567,0.4122297167778015
-0.9151125550270081,0.1228746697306633,0.41109928488731384
-0.9162173271179199,0.12221340835094452,0.4102746844291687
-0.9179443717002869,0.12023904919624329,0.41010963916778564
-0.9194052815437317,0.11578657478094101,0.41163021326065063
-0.9197149872779846,0.11006317287683487,0.4126856327056885
-0.9184116721153259,0.10040398687124252,0.41381126642227173
-0.9160023331642151,0.09138171374797821,0.4175930321216583
-0.9136130809783936,0.08445021510124207,0.4210299253463745
-0.9087026715278625,0.07273896038532257,0.4272060990333557
-0.9021446108818054,0.05961035192012787,0.4334251284599304
-0.8967768549919128,0.05012774094939232,0.4371436834335327
-0.8872994184494019,0.03485433757305145,0.44418978691101074
-0.8799262642860413,0.024048427119851112,0.4500180780887604
-0.8717142343521118,0.012852312065660954,0.45346179604530334
-0.8626869916915894,0.0014256961876526475,0.45436570048332214
-0.8528963327407837,-0.010112632997334003,0.4528718590736389
-0.8424983024597168,-0.021672068163752556,0.4497280418872833
-0.8315348625183105,-0.033087845891714096,0.44605401158332825
-0.8201791644096375,-0.04416818916797638,0.4443404972553253
-0.8085759282112122,-0.05486484616994858,0.44287338852882385
-0.7967878580093384,-0.0650058388710022,0.44133275747299194
-0.7849459052085876,-0.07447843998670578,0.4402683973312378
-0.7731823921203613,-0.08318182826042175,0.43947315216064453
-0.7558395862579346,-0.09461617469787598,0.4373760223388672
-0.7446922659873962,-0.10108540207147598,0.43597590923309326
-0.7339330911636353,-0.10665257275104523,0.4346097409725189
-0.7236549854278564,-0.11132855713367462,0.43320396542549133
-0.7139961123466492,-0.11513169854879379,0.4321608543395996
-0.7050724625587463,-0.11806713044643402,0.4321483075618744
-0.6931126713752747,-0.12097090482711792,0.43330106139183044
-0.6861225366592407,-0.12199483811855316,0.4349490702152252
-0.6771525740623474,-0.12230508029460907,0.4404703974723816
-0.670128583908081,-0.12117359042167664,0.4491668939590454
-0.6665619015693665,-0.11960810422897339,0.4548717737197876
-0.6638824343681335,-0.1174255758523941,0.46016260981559753
-0.6621067523956299,-0.11460426449775696,0.46469879150390625
-0.6612343788146973,-0.11125559359788895,0.4685474932193756
-0.6611120104789734,-0.10936980694532394,0.47016048431396484
-0.6614975929260254,-0.10520827770233154,0.4735020697116852
-0.6626579761505127,-0.10051798820495605,0.4771498441696167
-0.6657410264015198,-0.0925423800945282,0.4838513731956482
-0.6686152219772339,-0.08666063100099564,0.488514244556427
-0.6739462018013,-0.07700810581445694,0.4940577745437622
-0.6803722977638245,-0.06658732891082764,0.4968154728412628
-0.6875736713409424,-0.05575820803642273,0.4984619915485382
-0.7033341526985168,-0.033972807228565216,0.5042948722839355
-0.7218349575996399,-0.01089802011847496,0.49756765365600586
-0.7356104850769043,0.005098635330796242,0.45051309466362
-0.7447914481163025,0.0151567617431283,0.10803496092557907
-0.7612489461898804,0.032071009278297424,0.4030686318874359
-0.7614151835441589,0.03224186226725578,0.4060487747192383

-0.6701722741127014,-0.10613703727722168,0.46305733919143677
-0.6630431413650513,-0.09807261824607849,0.508296549320221
-0.6535669565200806,-0.08937974274158478,0.5380736589431763
-0.6461665630340576,-0.08357315510511398,0.5521291494369507
-0.6373099088668823,-0.07758186757564545,0.561946451663971
-0.626876711845398,-0.07165604829788208,0.5702466368675232
-0.6190778017044067,-0.06787567585706711,0.5752581357955933
-0.6105925440788269,-0.06423298269510269,0.5798121094703674
-0.5967863202095032,-0.05925954505801201,0.5862365365028381
-0.5820136666297913,-0.05509001761674881,0.5905478000640869
-0.5717579126358032,-0.0528746135532856,0.5917104482650757
-0.5613564252853394,-0.05114704743027687,0.5903908014297485
-0.5455911159515381,-0.049619872123003006,0.5793749690055847
-0.5350654721260071,-0.049375806003808975,0.5612619519233704
-0.5246209502220154,-0.04980788752436638,0.5210437774658203
-0.5144340991973877,-0.05087333545088768,0.40527787804603577
-0.4999183714389801,-0.053447820246219635,0.12291919440031052

-0.808424174785614,0.05918605253100395,0.46513259410858154
-0.7839110493659973,0.10093287378549576,0.5116273760795593
-0.7715415954589844,0.12069634348154068,0.5204800963401794
-0.7565339207649231,0.14354625344276428,0.5290886163711548
-0.7449074983596802,0.16041141748428345,0.5348386764526367
-0.7250939011573792,0.18789122998714447,0.5454317927360535
-0.7102523446083069,0.20729775726795197,0.5519347190856934
-0.6941435933113098,0.22727952897548676,0.5589275360107422
-0.6856153607368469,0.23735277354717255,0.5626692175865173
-0.6675575375556946,0.25763100385665894,0.5708068013191223
-0.6580315232276917,0.26773107051849365,0.575371265411377
-0.6378653049468994,0.28765997290611267,0.5838921070098877
-0.6273331046104431,0.2973916530609131,0.5880632400512695
-0.6052570939064026,0.31636232137680054,0.5952014923095703
-0.5938373804092407,0.32549309730529785,0.5984328389167786
-0.5701584815979004,0.3427889943122864,0.6042762994766235
-0.5578447580337524,0.35084426403045654,0.6070671677589417
-0.5452995896339417,0.3584643304347992,0.6093298196792603
-0.5325456857681274,0.3656398355960846,0.6113004088401794
-0.5195972919464111,0.3723125159740448,0.6128937602043152
-0.5064017176628113,0.37848731875419617,0.6139333844184875
-0.4930574297904968,0.3841022551059723,0.614112138748169
-0.4795643389225006,0.3891865611076355,0.6124784350395203
-0.465876042842865,0.3937528729438782,0.6079117059707642
-0.45208674669265747,0.39775410294532776,0.6015423536300659
-0.43819212913513184,0.4012221097946167,0.5944778919219971
-0.4241425395011902,0.4041721224784851,0.5838155150413513
-0.4100288450717926,0.4065574109554291,0.566993236541748
-0.3958621919155121,0.40841010212898254,0.5447772741317749
-0.3816607594490051,0.4097455143928528,0.504749059677124
-0.36743056774139404,0.4105169475078583,0.42504069209098816
-0.3531787693500519,0.410757839679718,0.3310704529285431
-0.3389495313167572,0.4105033874511719,0.25603124499320984
-0.310537725687027,0.4087008833885193,0.09528310596942902

-0.583984911441803,0.13701777160167694,0.41459396481513977
-0.5779062509536743,0.14951123297214508,0.46743667125701904
-0.5713266730308533,0.16167545318603516,0.49285879731178284
-0.5489999055862427,0.19910837709903717,0.544225811958313
-0.5307391285896301,0.2268427610397339,0.563307523727417
-0.5198987126350403,0.24243085086345673,0.5702300071716309
-0.5077322125434875,0.2590128779411316,0.5772061944007874
-0.48730212450027466,0.28520822525024414,0.586846649646759
-0.47207707166671753,0.30329999327659607,0.5942954421043396
-0.46394529938697815,0.31244760751724243,0.5989012122154236
-0.4464452266693115,0.3308705985546112,0.6072207093238831
-0.4274384081363678,0.34924307465553284,0.613782525062561
-0.417425274848938,0.3584496080875397,0.6167951822280884
-0.3963574171066284,0.3767561614513397,0.6212694048881531
-0.3853314220905304,0.3858282268047333,0.6229950189590454
-0.3623311221599579,0.40369296073913574,0.6256182193756104
-0.35040169954299927,0.41235464811325073,0.6265930533409119
-0.32581067085266113,0.42885056138038635,0.628291130065918
-0.3131759464740753,0.4365857243537903,0.6290636658668518
-0.30026596784591675,0.4440107047557831,0.6299934387207031
-0.28717949986457825,0.4510304629802704,0.6309828758239746
-0.27391761541366577,0.45758113265037537,0.6321408748626709
-0.2604164183139801,0.4636709988117218,0.6338728070259094
-0.24668116867542267,0.4693067967891693,0.6357545852661133
-0.23270130157470703,0.47445183992385864,0.6372470259666443
-0.218422532081604,0.4792034327983856,0.638460636138916
-0.20392683148384094,0.4834904968738556,0.6393989324569702
-0.18916359543800354,0.4872767925262451,0.6402274370193481
-0.17422540485858917,0.4906502962112427,0.641085684299469
-0.15906046330928802,0.493557870388031,0.6419119834899902
-0.1437596082687378,0.4960158169269562,0.642656683921814
-0.12826712429523468,0.4979591369628906,0.6434644460678101
-0.11267165839672089,0.49939608573913574,0.6442341208457947
-0.09691400080919266,0.500263512134552,0.6448705792427063
-0.08107943832874298,0.5005729794502258,0.645447850227356
-0.06510818004608154,0.5002670288085938,0.6459366083145142
-0.049101416021585464,0.49938008189201355,0.6463145017623901
-0.03306817263364792,0.4979310929775238,0.6466073393821716
-0.017025122418999672,0.49589458107948303,0.6468290090560913
-0.0009761872934177518,0.4933602511882782,0.6469870805740356
0.015075885690748692,0.49021220207214355,0.6470378637313843
0.031129134818911552,0.4865579307079315,0.6469286680221558
0.04716355353593826,0.48236146569252014,0.646743655204773
0.06310735642910004,0.4777391850948334,0.6465917825698853
0.0790211483836174,0.4726416766643524,0.6464462876319885
0.09479941427707672,0.46709123253822327,0.6460739970207214
0.11037448048591614,0.46104398369789124,0.6444915533065796
0.12582361698150635,0.4546000063419342,0.6408215761184692
0.14113977551460266,0.4477051794528961,0.6363211274147034
0.15625272691249847,0.4403761327266693,0.631697952747345
0.17116384208202362,0.4325479567050934,0.6241787672042847
0.18587727844715118,0.424247682094574,0.6111271381378174
0.2003890573978424,0.41550180315971375,0.588727593421936
0.21464213728904724,0.40632933378219604,0.5521149635314941
0.2287139743566513,0.39667657017707825,0.5081082582473755
0.2425130009651184,0.3865719437599182,0.45615988969802856
0.26915210485458374,0.3653247356414795,0.2932547926902771
0.2945508360862732,0.3432011902332306,0.11305876821279526

-0.019925856962800026,0.48274582624435425,0.4379342198371887
0.028020592406392097,0.5193922519683838,0.46692773699760437
0.04680225998163223,0.5328112244606018,0.4704609811306
0.06843160092830658,0.5477370619773865,0.4734143018722534
0.09332942962646484,0.5638595819473267,0.4780042767524719
0.12179625034332275,0.5814549326896667,0.48492732644081116
0.1536215841770172,0.6002166271209717,0.4951730966567993
0.17649278044700623,0.6131941676139832,0.5000664591789246
0.22595128417015076,0.6401264667510986,0.504684329032898
0.25227633118629456,0.6536306142807007,0.5058572888374329
0.2797682285308838,0.6668694019317627,0.5072212815284729
0.30829066038131714,0.6795066595077515,0.5088529586791992
0.3378947973251343,0.6913566589355469,0.5111365914344788
0.36854788661003113,0.7023429870605469,0.5135444402694702
0.3842166066169739,0.7074150443077087,0.5146619081497192
0.4161340296268463,0.7169508934020996,0.5175085067749023
0.432345449924469,0.721355140209198,0.5188740491867065
0.46519219875335693,0.7295375466346741,0.520832359790802
0.49853694438934326,0.7369320392608643,0.5223538875579834
0.5154595971107483,0.7403343319892883,0.5230833888053894
0.549577534198761,0.746494710445404,0.5244757533073425
0.5839563608169556,0.751935601234436,0.5258744359016418
0.6357313990592957,0.7586812973022461,0.5270340442657471
0.6871681809425354,0.7641900181770325,0.5271931290626526
0.8020473718643188,0.7749975919723511,0.5273694396018982
0.8474003672599792,0.780112624168396,0.5269023180007935
0.8896291255950928,0.7857543230056763,0.525550901889801
0.928525447845459,0.7919961214065552,0.5197728872299194
0.9640630483627319,0.7985991835594177,0.5022599101066589
0.9958162903785706,0.8055700063705444,0.3828885853290558
1.0238895416259766,0.8130767941474915,0.11647028475999832

0.7430802583694458,0.7597784996032715,0.37601855397224426
0.7495215535163879,0.7643031477928162,0.3908531069755554
0.7569575309753418,0.7701231241226196,0.3977378308773041
0.7622255086898804,0.77455735206604,0.4033925533294678
0.7733103632926941,0.7847867608070374,0.41155871748924255
0.788689374923706,0.8005208373069763,0.41810476779937744
0.8221331238746643,0.836823046207428,0.4283083975315094
0.8403300046920776,0.8553763031959534,0.4309450089931488
0.8605042099952698,0.8747020363807678,0.4320123493671417
0.8715148568153381,0.8845089077949524,0.4324439465999603
0.8832173347473145,0.894278883934021,0.4335816204547882
0.8893601298332214,0.8990897536277771,0.4342774748802185
0.9021807909011841,0.9083558917045593,0.43536272644996643
0.9088452458381653,0.9128637909889221,0.43582630157470703
0.9227516651153564,0.9214558005332947,0.4367213249206543
0.9372928142547607,0.9296488761901855,0.43718355894088745
0.9521974921226501,0.937465488910675,0.4373071789741516
0.9752490520477295,0.9485328197479248,0.4373752474784851
0.9986410737037659,0.9587888121604919,0.4374953508377075
1.0221186876296997,0.9680280089378357,0.4382518529891968
1.0377013683319092,0.9735012054443359,0.4387001395225525
1.0607998371124268,0.9807474613189697,0.4392150342464447
1.0834544897079468,0.9868177771568298,0.4393625259399414
1.0980576276779175,0.9903047680854797,0.43899232149124146
1.1663775444030762,1.0039862394332886,0.42836251854896545
1.1847788095474243,1.0083088874816895,0.42476359009742737
1.196115255355835,1.011599063873291,0.4230286180973053
1.2024580240249634,1.013898253440857,0.4223264753818512
1.2106741666793823,1.0174949169158936,0.42187148332595825
1.2257102727890015,1.0259416103363037,0.42600828409194946
1.2335187196731567,1.0299209356307983,0.42898860573768616
1.2420434951782227,1.0333435535430908,0.4312593340873718
1.251043677330017,1.0361019372940063,0.43266013264656067
1.2574023008346558,1.0375322103500366,0.4332273602485657
1.2675198316574097,1.0391688346862793,0.43442419171333313
1.2785569429397583,1.040058970451355,0.43592512607574463
1.286366581916809,1.0402920246124268,0.43661460280418396
1.3026043176651,1.0402003526687622,0.4329982101917267
1.3356168270111084,1.0331887006759644,0.40181952714920044
1.3596824407577515,1.027825951576233,0.07390960305929184

1.7117596864700317,0.15647292137145996,0.47904905676841736
1.7050849199295044,0.17000006139278412,0.4965062141418457
1.6989611387252808,0.18467490375041962,0.516404926776886
1.6961877346038818,0.19259339570999146,0.5291537046432495
1.6948895454406738,0.19691547751426697,0.5311473608016968
1.6931380033493042,0.20766989886760712,0.5398736000061035
1.6886378526687622,0.22490054368972778,0.5474246144294739
1.6876579523086548,0.23164920508861542,0.5518554449081421
1.6866525411605835,0.23582299053668976,0.5525303483009338
1.6863476037979126,0.2513648569583893,0.557815670967102
1.686504602432251,0.2559874355792999,0.5594483613967896
1.687329649925232,0.25976279377937317,0.5621415376663208
1.6876354217529297,0.2647508680820465,0.5628147721290588
1.6899102926254272,0.27322855591773987,0.5636530518531799
1.6903314590454102,0.2767219841480255,0.5630288124084473
1.6917567253112793,0.27921828627586365,0.5619833469390869
1.6946378946304321,0.2797887921333313,0.5601937770843506
1.6970243453979492,0.27837198972702026,0.5577501058578491
1.6987671852111816,0.27631431818008423,0.5553506016731262
1.700271725654602,0.2736029326915741,0.5512592792510986
1.7008781433105469,0.269972026348114,0.5501652956008911
1.703346848487854,0.261758953332901,0.5469661951065063
1.7037087678909302,0.25799331068992615,0.5466637015342712
1.7067567110061646,0.24733205139636993,0.5456135272979736
1.7077295780181885,0.24005670845508575,0.5451299548149109
1.708686113357544,0.23666617274284363,0.5446689128875732
1.7090364694595337,0.2326371818780899,0.5447174906730652
1.7107117176055908,0.22663041949272156,0.5451990962028503
1.7117348909378052,0.21876166760921478,0.5462777614593506
1.7126919031143188,0.21511438488960266,0.5474149584770203
1.713179111480713,0.20671279728412628,0.5486031770706177
1.7141287326812744,0.19943863153457642,0.5493671894073486
1.7145532369613647,0.19083106517791748,0.5493297576904297
1.715361475944519,0.1874498873949051,0.549237072467804
1.7158678770065308,0.17973551154136658,0.5494020581245422
1.716686725616455,0.17651225626468658,0.5495736002922058
1.7170265913009644,0.1688052862882614,0.5496995449066162
1.7169092893600464,0.16085192561149597,0.5488800406455994
1.715955138206482,0.15705451369285583,0.547313928604126
1.7146756649017334,0.15453822910785675,0.5448865294456482
1.7126438617706299,0.15467636287212372,0.5420004725456238
1.7111811637878418,0.15622439980506897,0.539430558681488
1.7082575559616089,0.1611606925725937,0.5335985422134399
1.7057571411132812,0.16737736761569977,0.5314661264419556
1.7016081809997559,0.1821800023317337,0.5343220233917236
1.7011557817459106,0.18588566780090332,0.5356466770172119
1.6990211009979248,0.19365714490413666,0.5394294261932373
1.698516845703125,0.19763904809951782,0.5412981510162354
1.6975480318069458,0.20164264738559723,0.5434771180152893
1.6969590187072754,0.2096676230430603,0.5475678443908691
1.696129322052002,0.2136833667755127,0.549587070941925
1.6955580711364746,0.22573348879814148,0.5546097755432129
1.6947052478790283,0.22999925911426544,0.5572994351387024
1.6942508220672607,0.23753567039966583,0.5583786368370056
1.6933180093765259,0.24472811818122864,0.558789074420929
1.6934406757354736,0.25178560614585876,0.5549964308738708
1.6951361894607544,0.2516208291053772,0.5511467456817627
1.6977943181991577,0.24694499373435974,0.5441271066665649
1.7006384134292603,0.2402999997138977,0.5356924533843994
1.7025915384292603,0.23414330184459686,0.5295856595039368
1.7035067081451416,0.2278938889503479,0.5213248133659363
1.7038636207580566,0.2210569828748703,0.511866569519043
1.704756498336792,0.21415601670742035,0.5013081431388855
1.7047250270843506,0.2111900895833969,0.4948084056377411
1.7027887105941772,0.21364331245422363,0.48351559042930603
1.7017134428024292,0.21610042452812195,0.47998905181884766
1.701207160949707,0.2193700224161148,0.4775913953781128
1.700218677520752,0.22231429815292358,0.47589048743247986
1.699815034866333,0.22604979574680328,0.47488248348236084
1.6988626718521118,0.22987140715122223,0.47425001859664917
1.6982423067092896,0.24163350462913513,0.46649619936943054
1.6973917484283447,0.24503527581691742,0.4490170478820801

1.6340986490249634,0.2743038833141327,0.48918119072914124
1.624242901802063,0.266346275806427,0.493302583694458
1.6216176748275757,0.2634563148021698,0.4947846829891205
1.6166245937347412,0.2601012885570526,0.49624428153038025
1.614748239517212,0.2579220235347748,0.49670398235321045
1.6057524681091309,0.25240278244018555,0.49890410900115967
1.5994079113006592,0.24973365664482117,0.4995376765727997
1.5909007787704468,0.24681347608566284,0.49969443678855896
1.5872796773910522,0.24653828144073486,0.4980393648147583
1.5840188264846802,0.24686573445796967,0.4959201216697693
1.5831140279769897,0.2494799792766571,0.49432945251464844
1.5834414958953857,0.2518562376499176,0.49354344606399536
1.586552619934082,0.2610839903354645,0.4960747957229614
1.5870684385299683,0.2646803557872772,0.49936673045158386
1.588027000427246,0.2676950991153717,0.5053614974021912
1.5879108905792236,0.2707687020301819,0.513583779335022
1.5861830711364746,0.27063530683517456,0.5216221809387207
1.581506609916687,0.2679547965526581,0.5327683687210083
1.5753272771835327,0.2634110450744629,0.5378093123435974
1.5620628595352173,0.25527772307395935,0.5350610613822937
1.545725703239441,0.24752411246299744,0.28943753242492676

1.0792165994644165,-0.027893995866179466,0.41837823390960693
1.0780091285705566,-0.05100967735052109,0.43234580755233765
1.0777113437652588,-0.0779954046010971,0.4401920437812805
1.0778895616531372,-0.09224079549312592,0.44344067573547363
1.07973051071167,-0.12188995629549026,0.4483676552772522
1.0814391374588013,-0.13724541664123535,0.45041823387145996
1.083717942237854,-0.15273523330688477,0.45263671875
1.0865983963012695,-0.16832399368286133,0.4547373354434967
1.0902104377746582,-0.18391603231430054,0.4564148187637329
1.0943092107772827,-0.19926992058753967,0.45781761407852173
1.0988876819610596,-0.2143038958311081,0.45894840359687805
1.1040502786636353,-0.22877193987369537,0.45992445945739746
1.1095530986785889,-0.24261504411697388,0.46090176701545715
1.115349292755127,-0.25556549429893494,0.46188491582870483
1.1213757991790771,-0.2674165964126587,0.4632054567337036
1.1275575160980225,-0.2781750559806824,0.46543043851852417
1.133691430091858,-0.2878434658050537,0.46803194284439087
1.1399638652801514,-0.296274870634079,0.4706677198410034
1.1463671922683716,-0.30348077416419983,0.47401317954063416
1.1529184579849243,-0.3092561662197113,0.4774807393550873
1.1596096754074097,-0.31344908475875854,0.4807581603527069
1.1664824485778809,-0.316116064786911,0.48452886939048767
1.173747181892395,-0.31730204820632935,0.48827555775642395
1.1813685894012451,-0.316903293132782,0.4917527139186859
1.1891716718673706,-0.315015971660614,0.4956551194190979
1.197332501411438,-0.31169232726097107,0.4995196461677551
1.2058300971984863,-0.3068337142467499,0.5032718181610107
1.2146629095077515,-0.3005829453468323,0.5077856779098511
1.2238036394119263,-0.2932164669036865,0.5123285055160522
1.2332265377044678,-0.28464987874031067,0.5161863565444946
1.2429022789001465,-0.2749914824962616,0.519877016544342
1.2527589797973633,-0.2643669843673706,0.5230658054351807
1.2725443840026855,-0.24129509925842285,0.5265214443206787
1.2823714017868042,-0.2290530651807785,0.5268750786781311
1.3113481998443604,-0.19125884771347046,0.5161018371582031
1.3303614854812622,-0.16713032126426697,0.49466922879219055
1.3488714694976807,-0.14500392973423004,0.4585045278072357
1.357947826385498,-0.13480965793132782,0.42796579003334045
1.3669167757034302,-0.12546300888061523,0.3926575183868408
1.375789761543274,-0.11697010695934296,0.3516601622104645
1.384570837020874,-0.10934227705001831,0.29108959436416626
1.3932181596755981,-0.10269287973642349,0.22575218975543976
1.4164671897888184,-0.08634812384843826,0.06437120586633682

1.1911649703979492,-0.31176307797431946,0.4039735198020935
1.2237548828125,-0.2892349064350128,0.47159701585769653
1.2510050535202026,-0.2713056802749634,0.48786935210227966
1.2715448141098022,-0.25867149233818054,0.4912075102329254
1.2929197549819946,-0.24618054926395416,0.48254507780075073
1.314494252204895,-0.23489399254322052,0.440504789352417
1.3461549282073975,-0.21993640065193176,0.22508737444877625
1.3661550283432007,-0.21166375279426575,0.1295224130153656
1.3846815824508667,-0.20465390384197235,0.04671932011842728

1.2037012577056885,-0.300772100687027,0.4341258108615875
1.2083450555801392,-0.29572629928588867,0.44248852133750916
1.2137012481689453,-0.2891201078891754,0.4471331536769867
1.2215633392333984,-0.2776243984699249,0.4532718062400818
1.227786660194397,-0.2662907540798187,0.4575132727622986
1.2342047691345215,-0.251871794462204,0.460986852645874
1.2385648488998413,-0.24008136987686157,0.4642270505428314
1.2429757118225098,-0.22648531198501587,0.4671934247016907
1.2599661350250244,-0.16749924421310425,0.47054675221443176
1.268827199935913,-0.13921119272708893,0.4692552089691162
1.2760188579559326,-0.12069874256849289,0.4648832678794861
1.2800756692886353,-0.11175370216369629,0.46112680435180664
1.2844440937042236,-0.10316199064254761,0.45779144763946533
1.289231538772583,-0.09492192417383194,0.45281192660331726
1.2944260835647583,-0.08702876418828964,0.44421064853668213
1.3000142574310303,-0.07948660850524902,0.43158194422721863
1.3059923648834229,-0.07242805510759354,0.40297356247901917
1.3124563694000244,-0.06596892327070236,0.3406287133693695
1.3193237781524658,-0.06010283902287483,0.2655712366104126
1.3331385850906372,-0.04969383031129837,0.10376647114753723

1.0779768228530884,-0.10298636555671692,0.3573310673236847

1.4991496801376343,-0.2460155487060547,0.44865259528160095
1.4417567253112793,-0.3097802698612213,0.3706388473510742
1.4351449012756348,-0.3163173794746399,0.34385931491851807
1.4325774908065796,-0.3179472088813782,0.3383598327636719
1.4297897815704346,-0.31918853521347046,0.33464255928993225
1.4269193410873413,-0.3200263977050781,0.3323150873184204
1.424017071723938,-0.3204430043697357,0.33167004585266113
1.4182122945785522,-0.31985995173454285,0.33510643243789673
1.4153574705123901,-0.319009929895401,0.33783137798309326
1.412669062614441,-0.31778258085250854,0.3407951295375824
1.4074018001556396,-0.3144906163215637,0.3495686948299408
1.4049814939498901,-0.31250157952308655,0.3545899987220764
1.4005215167999268,-0.30787643790245056,0.3626500964164734
1.396411418914795,-0.3029562830924988,0.3690994083881378
1.3927875757217407,-0.2978925108909607,0.37558868527412415
1.3850263357162476,-0.28460538387298584,0.40295249223709106
1.381371021270752,-0.27600598335266113,0.41608133912086487
1.3783010244369507,-0.2661830484867096,0.4197210669517517
1.3756723403930664,-0.2596113979816437,0.4197210669517517

0.28218555450439453,-0.3975127935409546,0.39396342635154724
0.289076566696167,-0.39075878262519836,0.40627896785736084
0.29548120498657227,-0.38357239961624146,0.4125288724899292
0.30269110202789307,-0.3743952214717865,0.4195946156978607
0.31077679991722107,-0.36247938871383667,0.4268011748790741
0.31651487946510315,-0.35313838720321655,0.43294477462768555
0.3256725072860718,-0.336495041847229,0.4417113661766052
0.3425839841365814,-0.3021961450576782,0.45002442598342896
0.3534311354160309,-0.2776230275630951,0.4528609812259674
0.36052635312080383,-0.25935569405555725,0.4544629156589508
0.3639207184314728,-0.24967791140079498,0.4553356170654297
0.3735203444957733,-0.21880273520946503,0.458299845457077
0.3794758915901184,-0.19611208140850067,0.46056222915649414
0.3821774423122406,-0.1842358410358429,0.46154096722602844
0.38464656472206116,-0.17196404933929443,0.46242016553878784
0.3889023959636688,-0.14630849659442902,0.46454694867134094
0.3923605978488922,-0.11889024823904037,0.4667243957519531
0.394974023103714,-0.09002801030874252,0.4676790237426758
0.3968590497970581,-0.059706270694732666,0.4680548906326294
0.3974970579147339,-0.044030867516994476,0.46812811493873596
0.4011589288711548,0.08930058777332306,0.4659075140953064
0.4028380513191223,0.1231924295425415,0.46533074975013733
0.40558958053588867,0.15650711953639984,0.4647645354270935
0.40741050243377686,0.1728840321302414,0.4644257426261902
0.41185101866722107,0.20495329797267914,0.4634450674057007
0.41445571184158325,0.22053182125091553,0.4630460739135742
0.41742613911628723,0.23588360846042633,0.462687611579895
0.420756995677948,0.2509005665779114,0.462169885635376
0.4244634509086609,0.2656024098396301,0.4612480700016022
0.42862242460250854,0.27997201681137085,0.46018511056900024
0.4331143796443939,0.293931245803833,0.45933935046195984
0.4380098879337311,0.3075924515724182,0.4586449861526489
0.4431760609149933,0.3208276927471161,0.4581088125705719
0.44871217012405396,0.3335607349872589,0.45763927698135376
0.4545900523662567,0.34589648246765137,0.45716238021850586
0.460796982049942,0.357741117477417,0.45670783519744873
0.4673033356666565,0.3691284954547882,0.4562980830669403
0.4740830659866333,0.3800801634788513,0.45585304498672485
0.4811110496520996,0.3906059265136719,0.45543110370635986
0.48839038610458374,0.40061086416244507,0.4551008939743042
0.49600279331207275,0.4101172685623169,0.4548387825489044
0.5038362741470337,0.419148325920105,0.4546400010585785
0.5119726061820984,0.4277155101299286,0.45448824763298035
0.5202851295471191,0.4357267916202545,0.45437386631965637
0.5288558006286621,0.44320598244667053,0.4542924165725708
0.5375606417655945,0.45015254616737366,0.45426538586616516
0.5464857816696167,0.4564782679080963,0.45431870222091675
0.5555117726325989,0.4622107148170471,0.45442378520965576
0.5647526979446411,0.4673544764518738,0.45461636781692505
0.5741684436798096,0.4718267023563385,0.4550745487213135
0.5836547613143921,0.47565966844558716,0.45579099655151367
0.5932852029800415,0.47886258363723755,0.4565162658691406
0.6029184460639954,0.4813549220561981,0.45713794231414795
0.612544596195221,0.4831457734107971,0.4577181041240692
0.6221422553062439,0.48414748907089233,0.45830193161964417
0.6317116022109985,0.48442745208740234,0.45902013778686523
0.6412513852119446,0.4841074049472809,0.4599146544933319
0.6507614850997925,0.48302820324897766,0.46076589822769165
0.6602159142494202,0.48135992884635925,0.4614453911781311
0.6694859266281128,0.4791198670864105,0.46199414134025574
0.6785616278648376,0.4762716591358185,0.462480753660202
0.6874375939369202,0.4729524552822113,0.46299874782562256
0.69612717628479,0.4690796732902527,0.46350565552711487
0.7046447992324829,0.46467071771621704,0.46399179100990295
0.713003933429718,0.4596509337425232,0.4645706117153168
0.7211910486221313,0.45415380597114563,0.4651500880718231
0.729091227054596,0.4480940103530884,0.4656297564506531
0.7367309927940369,0.4415155351161957,0.4660177230834961
0.7442179322242737,0.43444812297821045,0.46621590852737427
0.7514541149139404,0.42693623900413513,0.46627184748649597
0.7584569454193115,0.41902077198028564,0.46630966663360596
0.7717932462692261,0.40210026502609253,0.4665127694606781
0.78436279296875,0.38365811109542847,0.46748435497283936
0.790404200553894,0.373905748128891,0.4679138660430908
0.8020769357681274,0.35374584794044495,0.4684753715991974
0.8077353835105896,0.3432750999927521,0.4686267375946045
0.8187534213066101,0.3217369616031647,0.4689520001411438
0.8294034600257874,0.29962071776390076,0.46924176812171936
0.8443881273269653,0.2657378315925598,0.46911948919296265
0.867383599281311,0.20999236404895782,0.4679998457431793
0.8993924260139465,0.1260751485824585,0.46436673402786255
0.9108806848526001,0.09741522371768951,0.46245577931404114
0.9292247295379639,0.05400571599602699,0.4582280218601227
0.9432688355445862,0.024218499660491943,0.4512363076210022
0.9591968655586243,-0.005483284126967192,0.44182997941970825
0.9672291874885559,-0.01913994923233986,0.43849819898605347
0.9758244752883911,-0.03263004496693611,0.43548840284347534
0.9793654680252075,-0.03775562345981598,0.433835506439209
0.9846522212028503,-0.04409858211874962,0.42781496047973633
0.9923000931739807,-0.051499564200639725,0.4176558554172516
1.004102110862732,-0.06414853781461716,0.36408424377441406

1.4912362098693848,0.9805887341499329,0.40067750215530396
1.4861112833023071,0.979208767414093,0.4101908802986145
1.479803204536438,0.9780452251434326,0.41585487127304077
1.465288519859314,0.9767467975616455,0.42317619919776917
1.4538824558258057,0.9768460988998413,0.4245966970920563
1.4355188608169556,0.9784993529319763,0.42641645669937134
1.419594407081604,0.9811404347419739,0.4292861521244049
1.408288598060608,0.9836245775222778,0.4315810203552246
1.3966896533966064,0.9866607785224915,0.4332652986049652
1.379355788230896,0.9919112324714661,0.4366415739059448
1.363106608390808,0.9978286027908325,0.43996351957321167
1.3490039110183716,1.0042309761047363,0.4408973157405853
1.3379889726638794,1.0106831789016724,0.43789899349212646
1.3324979543685913,1.0148922204971313,0.4356507658958435
1.328685998916626,1.019010066986084,0.4338046908378601
1.3275119066238403,1.0209516286849976,0.4318060576915741
1.3269906044006348,1.0229780673980713,0.42804673314094543
1.3272541761398315,1.0249727964401245,0.42232000827789307
1.3279880285263062,1.0268393754959106,0.4079228639602661
1.3308970928192139,1.030267596244812,0.334991991519928
1.3352066278457642,1.0332375764846802,0.23982588946819305
1.3463257551193237,1.037732481956482,0.05251871421933174

1.219368815422058,0.9767324924468994,0.38334301114082336
1.2136284112930298,0.9775271415710449,0.3896365165710449
1.2039234638214111,0.9794687628746033,0.3922233283519745
1.1854437589645386,0.9847702383995056,0.39306798577308655
1.1701372861862183,0.9903376698493958,0.39304181933403015
1.1603596210479736,0.9948251247406006,0.39188480377197266
1.1514660120010376,1.002310872077942,0.38395336270332336

1.1272884607315063,-0.07343818247318268,0.28851455450057983

1.1608848571777344,-0.2097126841545105,0.3084810972213745
1.157253384590149,-0.20641112327575684,0.34651491045951843
1.1533440351486206,-0.202240452170372,0.36481600999832153
1.1471309661865234,-0.19383706152439117,0.3814238905906677
1.1429978609085083,-0.18714094161987305,0.3894038498401642
1.137986660003662,-0.17785120010375977,0.3922649621963501
1.1332193613052368,-0.16730885207653046,0.40541717410087585
1.130519986152649,-0.16009299457073212,0.4112012982368469
1.1269081830978394,-0.14887635409832,0.4148646593093872
1.1218584775924683,-0.1299837827682495,0.4160653054714203
1.1175951957702637,-0.11081796139478683,0.4158863425254822
1.114833950996399,-0.09339164942502975,0.4134272038936615
1.11423921585083,-0.08213596045970917,0.4126807749271393
1.1147345304489136,-0.07259294390678406,0.41070881485939026
1.1162943840026855,-0.06590728461742401,0.40606075525283813
1.1174201965332031,-0.0629660114645958,0.4044615626335144
1.118849277496338,-0.06036752834916115,0.4035390019416809
1.1206835508346558,-0.058104854077100754,0.40326210856437683
1.122814416885376,-0.05617508292198181,0.40311187505722046
1.128061294555664,-0.05304976925253868,0.4034806489944458
1.1356037855148315,-0.050527021288871765,0.40604954957962036
1.1430878639221191,-0.04923553392291069,0.4083331227302551
1.1516753435134888,-0.04854728654026985,0.4112696349620819
1.1577402353286743,-0.04847237467765808,0.41236603260040283
1.171783685684204,-0.049500998109579086,0.41474395990371704
1.1845921277999878,-0.05118105560541153,0.4161475896835327
1.195275068283081,-0.053032245486974716,0.4157208204269409
1.2053450345993042,-0.055663954466581345,0.41249266266822815
1.2107086181640625,-0.05779987573623657,0.4087892472743988
1.215537190437317,-0.06027738377451897,0.4051644504070282
1.2199636697769165,-0.06319179385900497,0.40006327629089355
1.222864031791687,-0.06556770950555801,0.3962341845035553
1.2253949642181396,-0.06807643920183182,0.39429572224617004
1.2280946969985962,-0.07158727198839188,0.3949659466743469
1.2300217151641846,-0.07516902685165405,0.39574241638183594
1.2311004400253296,-0.07888904958963394,0.39343422651290894
1.231371283531189,-0.0828070417046547,0.3915523290634155
1.2307199239730835,-0.0880291685461998,0.39240095019340515
1.2292976379394531,-0.0925741046667099,0.3934002220630646
1.226138949394226,-0.10005734115839005,0.39330241084098816
1.2217633724212646,-0.10789942741394043,0.3907305896282196
1.2078256607055664,-0.12873801589012146,0.39650675654411316
1.2023969888687134,-0.13754743337631226,0.3946802318096161
1.192429542541504,-0.15600310266017914,0.3955702781677246
1.1875157356262207,-0.1659868061542511,0.3940892517566681
1.1844841241836548,-0.17418131232261658,0.39201870560646057
1.1797794103622437,-0.19351768493652344,0.39550888538360596
1.1768884658813477,-0.2014978677034378,0.3989661931991577
1.1747075319290161,-0.20519757270812988,0.39999306201934814
1.1729992628097534,-0.2072000354528427,0.39811262488365173
1.1708706617355347,-0.2087041586637497,0.39334022998809814
1.1673433780670166,-0.20971088111400604,0.3861507177352905
1.1608848571777344,-0.2097126841545105,0.3084810972213745

1.7969738245010376,0.24669712781906128,0.5847651362419128
1.8035491704940796,0.2429773211479187,0.6001619696617126
1.8139371871948242,0.23827537894248962,0.6228055357933044
1.8227014541625977,0.23598797619342804,0.6321266293525696
1.829102635383606,0.2356308400630951,0.6350411772727966
1.835569977760315,0.2357233315706253,0.6364681124687195
1.8379676342010498,0.2366555631160736,0.6374436616897583
1.8395856618881226,0.23837608098983765,0.638511061668396
1.8421672582626343,0.24249325692653656,0.6406934857368469
1.844316840171814,0.247822567820549,0.64313805103302
1.8467720746994019,0.25985974073410034,0.6499157547950745
1.8471347093582153,0.2698214054107666,0.654608964920044
1.8470207452774048,0.2730259895324707,0.655634880065918
1.845341444015503,0.28216490149497986,0.6571625471115112
1.8448861837387085,0.288657546043396,0.6571808457374573
1.844190001487732,0.2913428843021393,0.6572582125663757
1.8438808917999268,0.2944103181362152,0.6573822498321533
1.8419921398162842,0.3000112771987915,0.6560873985290527
1.8396743535995483,0.3043215274810791,0.6481712460517883
1.8377737998962402,0.30405789613723755,0.6428529024124146
1.8357312679290771,0.30258768796920776,0.6378623843193054
1.8270760774612427,0.29341113567352295,0.6230681538581848
1.8254930973052979,0.29131197929382324,0.6208942532539368
1.8234002590179443,0.28972548246383667,0.6192066669464111
1.8192362785339355,0.2855154871940613,0.6165223717689514
1.8176709413528442,0.283317506313324,0.6152390241622925
1.811424732208252,0.27665355801582336,0.6120695471763611
1.8079304695129395,0.2721923291683197,0.6105604767799377
1.8041861057281494,0.2654978632926941,0.6080671548843384
1.7996901273727417,0.25656288862228394,0.6053781509399414
1.7987309694290161,0.25422927737236023,0.6035712957382202
1.79856538772583,0.2519521713256836,0.6002240180969238
1.80618417263031,0.2630927860736847,0.5975373983383179
1.808498740196228,0.26526573300361633,0.5988577604293823
1.8113459348678589,0.2658897340297699,0.6002302169799805
1.813694953918457,0.26522138714790344,0.6014890670776367
1.8160604238510132,0.2627866268157959,0.6036536693572998
1.820054531097412,0.25492972135543823,0.6056726574897766
1.8209425210952759,0.25204822421073914,0.6069288849830627
1.821414828300476,0.2481994479894638,0.6094681620597839
1.8223263025283813,0.24601668119430542,0.6111794710159302
1.8227702379226685,0.25257572531700134,0.6175959706306458
1.8243680000305176,0.2579905688762665,0.6241872310638428
1.8247731924057007,0.261134535074234,0.6283966898918152
1.825718641281128,0.26432523131370544,0.6327643990516663
1.8301292657852173,0.2762467861175537,0.6483726501464844
1.8318870067596436,0.2775266170501709,0.6511525511741638
1.8331295251846313,0.2765901982784271,0.6535934209823608
1.8343098163604736,0.27471932768821716,0.6576481461524963
1.834783911705017,0.26836317777633667,0.6596107482910156
1.8347675800323486,0.25897762179374695,0.6620810031890869
1.8329508304595947,0.24880751967430115,0.6623535752296448
1.8328818082809448,0.25357088446617126,0.6630063056945801
1.8334988355636597,0.256674200296402,0.6638610363006592
1.8338080644607544,0.2733527421951294,0.6717902421951294
1.834113359451294,0.2763558626174927,0.6713404059410095
1.8354973793029785,0.2752213776111603,0.6717696785926819
1.836634635925293,0.27353036403656006,0.6719500422477722
1.8377048969268799,0.2708262801170349,0.6726850271224976
1.8380409479141235,0.267607182264328,0.6733574867248535
1.838092565536499,0.255817711353302,0.6768531799316406
1.8364661931991577,0.24998949468135834,0.678584098815918
1.8361163139343262,0.2546852231025696,0.6792356371879578
1.8361916542053223,0.26000237464904785,0.6809715032577515
1.8368370532989502,0.2626546621322632,0.680907130241394
1.8371095657348633,0.26634424924850464,0.6780785322189331
1.8378708362579346,0.2686476409435272,0.6698763370513916
1.8380212783813477,0.2644348442554474,0.6094833612442017
1.8372446298599243,0.26204460859298706,0.501254677772522
1.8361128568649292,0.25958189368247986,0.2081231325864792
1.8337956666946411,0.25785526633262634,0.036866359412670135

