200.5,164.41,0.07999999999999999
198.5,164.41,0.07527136230468749
198.5,166.42,0.08613851928710937
196.49,166.42,0.11792831420898438
196.49,168.42,0.1434091796875
194.49,170.43,0.16510983276367186
194.49,174.44,0.1734898681640625
194.49,178.45,0.17669674682617187
194.49,182.46,0.19025631713867186
194.49,186.47,0.20622457885742188
194.49,190.48,0.22357485961914061
194.49,194.49,0.2368421936035156
194.49,198.5,0.2355536193847656
194.49,200.5,0.24486886596679683
196.49,204.51,0.2548634033203125
196.49,206.52,0.2640112609863281
198.5,208.52,0.2719297485351562
200.5,210.53,0.2797988586425781
200.5,212.53,0.2867600402832031
202.51,216.54,0.29695956420898434
204.51,218.55,0.30845867919921877
206.52,220.55,0.319041015625
208.52,222.56,0.3323628845214844
208.52,226.57,0.34362265014648435
210.53,228.57,0.35016403198242185
210.53,230.58,0.3530783996582031
212.53,230.58,0.3393748474121093
210.53,228.57,0.122125

198.5,168.42,0.07999999999999999
198.5,166.42,0.07999999999999999
198.5,164.41,0.07824417114257812
198.5,162.41,0.13806198120117186
200.5,160.4,0.17040798950195313
200.5,158.4,0.19117034912109374
202.51,158.4,0.20364215087890622
206.52,156.39,0.19802331542968749
208.52,154.39,0.2113511962890625
210.53,154.39,0.22207409667968747
210.53,152.38,0.23395626831054686
212.53,152.38,0.23489575195312498
214.54,152.38,0.24507037353515623
218.55,150.38,0.24175970458984372
222.56,150.38,0.24638949584960934
226.57,150.38,0.25612438964843753
228.57,150.38,0.26810092163085936
230.58,150.38,0.2677140808105469
234.59,150.38,0.26892279052734375
238.6,150.38,0.26184231567382815
242.61,150.38,0.2683526611328125
246.62,152.38,0.27851406860351563
248.62,152.38,0.2827560424804687
252.63,154.39,0.2905013732910156
254.64,154.39,0.2749872131347656
258.65,156.39,0.27509332275390624
260.65,156.39,0.27335653686523437
264.66,156.39,0.278293212890625
266.67,156.39,0.29265365600585935
270.68,158.4,0.2683301391601562
272.68,158.4,0.25722698974609376
276.69,160.4,0.25155895996093747
278.7,160.4,0.25509884643554687
280.7,162.41,0.2672320556640625
284.71,162.41,0.2709492797851562
286.72,164.41,0.27444604492187497
288.72,164.41,0.2696432495117187
290.73,164.41,0.26095834350585934
290.73,166.42,0.2712518310546875
292.73,166.42,0.2727608032226562
294.74,168.42,0.2642619934082031
294.74,170.43,0.2511826782226562
296.74,170.43,0.24978405761718747
294.74,172.43,0.10583813476562498

300.75,174.44,0.07999999999999999
300.75,172.43,0.043091156005859374
302.76,170.43,0.0806531982421875
304.76,170.43,0.09507791137695312
304.76,168.42,0.10840014648437499
306.77,168.42,0.11659625244140624
308.77,166.42,0.11354623413085936
310.78,166.42,0.11859490966796873
314.79,166.42,0.12555346679687499
318.8,164.41,0.13374124145507812
322.81,164.41,0.142956298828125
326.82,162.41,0.14966403198242187
330.83,162.41,0.15748028564453126
332.83,162.41,0.14818737792968747
336.84,160.4,0.15147537231445313
340.85,160.4,0.15524664306640623
342.86,158.4,0.15911614990234374
346.87,158.4,0.1647379150390625
348.87,158.4,0.17039645385742186
350.88,158.4,0.17504559326171876
354.89,158.4,0.1848841552734375
360.9,158.4,0.19342269897460934
366.92,156.39,0.19925033569335937
368.92,156.39,0.20050964355468748
370.93,156.39,0.20515353393554686
372.93,156.39,0.19794348144531249
374.94,156.39,0.20349435424804688
376.94,156.39,0.2115823974609375
378.95,156.39,0.22026617431640622
380.95,156.39,0.23013320922851563
382.96,156.39,0.22703134155273436
384.96,156.39,0.242131591796875
384.96,158.4,0.24748175048828122
386.97,158.4,0.2484048156738281
384.96,158.4,0.092808349609375

396.99,156.39,0.07999999999999999
394.99,156.39,0.03646502685546875
394.99,154.39,0.16541528320312499
394.99,152.38,0.18018469238281248
396.99,150.38,0.18586212158203125
401.0,144.36,0.1868638000488281
405.01,140.35,0.19018450927734376
409.02,136.34,0.18725851440429686
415.04,132.33,0.18572695922851562
419.05,128.32,0.18410900878906247
425.06,124.31,0.18248168945312498
431.08,120.3,0.18215039062499996
437.09,118.3,0.18190521240234372
441.1,114.29,0.18267196655273435
447.12,112.28,0.18425592041015623
453.13,112.28,0.18492056274414062
457.14,110.28,0.184763671875
461.15,110.28,0.1821878662109375
463.16,108.27,0.17766464233398435
465.16,108.27,0.1760309143066406
467.17,108.27,0.1767612609863281
469.17,108.27,0.1766156311035156
471.18,108.27,0.1697889709472656
473.18,108.27,0.16870550537109374
475.19,108.27,0.17478219604492187
477.19,108.27,0.18306542968749998
479.2,108.27,0.17632342529296874
481.2,108.27,0.1564856262207031

477.19,114.29,0.07999999999999999
479.2,112.28,0.051435852050781244
481.2,110.28,0.07838961791992187
483.21,110.28,0.09673941040039062
485.21,112.28,0.11271734619140623
487.22,114.29,0.15889447021484374
489.22,114.29,0.1627564697265625
491.23,116.29,0.16761654663085937
493.23,116.29,0.17858309936523437
493.23,118.3,0.18490264892578123
495.24,120.3,0.19516732788085936
495.24,122.31,0.19834689331054686
495.24,124.31,0.20284957885742186
495.24,126.32,0.19943087768554688
497.24,130.33,0.19900817871093748
497.24,132.33,0.20282479858398436
497.24,134.34,0.20552224731445312
497.24,138.35,0.21258856201171872
497.24,142.36,0.21711917114257812
497.24,146.37,0.2172525634765625
499.25,150.38,0.21197174072265623
499.25,152.38,0.21254046630859375
499.25,156.39,0.20763726806640623
499.25,158.4,0.2057486572265625
499.25,160.4,0.2098174133300781
499.25,164.41,0.2106240234375
497.24,166.42,0.19831317138671875
497.24,168.42,0.1969901123046875
497.24,170.43,0.19657431030273437
497.24,172.43,0.19703622436523435
497.24,176.44,0.19891915893554685
497.24,178.45,0.195315185546875
497.24,180.45,0.19642306518554686
495.24,182.46,0.20037493896484374
495.24,184.46,0.2003888244628906
495.24,188.47,0.19649499511718746
493.23,190.48,0.18946414184570312
493.23,192.48,0.18559991455078123
493.23,194.49,0.18413983154296873
491.23,194.49,0.025043975830078124

447.12,142.36,0.07999999999999999
447.12,140.35,0.047017303466796875
447.12,138.35,0.08487203979492186
445.11,138.35,0.12302548217773436
443.11,138.35,0.1253497314453125
439.1,140.35,0.12515194702148436
435.09,142.36,0.12202447509765624
431.08,144.36,0.11913275146484374
429.07,148.37,0.12044354248046875
427.07,150.38,0.1076630859375
425.06,152.38,0.10425759887695313
425.06,154.39,0.10881460571289062
425.06,156.39,0.120835205078125
423.06,156.39,0.12460058593750001
423.06,158.4,0.1203509521484375
423.06,160.4,0.112469482421875
425.06,158.4,0.09947125244140624
425.06,156.39,0.09638861083984374
427.07,154.39,0.08601690673828123
427.07,152.38,0.082252685546875
429.07,152.38,0.07977035522460937
429.07,150.38,0.0805830078125
431.08,150.38,0.08372836303710937
433.08,148.37,0.08536904907226561
435.09,146.37,0.0847061767578125
437.09,144.36,0.07589028930664062
439.1,144.36,0.0629765625
441.1,142.36,0.044339660644531244
439.1,142.36,0.02120404052734375
435.09,144.36,0.018698394775390627
431.08,146.37,0.021408843994140624
427.07,150.38,0.0157969970703125
427.07,152.38,0.012062866210937499
425.06,154.39,0.014410064697265624
425.06,156.39,0.021110809326171875
423.06,158.4,0.0221815185546875
425.06,160.4,0.023723602294921875
427.07,162.41,0.02253973388671875
429.07,164.41,0.022556640624999996
431.08,164.41,0.02978427124023437
431.08,166.42,0.026960906982421873
431.08,164.41,0.022196746826171874
431.08,162.41,0.01466339111328125
431.08,160.4,0.010773590087890625
431.08,154.39,0.0008551025390625
431.08,148.37,0.0
431.08,146.37,0.0002071533203125
431.08,144.36,0.00908294677734375
431.08,146.37,0.0183465576171875
431.08,148.37,0.0233973388671875
431.08,152.38,0.028432373046874997
431.08,154.39,0.026164794921874998
431.08,156.39,0.027105163574218747

250.63,180.45,0.07999999999999999
252.63,178.45,0.009999999999999998
254.64,178.45,0.001363006591796875

250.63,176.44,0.07999999999999999
248.62,176.44,0.03731631469726562
248.62,174.44,0.08299063110351561
250.63,174.44,0.07823446655273436
252.63,174.44,0.0727457275390625
256.64,176.44,0.06644680786132812
258.65,178.45,0.06599591064453124
260.65,180.45,0.06584402465820312
262.66,182.46,0.06616418457031249
264.66,184.46,0.06731213378906249
266.67,186.47,0.0683309326171875
266.67,188.47,0.06842901611328125
268.67,190.48,0.06584829711914061
266.67,190.48,0.06973043823242188
264.66,190.48,0.070334228515625
262.66,190.48,0.07060290527343749
262.66,188.47,0.06274411010742187
262.66,186.47,0.06439596557617187
260.65,186.47,0.07269821166992187
260.65,184.46,0.07931997680664062
258.65,180.45,0.08005419921875
258.65,178.45,0.0877850341796875
256.64,176.44,0.09084820556640624
254.64,174.44,0.09138427734374999
252.63,172.43,0.09387945556640624
250.63,172.43,0.08175778198242187
248.62,170.43,0.08177801513671874
244.61,170.43,0.07974911499023438
242.61,170.43,0.083381591796875
240.6,170.43,0.08529724121093749
238.6,170.43,0.07781207275390625
236.59,170.43,0.07665551757812498
236.59,172.43,0.07645880126953124
234.59,172.43,0.07914703369140624
238.6,172.43,0.07918429565429687
242.61,172.43,0.07971255493164062
246.62,174.44,0.07460711669921874
250.63,176.44,0.07380740356445312
256.64,178.45,0.06918661499023437
258.65,180.45,0.05975054931640625
260.65,182.46,0.04951034545898437

258.65,204.51,0.07999999999999999
256.64,204.51,0.02524169921875
252.63,208.52,0.01779205322265625
244.61,214.54,0.028107360839843748
242.61,218.55,0.03103884887695312
238.6,222.56,0.03131643676757812
236.59,226.57,0.031977661132812495
236.59,230.58,0.034626159667968746
232.58,234.59,0.0374647216796875
232.58,238.6,0.04309121704101562
230.58,242.61,0.04311306762695312
228.57,244.61,0.04468850708007813
228.57,246.62,0.0482435302734375
228.57,248.62,0.05585403442382812
228.57,250.63,0.06058163452148437
226.57,252.63,0.05834197998046874
226.57,254.64,0.061983703613281246
226.57,256.64,0.05761062622070312
226.57,258.65,0.06472503662109375
226.57,260.65,0.07463845825195313
224.56,262.66,0.07613143920898437

258.65,208.52,0.07999999999999999
256.64,208.52,0.0713438720703125
254.64,208.52,0.09020779418945311
252.63,210.53,0.09913827514648436
250.63,210.53,0.10061013793945313
248.62,212.53,0.10006350708007812
246.62,214.54,0.09953167724609374
244.61,216.54,0.10151275634765625
242.61,218.55,0.1036329345703125
240.6,222.56,0.10593884277343749
238.6,224.56,0.10780627441406249
238.6,226.57,0.11241806030273437
236.59,228.57,0.12017852783203124
234.59,230.58,0.1260915832519531
232.58,234.59,0.1284114990234375
230.58,236.59,0.13190948486328125
228.57,238.6,0.13013604736328124
228.57,242.61,0.1297263488769531
226.57,244.61,0.13553219604492187
226.57,246.62,0.144972900390625
224.56,248.62,0.15120236206054685
224.56,250.63,0.15361328124999998
224.56,252.63,0.1563229064941406
224.56,254.64,0.15843621826171875
224.56,256.64,0.16145571899414063
222.56,258.65,0.16435235595703124
222.56,260.65,0.163123779296875
222.56,262.66,0.16650750732421873
222.56,266.67,0.1722326965332031
222.56,268.67,0.1807096252441406
222.56,272.68,0.18776834106445311
222.56,274.69,0.1912276916503906
222.56,276.69,0.1938939208984375
224.56,280.7,0.19104605102539063
224.56,282.71,0.193256103515625
224.56,284.71,0.19330599975585938
224.56,286.72,0.19660565185546872
224.56,288.72,0.198110595703125
224.56,290.73,0.2009176025390625
224.56,292.73,0.20133248901367184
224.56,294.74,0.20515295410156248
224.56,296.74,0.20905453491210935
226.57,298.75,0.21735388183593748
226.57,300.75,0.21936080932617186
226.57,302.76,0.2190892333984375
226.57,304.76,0.21703915405273436
226.57,306.77,0.21642364501953124
228.57,308.77,0.21412808227539062
228.57,310.78,0.20900094604492186
228.57,312.78,0.206598876953125
230.58,314.79,0.20440814208984376
230.58,318.8,0.20288165283203125
232.58,320.8,0.20308630371093747
232.58,322.81,0.2033636474609375
234.59,324.81,0.20252145385742185
234.59,326.82,0.20556094360351562
234.59,328.82,0.20527951049804688
234.59,330.83,0.20227584838867185
236.59,330.83,0.20179647827148436
236.59,332.83,0.20952938842773436
238.6,334.84,0.21187487792968748
238.6,336.84,0.21232690429687498
240.6,338.85,0.21321713256835936
242.61,340.85,0.21373361206054686
244.61,342.86,0.21350701904296873
244.61,344.86,0.21331842041015625
246.62,344.86,0.20484564208984374
246.62,346.87,0.20339105224609375
248.62,346.87,0.20324926757812498
250.63,348.87,0.20472445678710938
250.63,350.88,0.2053656311035156
252.63,350.88,0.2062665100097656
252.63,352.88,0.20688601684570312
254.64,352.88,0.1993997802734375
254.64,354.89,0.19466229248046873
256.64,354.89,0.1941471252441406
256.64,356.89,0.19609359741210936
258.65,356.89,0.19507809448242186
258.65,358.9,0.19200326538085935
260.65,358.9,0.18986236572265625
260.65,360.9,0.18950070190429685
262.66,362.91,0.18733309936523437
262.66,364.91,0.18978729248046874
264.66,364.91,0.19019149780273437
266.67,366.92,0.17347436523437498
268.67,366.92,0.15722198486328126
270.68,366.92,0.10918292236328124
272.68,366.92,0.05457968139648437

328.82,242.61,0.07999999999999999
326.82,242.61,0.04825018310546875
324.81,242.61,0.021668334960937497
322.81,244.61,0.029610534667968747
320.8,246.62,0.02924111938476562
320.8,248.62,0.033189880371093744
320.8,250.63,0.03231332397460938
320.8,252.63,0.039018798828125
320.8,254.64,0.04693771362304687
322.81,258.65,0.049391723632812495
326.82,260.65,0.048466491699218746
328.82,260.65,0.02983224487304687

372.93,248.62,0.07999999999999999
370.93,248.62,0.03179373168945312
368.92,248.62,0.04895498657226562
368.92,250.63,0.05057489013671875
366.92,250.63,0.05585104370117187
364.91,250.63,0.060025787353515624
364.91,252.63,0.062112396240234374
362.91,252.63,0.06654623413085937
360.9,252.63,0.07168215942382812
360.9,254.64,0.07393310546875
358.9,254.64,0.07614797973632811
356.89,256.64,0.07959545898437499
356.89,258.65,0.081223876953125
354.89,258.65,0.08476110839843749
354.89,260.65,0.09294931030273437
352.88,262.66,0.0971031494140625
352.88,264.66,0.09931979370117186
350.88,266.67,0.10404614257812499
350.88,268.67,0.10865777587890624
348.87,268.67,0.10934335327148437
348.87,270.68,0.10530029296874999
348.87,272.68,0.10262857055664061
346.87,272.68,0.09258956909179687
346.87,274.69,0.0897176513671875
346.87,276.69,0.08493679809570312
346.87,278.7,0.07062445068359374
346.87,280.7,0.055617309570312495
344.86,280.7,0.052854248046874996
344.86,282.71,0.04719519042968749
344.86,284.71,0.046444488525390626
344.86,286.72,0.042449371337890625
342.86,286.72,0.04558242797851562
342.86,288.72,0.04874404907226562
342.86,290.73,0.0484071044921875
342.86,292.73,0.055897033691406244
342.86,294.74,0.05366290283203124
342.86,296.74,0.05500399780273437
342.86,298.75,0.05612557983398437
342.86,300.75,0.05800918579101562
342.86,302.76,0.06289041137695313
344.86,304.76,0.06874795532226563
344.86,306.77,0.06981045532226562
344.86,308.77,0.06971032714843749
346.87,310.78,0.06911697387695312
346.87,314.79,0.06966690063476562
348.87,316.79,0.0651475830078125
348.87,318.8,0.05892709350585937
350.88,320.8,0.03168997192382812

370.93,252.63,0.07999999999999999
368.92,254.64,0.143
364.91,260.65,0.252505126953125
362.91,264.66,0.25609164428710934
358.9,266.67,0.24880282592773434
356.89,270.68,0.23812347412109375
354.89,274.69,0.2364396057128906
352.88,278.7,0.23475292968749997
350.88,282.71,0.23478952026367186
348.87,284.71,0.23404647827148434
348.87,288.72,0.23342431640625
346.87,292.73,0.233375
346.87,294.74,0.2358689270019531
346.87,298.75,0.23718566894531248
348.87,302.76,0.23733300781249997
348.87,308.77,0.23846917724609373
350.88,312.78,0.23564642333984373
350.88,316.79,0.23505795288085937
352.88,318.8,0.22048760986328123
354.89,320.8,0.17928338623046874
358.9,322.81,0.11202200317382811
360.9,322.81,0.0962864990234375

370.93,324.81,0.07999999999999999
370.93,326.82,0.0267216796875
372.93,326.82,0.03714089965820312
372.93,328.82,0.04311587524414062
374.94,328.82,0.04669473266601562
376.94,328.82,0.03935806274414062
378.95,328.82,0.03916714477539062
380.95,328.82,0.038397918701171874
382.96,328.82,0.04545059204101562
384.96,328.82,0.045101837158203116
386.97,328.82,0.03435675048828125
388.97,328.82,0.036183715820312504
390.98,326.82,0.036704833984375
392.98,324.81,0.034347106933593746
394.99,322.81,0.029523498535156248
396.99,320.8,0.0189869384765625
399.0,318.8,0.012727935791015624
401.0,316.79,0.029331756591796872
403.01,316.79,0.03208981323242187
405.01,316.79,0.036757446289062495
405.01,314.79,0.03926272583007812
407.02,314.79,0.04110906982421875
409.02,314.79,0.053540710449218744
411.03,314.79,0.0677227783203125
413.03,314.79,0.08282598876953125
415.04,314.79,0.09734674072265626
415.04,316.79,0.10693817138671874
417.04,318.8,0.12162588500976561
419.05,318.8,0.13052447509765625
421.05,320.8,0.13138656616210936
423.06,322.81,0.1368158264160156
425.06,322.81,0.1443946533203125
427.07,322.81,0.1519693603515625
429.07,322.81,0.1340105285644531
431.08,324.81,0.13214208984374998
433.08,324.81,0.13660134887695313
435.09,324.81,0.13056301879882812
437.09,324.81,0.14305328369140624
439.1,324.81,0.14230166625976562
439.1,322.81,0.1390732421875
441.1,322.81,0.13878121948242186
443.11,320.8,0.12329223632812499
445.11,320.8,0.12344091796874998
445.11,318.8,0.1298172607421875
447.12,318.8,0.12390209960937498
447.12,316.79,0.11110791015624999
449.12,314.79,0.09646005249023437
449.12,312.78,0.10266842651367188
451.13,310.78,0.09837393188476562
451.13,308.77,0.06504058837890625
451.13,306.77,0.0121964111328125

382.96,326.82,0.07999999999999999
384.96,328.82,0.12088375854492185
388.97,330.83,0.15353707885742185
392.98,330.83,0.15571707153320313
396.99,326.82,0.1380325012207031
401.0,320.8,0.12345922851562499
403.01,320.8,0.13074029541015625
403.01,318.8,0.12798175048828125
405.01,318.8,0.12380133056640626
407.02,318.8,0.13356231689453124
409.02,318.8,0.16059033203125
411.03,318.8,0.17015686035156247
413.03,318.8,0.1814510498046875
415.04,318.8,0.19070770263671874
417.04,318.8,0.20993438720703125
417.04,320.8,0.19419567871093749
419.05,320.8,0.17970639038085934
421.05,322.81,0.16573220825195312
423.06,322.81,0.11545169067382813

386.97,242.61,0.07999999999999999
388.97,242.61,0.0197293701171875
388.97,240.6,0.017921875
390.98,240.6,0.02067388916015625
390.98,238.6,0.020928344726562496
392.98,238.6,0.020349700927734374
394.99,238.6,0.0228641357421875
396.99,238.6,0.028511077880859374
401.0,238.6,0.030915313720703125
407.02,238.6,0.021580993652343748
413.03,238.6,0.010864410400390625

417.04,244.61,0.07999999999999999
417.04,242.61,0.029201812744140625
419.05,242.61,0.04002230834960937
421.05,242.61,0.07124035644531249
423.06,242.61,0.07578909301757811
423.06,244.61,0.07569860839843749
425.06,244.61,0.07337457275390626
427.07,246.62,0.07029000854492187
429.07,246.62,0.0686964111328125
433.08,248.62,0.06825228881835936
435.09,250.63,0.07951757812499999
437.09,252.63,0.07983819580078125
439.1,254.64,0.08146908569335937
441.1,256.64,0.08226571655273437
443.11,258.65,0.08817044067382812
443.11,260.65,0.09377285766601562
445.11,262.66,0.09430252075195311
447.12,264.66,0.0867022705078125
449.12,266.67,0.083406005859375
449.12,268.67,0.08319326782226562
451.13,270.68,0.08142056274414061
451.13,272.68,0.08177435302734373
453.13,272.68,0.07949636840820312
453.13,274.69,0.07832104492187499
453.13,276.69,0.07776776123046875
453.13,278.7,0.07737237548828124
453.13,280.7,0.075672119140625
455.14,280.7,0.06566177368164063

429.07,234.59,0.07999999999999999
429.07,232.58,0.0006249999999999999
429.07,230.58,0.0567620849609375
427.07,228.57,0.06861422729492188
427.07,226.57,0.08650497436523437
427.07,224.56,0.09199777221679688
427.07,222.56,0.09686337280273437
429.07,222.56,0.09984909057617186
429.07,220.55,0.10518011474609375
431.08,220.55,0.11021160888671874
433.08,218.55,0.11755752563476562
435.09,218.55,0.11880236816406249
437.09,220.55,0.11480596923828125
439.1,220.55,0.11167611694335937
441.1,222.56,0.10608551025390625
443.11,224.56,0.1140889892578125
445.11,226.57,0.10442306518554687
447.12,228.57,0.10358120727539062
449.12,228.57,0.1059842529296875
449.12,230.58,0.10581793212890624
451.13,232.58,0.10326715087890624
453.13,234.59,0.09501626586914062
453.13,236.59,0.09495248413085937
455.14,238.6,0.10046121215820313
455.14,240.6,0.10149407958984374
457.14,242.61,0.10302624511718748
457.14,244.61,0.09923532104492187
457.14,246.62,0.10040069580078125
455.14,246.62,0.10169674682617186
451.13,248.62,0.09238058471679687
449.12,248.62,0.08395755004882813
445.11,246.62,0.07905123901367188
443.11,246.62,0.06977011108398437
439.1,244.61,0.06719897460937499
435.09,244.61,0.06839102172851562
433.08,244.61,0.06363916015625
431.08,242.61,0.05107485961914062
429.07,240.6,0.020984130859375

336.84,242.61,0.07999999999999999
336.84,240.6,0.038542480468749994
334.84,240.6,0.04855703735351562
332.83,240.6,0.07699404907226562
330.83,242.61,0.06856002807617187
328.82,242.61,0.06822073364257812
328.82,244.61,0.06851217651367186
326.82,246.62,0.0676005859375
326.82,248.62,0.07244244384765623
326.82,250.63,0.07374316406249999
326.82,252.63,0.077119140625
326.82,254.64,0.07994583129882812
328.82,256.64,0.07980941772460938
330.83,258.65,0.08081546020507813
332.83,258.65,0.08012539672851562
334.84,258.65,0.07983953857421874
336.84,256.64,0.06489877319335936
340.85,254.64,0.053185913085937495
344.86,248.62,0.03363314819335937
346.87,244.61,0.03128787231445312
346.87,242.61,0.03892498779296875
346.87,240.6,0.0496668701171875
344.86,236.59,0.05752676391601562
342.86,236.59,0.06442523193359376
340.85,236.59,0.03975537109375

425.06,222.56,0.07999999999999999
425.06,224.56,0.060359375
425.06,228.57,0.06519940185546874
425.06,230.58,0.0733155517578125
427.07,234.59,0.07542385864257811
433.08,236.59,0.0881842041015625
437.09,240.6,0.08551376342773437
439.1,242.61,0.0843759765625
443.11,244.61,0.07656369018554686
447.12,244.61,0.07916995239257811
449.12,244.61,0.07639062499999999
451.13,244.61,0.07254913330078125
453.13,242.61,0.07165029907226562
453.13,238.6,0.07079815673828124
451.13,234.59,0.070273681640625
449.12,230.58,0.08379205322265625
445.11,224.56,0.09605297851562498
439.1,222.56,0.10811517333984375
437.09,220.55,0.11308828735351562
433.08,218.55,0.11646682739257812
429.07,218.55,0.12446981811523437
425.06,218.55,0.10456887817382812
423.06,218.55,0.10149707031249999
421.05,218.55,0.07513632202148436
421.05,220.55,0.05549978637695312

342.86,232.58,0.07999999999999999
340.85,232.58,0.061703308105468736
338.85,230.58,0.05975393676757812
332.83,236.59,0.056587402343749996
328.82,240.6,0.059560607910156244
326.82,244.61,0.0625440673828125
326.82,246.62,0.05947921752929687
324.81,250.63,0.060899841308593744
324.81,252.63,0.05828036499023437
324.81,254.64,0.06514608764648437
326.82,258.65,0.06954656982421874
328.82,260.65,0.0731700439453125
330.83,260.65,0.07283908081054687
332.83,262.66,0.07280575561523438
334.84,262.66,0.06678955078125
338.85,260.65,0.06262054443359374
340.85,256.64,0.04026870727539062
344.86,252.63,0.03401678466796875
346.87,248.62,0.02446392822265625
348.87,244.61,0.030173950195312497
348.87,240.6,0.04263845825195312
348.87,236.59,0.05596609497070312
346.87,234.59,0.06729959106445313
344.86,234.59,0.07434341430664061
342.86,232.58,0.0690086669921875

394.99,276.69,0.07999999999999999
396.99,278.7,0.03330697631835937
399.0,280.7,0.045803283691406245
403.01,282.71,0.051644256591796875
405.01,282.71,0.054086517333984375
409.02,282.71,0.05886688232421875
411.03,282.71,0.05400994873046875
415.04,282.71,0.05594332885742187
417.04,280.7,0.041083251953125
419.05,280.7,0.04534609985351562
419.05,278.7,0.04934591674804687
421.05,276.69,0.05300323486328124
421.05,274.69,0.051147399902343745
421.05,272.68,0.04599584960937499
421.05,274.69,0.05180752563476562
419.05,276.69,0.03951394653320313
417.04,276.69,0.032805786132812494
415.04,278.7,0.028870635986328125
411.03,280.7,0.030287811279296875
405.01,280.7,0.03165472412109375
401.0,280.7,0.024413757324218747
399.0,280.7,0.004676635742187499

386.97,328.82,0.07999999999999999
388.97,326.82,0.13962399291992186
390.98,324.81,0.14010223388671875
394.99,320.8,0.13950595092773438
399.0,316.79,0.14509991455078122
403.01,312.78,0.1343831787109375
405.01,310.78,0.12407415771484376
409.02,310.78,0.11812017822265625
411.03,310.78,0.11806988525390624
415.04,310.78,0.12840231323242188
417.04,312.78,0.12997723388671872
421.05,314.79,0.1458118896484375
423.06,318.8,0.15406860351562499
425.06,320.8,0.15962393188476562
427.07,318.8,0.06659481811523438

405.01,340.85,0.07999999999999999
405.01,342.86,0.058627380371093746
407.02,342.86,0.0649520263671875
411.03,344.86,0.0791751708984375
417.04,344.86,0.07912686157226562
419.05,344.86,0.07508639526367188
423.06,342.86,0.06787582397460937
427.07,338.85,0.05500607299804687
429.07,336.84,0.07235458374023437
427.07,336.84,0.0700885009765625
425.06,336.84,0.0696923828125
421.05,338.85,0.07953662109375
417.04,340.85,0.08325137329101562
415.04,342.86,0.08151254272460937
411.03,342.86,0.08075494384765625
405.01,340.85,0.08256332397460937
401.0,340.85,0.09282202148437499
396.99,338.85,0.09656048583984375
394.99,338.85,0.10340734863281249
396.99,338.85,0.13642477416992188
401.0,340.85,0.14741595458984375
407.02,340.85,0.16213522338867187
413.03,340.85,0.16879656982421873
419.05,340.85,0.17253729248046873
423.06,340.85,0.16426794433593747
425.06,338.85,0.14656158447265624
425.06,336.84,0.11764013671874998
421.05,334.84,0.08454562377929688
417.04,334.84,0.07465579223632812
413.03,334.84,0.07369430541992186
409.02,336.84,0.08202935791015624
407.02,338.85,0.08870449829101561
407.02,340.85,0.09392614746093748
411.03,340.85,0.07702807617187499
413.03,340.85,0.07649270629882812

431.08,160.4,0.07999999999999999
431.08,162.41,0.08111166381835937
435.09,164.41,0.09532785034179687
441.1,164.41,0.11264340209960937
445.11,166.42,0.1240166015625
449.12,166.42,0.12738485717773437
453.13,168.42,0.12977661132812499
457.14,170.43,0.1314854736328125
459.15,170.43,0.13388433837890623
463.16,172.43,0.13876190185546874
469.17,174.44,0.1459144287109375
473.18,174.44,0.14923385620117186
477.19,176.44,0.15117630004882812
479.2,178.45,0.14930166625976563
481.2,180.45,0.15094418334960935
485.21,182.46,0.15607760620117186
491.23,186.47,0.16164877319335938
493.23,188.47,0.16414181518554685
495.24,188.47,0.16529092407226562
497.24,190.48,0.16799649047851561
499.25,190.48,0.17252944946289062
501.25,192.48,0.17559628295898436
503.26,194.49,0.1716554260253906
505.26,194.49,0.17378628540039062
507.27,196.49,0.17172607421874997
509.27,196.49,0.17457073974609372
509.27,198.5,0.17470050048828123
511.28,198.5,0.17808850097656248
513.28,198.5,0.18013265991210936
513.28,200.5,0.18297009277343748
515.29,202.51,0.18833300781249998
517.29,204.51,0.19148751831054686
519.3,206.52,0.19131503295898436
521.3,206.52,0.19080438232421873
523.31,208.52,0.19116085815429687
525.31,208.52,0.1909989318847656
527.32,210.53,0.1912092590332031
529.32,212.53,0.19101641845703124
531.33,214.54,0.19308038330078123
533.33,214.54,0.19734274291992185
535.34,216.54,0.19765774536132813
537.34,218.55,0.19766152954101562
539.35,220.55,0.19812741088867186
539.35,222.56,0.199391845703125
541.35,224.56,0.19678280639648435
543.36,228.57,0.1958121337890625
543.36,230.58,0.19760324096679685
545.36,230.58,0.19761065673828124
545.36,232.58,0.19993597412109373
545.36,234.59,0.2004474182128906
547.37,234.59,0.20142785644531247
547.37,236.59,0.20176950073242186
547.37,238.6,0.2008835754394531
549.37,238.6,0.20031488037109374
549.37,240.6,0.19991024780273434
551.38,242.61,0.19788412475585937
551.38,244.61,0.19747070312499998
553.38,246.62,0.19441439819335937
553.38,248.62,0.19393975830078122
555.39,248.62,0.19632821655273436
555.39,250.63,0.1991988830566406
557.39,252.63,0.19929550170898436
557.39,254.64,0.199183837890625
557.39,256.64,0.20222326660156248
557.39,258.65,0.20194897460937497
559.4,260.65,0.19706610107421874
559.4,262.66,0.1952034912109375
559.4,264.66,0.20105276489257812
559.4,266.67,0.20029876708984373
559.4,268.67,0.19973077392578123
559.4,272.68,0.19950210571289062
561.4,274.69,0.1995375061035156
561.4,276.69,0.19806222534179685
561.4,278.7,0.19321029663085934
561.4,282.71,0.1923238830566406
561.4,284.71,0.19200030517578123
561.4,286.72,0.1921702880859375
561.4,288.72,0.18916677856445313
561.4,290.73,0.18514538574218747
561.4,292.73,0.18368353271484372
561.4,294.74,0.18476202392578123
561.4,296.74,0.17912890624999997
559.4,296.74,0.17783709716796872
559.4,298.75,0.17795779418945312
559.4,302.76,0.1754253234863281
557.39,304.76,0.177967041015625
555.39,306.77,0.17374032592773436
555.39,308.77,0.16562338256835935
553.38,310.78,0.16051898193359374
553.38,312.78,0.15675430297851561
553.38,314.79,0.15715298461914062
551.38,316.79,0.15455181884765623
549.37,318.8,0.15201110839843748
547.37,320.8,0.14738589477539063
545.36,322.81,0.14609814453125
545.36,324.81,0.1448397216796875
543.36,324.81,0.14492947387695312
543.36,326.82,0.14866757202148437
541.35,328.82,0.14709463500976563
539.35,328.82,0.14433416748046873
535.34,330.83,0.14411007690429686
533.33,332.83,0.13922482299804687
531.33,332.83,0.14312982177734374
531.33,334.84,0.14229913330078126
529.32,334.84,0.1379622802734375
527.32,334.84,0.1375687255859375
525.31,336.84,0.13949371337890626
523.31,336.84,0.14006304931640626
523.31,338.85,0.14128857421875
521.3,338.85,0.14088189697265624
519.3,340.85,0.1438460693359375
517.29,340.85,0.14822824096679685
517.29,342.86,0.1479128723144531
515.29,342.86,0.13648248291015624
513.28,344.86,0.12811297607421873
511.28,346.87,0.12706930541992187
509.27,346.87,0.1271317138671875
509.27,348.87,0.12333563232421874
507.27,348.87,0.13067535400390626
507.27,350.88,0.130822509765625
505.26,350.88,0.11996466064453123
503.26,350.88,0.11079122924804687
501.25,352.88,0.10910745239257812
499.25,352.88,0.11835128784179687
497.24,354.89,0.11839495849609374
495.24,356.89,0.10849609375
493.23,356.89,0.10364468383789062
491.23,356.89,0.09913861083984375
489.22,358.9,0.09090322875976561
487.22,358.9,0.08110382080078124
485.21,360.9,0.07564608764648437
483.21,360.9,0.07550521850585937
481.2,362.91,0.07549191284179688
479.2,362.91,0.07496795654296874
477.19,364.91,0.06732333374023437
475.19,364.91,0.05355429077148437
475.19,366.92,0.049600646972656245
473.18,366.92,0.05398837280273437
471.18,366.92,0.0626614990234375
471.18,368.92,0.05961178588867187
469.17,370.93,0.005602325439453125

306.77,386.97,0.07999999999999999
306.77,388.97,0.07999999999999999
308.77,388.97,0.00025
310.78,390.98,0.012540832519531248
312.78,390.98,0.015427917480468751
314.79,392.98,0.020158142089843747
316.79,392.98,0.01712213134765625
318.8,394.99,0.022009521484375
320.8,394.99,0.03302777099609375
322.81,396.99,0.030701049804687495
324.81,396.99,0.033511718749999996
326.82,396.99,0.052428375244140624
328.82,396.99,0.058764862060546874
330.83,399.0,0.06483786010742187
334.84,399.0,0.07003152465820313
338.85,399.0,0.07477835083007811
340.85,399.0,0.08094781494140625
344.86,399.0,0.08871188354492188
346.87,399.0,0.08964401245117187
348.87,399.0,0.08854483032226562
350.88,399.0,0.0872926025390625
352.88,401.0,0.08897222900390624
356.89,401.0,0.09119869995117187
358.9,401.0,0.09218365478515624
362.91,401.0,0.09194888305664062
364.91,401.0,0.09518402099609374
368.92,401.0,0.101290771484375
372.93,401.0,0.10246054077148437
376.94,401.0,0.10258135986328124
380.95,401.0,0.10046768188476561
384.96,399.0,0.10013629150390625
388.97,399.0,0.10299603271484374
394.99,396.99,0.10610803222656248
401.0,394.99,0.10718334960937499
405.01,394.99,0.11140478515624999
407.02,394.99,0.12080072021484374
413.03,394.99,0.1215833740234375
417.04,394.99,0.11866433715820313
423.06,392.98,0.11768029785156249
425.06,390.98,0.12626016235351561
429.07,390.98,0.13533258056640624
431.08,390.98,0.1362283020019531
435.09,388.97,0.1425348205566406
437.09,388.97,0.13822930908203124
439.1,386.97,0.14000186157226563
441.1,386.97,0.14248379516601561
443.11,386.97,0.13200189208984373
443.11,384.96,0.132326171875
445.11,384.96,0.13334887695312497
447.12,384.96,0.10354104614257811
449.12,384.96,0.08993850708007811
451.13,382.96,0.08678002929687499
453.13,382.96,0.08665399169921874
455.14,382.96,0.08492745971679687
455.14,380.95,0.08966842651367186
457.14,380.95,0.10217672729492187
459.15,380.95,0.10370578002929687
461.15,378.95,0.10661111450195311
463.16,378.95,0.10728057861328125
465.16,378.95,0.10069647216796873
465.16,376.94,0.09442251586914062

302.76,399.0,0.07999999999999999
304.76,399.0,0.07021585083007813
308.77,399.0,0.09427438354492186
310.78,399.0,0.12314114379882812
316.79,399.0,0.1552092590332031
320.8,399.0,0.1814879150390625
328.82,399.0,0.19786077880859373
336.84,394.99,0.20496374511718748
346.87,392.98,0.20809912109374998
356.89,390.98,0.19091290283203122
366.92,388.97,0.1823980712890625
374.94,388.97,0.17425262451171875
380.95,388.97,0.18239266967773435
386.97,388.97,0.18601107788085938
394.99,386.97,0.18825167846679686
403.01,384.96,0.1900079345703125
413.03,382.96,0.18924197387695313
423.06,380.95,0.19370632934570312
431.08,380.95,0.20535137939453124
437.09,378.95,0.20635556030273436
443.11,378.95,0.2134986877441406
445.11,380.95,0.217924072265625
441.1,380.95,0.07136166381835936
439.1,380.95,0.032493316650390625

296.74,392.98,0.07999999999999999
296.74,394.99,0.09271795654296874
294.74,394.99,0.10262622070312499
294.74,399.0,0.11564117431640625
292.73,403.01,0.12877581787109374
292.73,407.02,0.13412811279296874
292.73,411.03,0.14061773681640624
294.74,417.04,0.15179751586914061
296.74,423.06,0.169313232421875
300.75,427.07,0.18809213256835935
302.76,431.08,0.20394662475585937
304.76,431.08,0.20318017578124997
306.77,433.08,0.16983615112304687
306.77,431.08,0.10731378173828124
308.77,431.08,0.03840768432617187

407.02,431.08,0.07999999999999999
403.01,427.07,0.034816131591796876
403.01,425.06,0.04631158447265624
403.01,429.07,0.07339215087890624
403.01,431.08,0.07589105224609374
403.01,433.08,0.08618075561523438
405.01,435.09,0.08224581909179687
407.02,435.09,0.08248040771484375
409.02,437.09,0.08751101684570312
411.03,437.09,0.08912091064453125
413.03,435.09,0.08053079223632813
413.03,431.08,0.07354272460937498
415.04,429.07,0.06773590087890625
415.04,427.07,0.07661825561523437
415.04,425.06,0.07907821655273437
415.04,423.06,0.0831734619140625
413.03,421.05,0.08826849365234375
411.03,421.05,0.08884820556640624
411.03,419.05,0.0811181640625

392.98,443.11,0.07999999999999999
390.98,443.11,0.06859375
388.97,443.11,0.04971292114257812
386.97,443.11,0.0733819580078125
386.97,445.11,0.08208230590820312
384.96,447.12,0.05677426147460937
382.96,449.12,0.055268829345703124
382.96,451.13,0.06961703491210937
382.96,453.13,0.07697592163085937
382.96,455.14,0.08420932006835938
382.96,459.15,0.09407101440429687
382.96,461.15,0.11158755493164062
382.96,463.16,0.11202062988281249
382.96,465.16,0.11007244873046873
380.95,465.16,0.09278665161132811
378.95,465.16,0.08604791259765623
376.94,465.16,0.09231045532226562
374.94,465.16,0.09063790893554687
372.93,465.16,0.11666723632812499
368.92,465.16,0.12527645874023435
366.92,463.16,0.12527706909179687
364.91,463.16,0.12434414672851563
360.9,463.16,0.12099508666992186
356.89,461.15,0.13004782104492185
352.88,461.15,0.13539642333984375
350.88,461.15,0.13188247680664061
348.87,461.15,0.12065838623046873
346.87,461.15,0.11464373779296874
344.86,461.15,0.11056765747070312
342.86,461.15,0.11055441284179686
340.85,461.15,0.09876818847656249
338.85,461.15,0.09053851318359374
336.84,461.15,0.08437277221679687
334.84,461.15,0.08823373413085936
332.83,461.15,0.09293768310546875
330.83,461.15,0.0921759033203125
328.82,461.15,0.09034729003906249
328.82,463.16,0.09236135864257812
328.82,465.16,0.08380078125
326.82,467.17,0.07652725219726562
326.82,469.17,0.07179794311523437
324.81,469.17,0.06541787719726562
324.81,471.18,0.0637564697265625
322.81,471.18,0.07179306030273437
322.81,473.18,0.07794351196289062
324.81,473.18,0.08203509521484374
324.81,475.19,0.08712109374999999
324.81,477.19,0.08574359130859374
326.82,479.2,0.08592681884765624
326.82,481.2,0.0847633056640625
328.82,483.21,0.08674679565429687
330.83,485.21,0.08663638305664062
332.83,487.22,0.08791122436523437
336.84,487.22,0.08917373657226561
338.85,487.22,0.09316082763671873
338.85,489.22,0.09377163696289062
340.85,489.22,0.09374588012695312
342.86,491.23,0.09391165161132811
344.86,491.23,0.092
346.87,493.23,0.092
346.87,495.24,0.09298135375976561
348.87,495.24,0.09312875366210938
348.87,497.24,0.09316802978515625
350.88,497.24,0.09360809326171875
350.88,499.25,0.09162802124023438
352.88,501.25,0.10106121826171875
352.88,503.26,0.09405154418945312
354.89,503.26,0.09550457763671874
354.89,505.26,0.09523291015625
354.89,507.27,0.09863491821289061
356.89,507.27,0.09837097167968749
356.89,509.27,0.09629486083984375
356.89,511.28,0.09576220703124999
356.89,513.28,0.09604861450195312
356.89,515.29,0.09784841918945311
358.9,517.29,0.09905743408203124
358.9,519.3,0.09868609619140625
358.9,521.3,0.09864596557617186
358.9,523.31,0.10120751953125
358.9,525.31,0.10306552124023437
360.9,527.32,0.10283383178710936
360.9,529.32,0.10006915283203124
362.91,531.33,0.09349551391601563
362.91,533.33,0.09083792114257812
364.91,535.34,0.0960338134765625
366.92,537.34,0.09894363403320311
368.92,537.34,0.09926089477539062
370.93,539.35,0.09904409790039062
372.93,539.35,0.10053857421875
376.94,539.35,0.10400863647460937
378.95,539.35,0.10589682006835936
380.95,537.34,0.10692468261718749
382.96,535.34,0.1049056396484375
384.96,531.33,0.09785910034179687
386.97,529.32,0.09466714477539062
386.97,525.31,0.09376226806640624
388.97,525.31,0.09375723266601561
388.97,523.31,0.09358776855468749
388.97,521.3,0.08891363525390623
390.98,521.3,0.08094482421874999
390.98,519.3,0.08196566772460936
392.98,517.29,0.07583560180664062
394.99,517.29,0.07480615234374999
396.99,515.29,0.07810470581054688
399.0,515.29,0.07636602783203124
401.0,513.28,0.08760919189453124
403.01,513.28,0.09266461181640624
407.02,511.28,0.09254510498046875
409.02,509.27,0.09478121948242187
413.03,509.27,0.09827505493164061
417.04,509.27,0.09765243530273438
419.05,509.27,0.09892788696289062
423.06,509.27,0.09726144409179686
425.06,509.27,0.09835430908203124
427.07,509.27,0.09823236083984374
429.07,511.28,0.09816674804687499
431.08,511.28,0.09814572143554687
433.08,511.28,0.10393060302734375
435.09,513.28,0.10850442504882811
437.09,513.28,0.10845944213867187
439.1,513.28,0.11461572265624999
443.11,513.28,0.11713565063476562
445.11,513.28,0.11707785034179687
447.12,513.28,0.12018890380859375
449.12,513.28,0.11589282226562499
453.13,513.28,0.11752386474609373
455.14,513.28,0.12748312377929688
457.14,513.28,0.13255731201171872
459.15,513.28,0.13296054077148436
461.15,513.28,0.13178094482421873
463.16,513.28,0.13087371826171873
465.16,513.28,0.12229220581054688
467.17,513.28,0.1198551025390625
469.17,513.28,0.12006781005859375
471.18,513.28,0.12145642089843749
471.18,511.28,0.12187750244140624
473.18,511.28,0.11599395751953123
475.19,509.27,0.1038392333984375
477.19,507.27,0.10122421264648436
479.2,507.27,0.10270620727539062
481.2,505.26,0.10233746337890624
483.21,505.26,0.10248858642578125
485.21,503.26,0.08693991088867187
487.22,501.25,0.08242544555664062
489.22,499.25,0.07699221801757812
491.23,497.24,0.0702978515625
491.23,495.24,0.07090103149414062
493.23,493.23,0.07002633666992188
493.23,491.23,0.06581030273437499
495.24,491.23,0.0657261962890625
495.24,489.22,0.06565829467773437
495.24,487.22,0.06596420288085937
497.24,483.21,0.06586767578125
497.24,481.2,0.06351687622070312
499.25,479.2,0.06267108154296876
499.25,477.19,0.06408328247070312
499.25,475.19,0.07244268798828125
499.25,473.18,0.07338934326171875
497.24,473.18,0.07633358764648437
495.24,471.18,0.07697106933593749
493.23,471.18,0.07848428344726562
491.23,471.18,0.08720184326171875
489.22,469.17,0.10368749999999999
487.22,469.17,0.10810253906249999
485.21,469.17,0.10642727661132811
483.21,469.17,0.10610012817382812
483.21,471.18,0.10959729003906249
481.2,471.18,0.11223443603515625
479.2,471.18,0.10634777832031249
479.2,469.17,0.10851605224609373
477.19,469.17,0.11024737548828124
477.19,467.17,0.10764877319335937
475.19,465.16,0.10746948242187498
475.19,463.16,0.104723388671875
475.19,461.15,0.10516986083984375
477.19,459.15,0.1169656982421875
479.2,457.14,0.12426333618164062
481.2,457.14,0.12212976074218748
483.21,457.14,0.11957467651367187
483.21,455.14,0.11748721313476562
485.21,455.14,0.11262127685546873
485.21,453.13,0.10845046997070311
487.22,453.13,0.10751651000976561
487.22,451.13,0.10765545654296874
489.22,451.13,0.1095858154296875
489.22,449.12,0.11362939453125
491.23,447.12,0.11563812255859375
493.23,447.12,0.11700656127929687
493.23,445.11,0.11664111328124999
495.24,443.11,0.11649301147460937
495.24,441.1,0.11983255004882812
497.24,439.1,0.11715390014648437
497.24,437.09,0.11775521850585938
497.24,435.09,0.12014523315429687
495.24,433.08,0.12832824707031248
493.23,431.08,0.13472714233398436
491.23,431.08,0.14134313964843748
489.22,429.07,0.1285357666015625
487.22,427.07,0.13399267578125
485.21,425.06,0.16003976440429687
483.21,421.05,0.1551064758300781
481.2,421.05,0.1537510070800781
479.2,419.05,0.1557626037597656
479.2,417.04,0.15589862060546875
477.19,417.04,0.16308721923828123
475.19,417.04,0.16471786499023436
473.18,417.04,0.1669295959472656
471.18,417.04,0.1658215637207031
471.18,415.04,0.17768978881835937
469.17,415.04,0.18247363281249998
467.17,413.03,0.18502685546874997
465.16,413.03,0.185526123046875
463.16,413.03,0.18944503784179687
463.16,411.03,0.18390936279296874
461.15,411.03,0.18392190551757812
459.15,411.03,0.18635464477539063
455.14,413.03,0.1881151123046875
453.13,413.03,0.1872874755859375
449.12,415.04,0.18815969848632813
447.12,415.04,0.18526620483398437
443.11,417.04,0.1849493713378906
441.1,417.04,0.18625259399414062
439.1,417.04,0.18983377075195312
435.09,417.04,0.1902890930175781
433.08,417.04,0.18445172119140624
431.08,417.04,0.14854351806640623
429.07,417.04,0.07699340820312499

489.22,372.93,0.07999999999999999
491.23,370.93,0.10957159423828124
493.23,370.93,0.13118432617187498
495.24,372.93,0.15428802490234372
495.24,374.94,0.16952136230468748
497.24,376.94,0.17708816528320312
499.25,380.95,0.1957366943359375
501.25,384.96,0.2082454833984375
501.25,390.98,0.17778497314453123
501.25,396.99,0.19153033447265624
501.25,401.0,0.19778134155273436
503.26,405.01,0.19716964721679686
503.26,409.02,0.19318484497070312
503.26,411.03,0.18931710815429686
503.26,413.03,0.18699942016601562
501.25,413.03,0.14101177978515625
499.25,413.03,0.010048126220703125

505.26,360.9,0.07999999999999999
509.27,364.91,0.14499078369140625
513.28,372.93,0.13501019287109373
517.29,380.95,0.1383892822265625
517.29,384.96,0.14167538452148434
519.3,390.98,0.1407049560546875
519.3,394.99,0.137735107421875
519.3,396.99,0.13604937744140624
519.3,399.0,0.13034014892578125
519.3,401.0,0.12929180908203125
515.29,401.0,0.07139627075195312
513.28,403.01,0.03310394287109375

471.18,419.05,0.07999999999999999
473.18,419.05,0.07937359619140624
479.2,419.05,0.07848483276367187
487.22,417.04,0.07260479736328125
493.23,413.03,0.039931579589843745
495.24,411.03,0.011624328613281248
497.24,409.02,0.0

304.76,449.12,0.07999999999999999
304.76,447.12,0.015030914306640624
302.76,447.12,0.0
304.76,449.12,0.07240948486328123
308.77,451.13,0.08221792602539062
320.8,453.13,0.08020404052734374
330.83,451.13,0.07287850952148436
332.83,449.12,0.049618377685546874
332.83,447.12,0.002719879150390625

302.76,455.14,0.07999999999999999
300.75,453.13,0.025875
298.75,453.13,0.0748935546875
298.75,455.14,0.07109402465820312
296.74,457.14,0.08776751708984375
296.74,459.15,0.1053066711425781
294.74,459.15,0.10758685302734375
294.74,461.15,0.10500588989257811
294.74,463.16,0.10994482421874999
294.74,465.16,0.11517398071289062
294.74,467.17,0.12476223754882812
294.74,469.17,0.12931021118164063
296.74,471.18,0.127785400390625
296.74,473.18,0.12511944580078124
296.74,475.19,0.12415927124023436
296.74,477.19,0.12508331298828124
296.74,479.2,0.12540301513671873
298.75,479.2,0.12533795166015624
298.75,481.2,0.12319293212890624
296.74,483.21,0.11688760375976562
294.74,483.21,0.11725576782226561
294.74,485.21,0.12357867431640625
292.73,485.21,0.1297964172363281
292.73,487.22,0.13054675292968748
290.73,487.22,0.13048107910156248
288.72,489.22,0.13249441528320313
286.72,491.23,0.13174578857421873
284.71,493.23,0.1285670471191406
282.71,495.24,0.12882281494140624
282.71,497.24,0.13752984619140624
280.7,497.24,0.14165100097656247
280.7,499.25,0.14554382324218748
278.7,501.25,0.1479231262207031
276.69,503.26,0.15110354614257812
276.69,505.26,0.14816677856445312
274.69,505.26,0.1512705383300781
274.69,507.27,0.15738961791992184
272.68,507.27,0.15933139038085936
272.68,509.27,0.16009140014648438
270.68,509.27,0.16287417602539062
270.68,511.28,0.15947918701171873
270.68,513.28,0.15813244628906248
268.67,513.28,0.15777761840820312
268.67,515.29,0.15775
268.67,517.29,0.16284210205078123
268.67,519.3,0.16573846435546874
268.67,521.3,0.16622589111328123
266.67,521.3,0.16854086303710938
266.67,523.31,0.1661410217285156
266.67,525.31,0.16576403808593748
266.67,527.32,0.17225128173828125
264.66,529.32,0.17257904052734374
264.66,531.33,0.1736510009765625
264.66,533.33,0.17556417846679687
264.66,535.34,0.1722506103515625
264.66,537.34,0.1735843811035156
264.66,539.35,0.17936825561523437
264.66,541.35,0.1825464172363281
262.66,543.36,0.18555819702148435
262.66,545.36,0.18967816162109374
262.66,547.37,0.19015792846679686
262.66,549.37,0.18993420410156248
260.65,551.38,0.19334698486328125
260.65,553.38,0.19695187377929688
260.65,555.39,0.19945675659179687
260.65,559.4,0.20548001098632812
260.65,561.4,0.20292727661132812
260.65,563.41,0.2025178527832031
260.65,567.42,0.20214486694335937
260.65,571.43,0.20255990600585935
260.65,575.44,0.20574609375
260.65,579.45,0.2104119873046875
260.65,581.45,0.21084237670898437
260.65,583.46,0.21064633178710937
262.66,587.47,0.21048287963867185
262.66,591.48,0.20882299804687499
262.66,593.48,0.20874999999999996
262.66,595.49,0.20874999999999996
262.66,597.49,0.20874999999999996
262.66,601.5,0.20874999999999996
262.66,603.51,0.20860913085937496
262.66,607.52,0.20858062744140624
262.66,611.53,0.20824914550781248
262.66,613.53,0.20825363159179686
262.66,615.54,0.208342529296875
262.66,619.55,0.208375
262.66,621.55,0.208375
262.66,623.56,0.20784619140625
264.66,625.56,0.2057939758300781
264.66,627.57,0.20303952026367186
264.66,629.57,0.199987548828125
264.66,631.58,0.1943391418457031
264.66,633.58,0.19021221923828124
264.66,635.59,0.18357559204101562
264.66,637.59,0.18226861572265624
264.66,639.6,0.18193511962890624
262.66,641.6,0.18090069580078122
262.66,643.61,0.1796859436035156
262.66,645.61,0.17677532958984374
262.66,647.62,0.17444232177734373
262.66,649.62,0.17564541625976562
262.66,651.63,0.16756561279296875
262.66,653.63,0.16446371459960937
262.66,655.64,0.16779153442382813
262.66,657.64,0.16870742797851562
262.66,659.65,0.17131030273437498
260.65,659.65,0.17137091064453125
260.65,661.65,0.17129406738281247
260.65,663.66,0.15206857299804685

262.66,657.64,0.07999999999999999
260.65,659.65,0.056654144287109375
260.65,657.64,0.06441952514648437
258.65,655.64,0.09748739624023438
256.64,655.64,0.11191680908203125
254.64,655.64,0.12993215942382813
252.63,655.64,0.11979702758789063
250.63,655.64,0.12076821899414063
248.62,655.64,0.11960113525390624
246.62,655.64,0.12106890869140624
244.61,657.64,0.12070101928710937
242.61,657.64,0.12352261352539061
240.6,659.65,0.11277407836914062
238.6,659.65,0.11080072021484375
236.59,663.66,0.10143365478515624
232.58,665.66,0.09983825683593749
228.57,669.67,0.10231378173828125
226.57,673.68,0.10757489013671874
224.56,675.69,0.10872097778320312
224.56,677.69,0.11159323120117187
224.56,681.7,0.1148433837890625
222.56,683.71,0.120264892578125
222.56,685.71,0.129736572265625
222.56,687.72,0.1315011291503906
224.56,687.72,0.13145043945312498
226.57,687.72,0.12636865234375
228.57,687.72,0.09482623291015625
230.58,687.72,0.02526800537109375
232.58,685.71,0.014999420166015624
236.59,683.71,0.0
240.6,679.7,0.0
244.61,677.69,0.0
248.62,675.69,0.009251861572265624
250.63,671.68,0.016616210937499997
252.63,669.67,0.02711279296875
254.64,669.67,0.03667218017578125
256.64,667.67,0.0491951904296875
258.65,667.67,0.05514068603515625
260.65,665.66,0.055196014404296875
262.66,663.66,0.058157379150390626
264.66,663.66,0.055138916015625
264.66,661.65,0.06332708740234375
266.67,661.65,0.0829220275878906
264.66,661.65,0.09618011474609374
264.66,663.66,0.09716064453124999
262.66,665.66,0.09592987060546875
260.65,667.67,0.08307244873046873
258.65,671.68,0.0824808349609375
256.64,673.68,0.08120367431640624
256.64,675.69,0.08227719116210937
254.64,677.69,0.08301748657226563
254.64,679.7,0.08395242309570312
256.64,681.7,0.08413354492187498
258.65,683.71,0.07670291137695312
260.65,683.71,0.07005288696289062
262.66,683.71,0.062171508789062496
264.66,681.7,0.05390820312499999
268.67,677.69,0.04751824951171874
272.68,675.69,0.03948001098632812
274.69,671.68,0.03793927001953125
274.69,669.67,0.03279534912109375
272.68,671.68,0.058368438720703124
270.68,673.68,0.06327227783203124
266.67,677.69,0.067020751953125
266.67,681.7,0.06849960327148437
266.67,683.71,0.07380685424804687
266.67,687.72,0.07504629516601562
270.68,689.72,0.07445449829101562
272.68,691.73,0.07470098876953124
274.69,691.73,0.07056033325195311
276.69,689.72,0.05772119140625
280.7,685.71,0.04084048461914062
282.71,679.7,0.0327606201171875
286.72,673.68,0.0316744384765625
288.72,669.67,0.040004730224609375
290.73,667.67,0.054901000976562496
290.73,665.66,0.0611103515625
290.73,667.67,0.057927551269531245
290.73,673.68,0.06312512207031248
288.72,679.7,0.07872467041015624
288.72,685.71,0.09077041625976562
288.72,691.73,0.09611047363281248
290.73,693.73,0.09495132446289062
294.74,691.73,0.08005783081054688
298.75,685.71,0.07605474853515624
302.76,679.7,0.04116595458984374
306.77,677.69,0.041054962158203125
306.77,675.69,0.04120355224609375

298.75,687.72,0.07999999999999999
300.75,687.72,0.07999999999999999
304.76,689.72,0.06340512084960938
308.77,689.72,0.05804409790039062
314.79,689.72,0.0554671630859375
320.8,689.72,0.06594976806640625
326.82,687.72,0.061625274658203125
334.84,685.71,0.061591888427734366
338.85,683.71,0.06097598266601563
340.85,683.71,0.06208712768554687
344.86,683.71,0.06311419677734376
346.87,683.71,0.05968655395507812
350.88,683.71,0.058870666503906245
356.89,683.71,0.06166229248046875
362.91,683.71,0.06356024169921876
366.92,683.71,0.06423956298828125
370.93,683.71,0.06497100830078124
374.94,683.71,0.06658935546874999
376.94,681.7,0.06330636596679687
378.95,679.7,0.050717468261718746
378.95,677.69,0.04256283569335937
378.95,675.69,0.029487152099609372
378.95,671.68,0.023996307373046873
374.94,667.67,0.024165618896484373
372.93,665.66,0.02542822265625
368.92,665.66,0.0430072021484375
364.91,667.67,0.0661717529296875
362.91,671.68,0.08267767333984374
360.9,677.69,0.10223690795898437
360.9,683.71,0.11893124389648436
360.9,689.72,0.12761737060546874
364.91,693.73,0.11775173950195313
370.93,693.73,0.09889663696289062
378.95,691.73,0.081140625
384.96,685.71,0.05775936889648437
388.97,679.7,0.03560501098632812
390.98,673.68,0.02352459716796875
392.98,671.68,0.022576538085937497
392.98,673.68,0.03736135864257812
390.98,677.69,0.05322903442382813
390.98,681.7,0.07214404296875
392.98,685.71,0.08424160766601563
396.99,689.72,0.09228402709960937
401.0,691.73,0.09085098266601561
409.02,691.73,0.06900268554687498
417.04,687.72,0.04315377807617187
421.05,685.71,0.0261591796875
425.06,681.7,0.019034301757812497
425.06,679.7,0.029909118652343747
425.06,681.7,0.06711926269531249
427.07,683.71,0.07942092895507812
429.07,687.72,0.0825870361328125
431.08,687.72,0.07548117065429687
433.08,687.72,0.06586123657226563
437.09,685.71,0.06456381225585936
439.1,683.71,0.05805752563476562
441.1,679.7,0.037772308349609374
441.1,677.69,0.013032379150390625
439.1,677.69,0.0

531.33,409.02,0.07999999999999999
531.33,411.03,0.07217584228515624
533.33,411.03,0.07397885131835936
535.34,411.03,0.10355224609375
535.34,413.03,0.11343191528320311
537.34,413.03,0.1280632629394531
539.35,413.03,0.13722897338867188
541.35,413.03,0.141178955078125
543.36,413.03,0.14592205810546874
545.36,413.03,0.14600180053710937
547.37,413.03,0.14478097534179685
551.38,413.03,0.14238589477539063
553.38,411.03,0.13504977416992187
555.39,411.03,0.13310504150390626
557.39,409.02,0.1339776611328125
559.4,407.02,0.1441700439453125
561.4,405.01,0.15123825073242186
565.41,401.0,0.14992630004882812
567.42,396.99,0.1423191223144531
569.42,394.99,0.1462637939453125
571.43,392.98,0.15612588500976562
573.43,390.98,0.15845645141601564
577.44,388.97,0.16160369873046876
579.45,386.97,0.160916015625
583.46,384.96,0.16972866821289062
585.46,382.96,0.1840020751953125
587.47,380.95,0.1878108215332031
589.47,378.95,0.18560537719726564
591.48,376.94,0.1729829406738281
593.48,374.94,0.173927490234375
595.49,374.94,0.18592626953125
597.49,372.93,0.18832830810546874
599.5,372.93,0.18998870849609376
601.5,372.93,0.1744927978515625
603.51,372.93,0.1650505676269531
605.51,370.93,0.16990808105468747
607.52,370.93,0.18695355224609372
609.52,370.93,0.18915240478515624
611.53,368.92,0.19611102294921873
613.53,368.92,0.185679443359375
615.54,368.92,0.1862398681640625
617.54,368.92,0.1867323303222656
619.55,368.92,0.18729159545898436
621.55,368.92,0.18686404418945313
623.56,368.92,0.18525930786132813
625.56,370.93,0.19598312377929686
627.57,370.93,0.2080317687988281
629.57,372.93,0.19872052001953122
631.58,372.93,0.1926282958984375
631.58,374.94,0.1991576232910156
633.58,374.94,0.20525845336914061
635.59,376.94,0.20678363037109374
637.59,378.95,0.21195819091796875
639.6,380.95,0.22288195800781246
639.6,382.96,0.22277294921875
641.6,384.96,0.2266473388671875
641.6,386.97,0.23384045410156248
641.6,388.97,0.234795654296875
641.6,390.98,0.23205990600585935
641.6,394.99,0.2271920166015625
641.6,396.99,0.2325186767578125
641.6,399.0,0.23605694580078124
641.6,401.0,0.23869528198242185
641.6,403.01,0.23489367675781248
641.6,405.01,0.22914065551757812
641.6,407.02,0.22896685791015622
641.6,409.02,0.24023037719726564
639.6,413.03,0.23857620239257812
639.6,415.04,0.23978549194335938
639.6,417.04,0.2388950500488281
639.6,419.05,0.24000399780273432
637.59,423.06,0.2424141235351562
635.59,425.06,0.24386520385742183
635.59,427.07,0.2435329284667969
633.58,431.08,0.2422070617675781
631.58,433.08,0.24212499999999998
629.57,437.09,0.24212496948242185
629.57,441.1,0.23966842651367187
627.57,443.11,0.2340301818847656
627.57,445.11,0.2274314270019531
625.56,449.12,0.2268729248046875
621.55,451.13,0.22254010009765623
619.55,455.14,0.22252450561523437
617.54,457.14,0.221306640625
615.54,459.15,0.22050119018554687
613.53,461.15,0.2177334289550781
611.53,463.16,0.21533871459960935
609.52,463.16,0.21062954711914061
607.52,465.16,0.2030679931640625
607.52,467.17,0.19548031616210937
605.51,467.17,0.19060653686523435
603.51,469.17,0.18422140502929685
601.5,471.18,0.1922352600097656
599.5,473.18,0.1874140930175781
597.49,475.19,0.179362060546875
595.49,477.19,0.17899041748046873
593.48,477.19,0.17799102783203122
593.48,479.2,0.1761448059082031
591.48,479.2,0.17573287963867185
589.47,481.2,0.17737228393554688
587.47,481.2,0.17143167114257812
587.47,483.21,0.16786148071289062
585.46,483.21,0.16645654296874998
583.46,483.21,0.17548297119140624
581.45,483.21,0.17059381103515622
579.45,483.21,0.16822421264648438
577.44,483.21,0.17305767822265625
575.44,483.21,0.17703048706054686
573.43,485.21,0.18154162597656248
571.43,485.21,0.17764477539062498
569.42,485.21,0.1748868408203125
567.42,485.21,0.17572903442382812
565.41,487.22,0.1611037902832031
563.41,487.22,0.11828900146484374

501.25,443.11,0.07999999999999999
501.25,445.11,0.04582403564453125
503.26,445.11,0.04643017578124999
503.26,447.12,0.08982904052734374
503.26,449.12,0.1063504638671875
505.26,449.12,0.10344860839843749
505.26,451.13,0.10190817260742187
505.26,453.13,0.11869268798828124
505.26,455.14,0.12508175659179688
507.27,459.15,0.12356259155273436
507.27,461.15,0.1165533447265625
507.27,463.16,0.11409799194335937
507.27,465.16,0.11625689697265625
509.27,467.17,0.11511584472656249
509.27,469.17,0.10468063354492187
509.27,471.18,0.11062591552734374
511.28,473.18,0.11422149658203123
511.28,475.19,0.11707742309570311
513.28,477.19,0.11157458496093749
513.28,479.2,0.11403701782226561
513.28,481.2,0.1151793212890625
515.29,481.2,0.11445486450195312
515.29,483.21,0.11299999999999999
517.29,485.21,0.11509661865234373
517.29,487.22,0.11938381958007811
517.29,489.22,0.12222891235351563
519.3,489.22,0.12277474975585936
519.3,491.23,0.1221600341796875
521.3,491.23,0.12088809204101561
521.3,493.23,0.12771615600585937
523.31,495.24,0.1328602600097656
525.31,497.24,0.13617318725585936
525.31,499.25,0.13507785034179687
527.32,499.25,0.13756381225585937
529.32,501.25,0.14281936645507812
531.33,503.26,0.14424444580078125
531.33,505.26,0.1408787841796875
533.33,505.26,0.13919406127929687
535.34,507.27,0.13891363525390624
537.34,509.27,0.14101837158203123
539.35,509.27,0.14642642211914061
539.35,511.28,0.15174215698242186
541.35,511.28,0.15352792358398434
541.35,513.28,0.1532134094238281
543.36,513.28,0.15147857666015624
545.36,515.29,0.15747265624999998
547.37,515.29,0.17265618896484375
549.37,517.29,0.16438201904296873
549.37,519.3,0.16802807617187498
551.38,521.3,0.17541510009765626
553.38,521.3,0.17787631225585937
553.38,523.31,0.17303344726562497
555.39,523.31,0.16985531616210936
555.39,525.31,0.16582980346679688
557.39,527.32,0.16930972290039062
557.39,529.32,0.17989559936523436
559.4,531.33,0.18305236816406248
561.4,533.33,0.18160955810546875

599.5,473.18,0.07999999999999999
601.5,473.18,0.03781390380859375
603.51,475.19,0.07504675292968749
601.5,477.19,0.08526583862304687
601.5,479.2,0.09618231201171874
599.5,481.2,0.10466232299804687
597.49,485.21,0.10726364135742186
595.49,487.22,0.10803271484375
591.48,489.22,0.11509579467773437
587.47,491.23,0.11921340942382812
585.46,493.23,0.12115011596679687
581.45,495.24,0.1235921630859375
577.44,497.24,0.12200445556640624
575.44,497.24,0.1256107177734375
573.43,499.25,0.12597796630859373
571.43,499.25,0.12558157348632812
571.43,501.25,0.12534231567382811
569.42,503.26,0.12473898315429686
569.42,505.26,0.12437499999999999
569.42,507.27,0.11447299194335937
569.42,509.27,0.11362896728515624
569.42,511.28,0.11681750488281249
571.43,515.29,0.124125244140625
573.43,517.29,0.13014794921874998
573.43,519.3,0.12535507202148435
575.44,519.3,0.07146701049804688
575.44,517.29,0.014942626953125

563.41,503.26,0.07999999999999999
565.41,505.26,0.07173443603515624
567.42,507.27,0.09535955810546874
571.43,513.28,0.12146951293945313
571.43,515.29,0.12854815673828124
573.43,517.29,0.1358326721191406
575.44,519.3,0.13985919189453122
577.44,521.3,0.14442855834960935
577.44,523.31,0.15031893920898437
579.45,527.32,0.15689593505859376
581.45,529.32,0.1589093017578125
583.46,531.33,0.16029849243164063
583.46,533.33,0.15896331787109375
585.46,535.34,0.15803225708007812
587.47,535.34,0.15835516357421875
589.47,537.34,0.15814352416992186
589.47,539.35,0.15797900390625
591.48,541.35,0.15766986083984375
591.48,543.36,0.15772088623046873
593.48,545.36,0.1581578369140625
593.48,547.37,0.15961227416992185
595.49,549.37,0.16282165527343748
595.49,551.38,0.164633056640625
595.49,553.38,0.16776535034179688
597.49,555.39,0.17063995361328124
597.49,559.4,0.17405465698242187
597.49,561.4,0.17745074462890623
599.5,565.41,0.17830392456054686
599.5,569.42,0.17572686767578125
599.5,571.43,0.1750559387207031
599.5,573.43,0.17651400756835936
599.5,577.44,0.17664367675781248
599.5,579.45,0.18053582763671874
599.5,583.46,0.18153060913085936
599.5,585.46,0.17126541137695311
599.5,587.47,0.16133331298828124
597.49,589.47,0.1586759338378906
597.49,593.48,0.16530978393554688
597.49,595.49,0.16333612060546873
597.49,597.49,0.15816583251953123
597.49,599.5,0.1594100646972656
597.49,601.5,0.15748416137695312
595.49,603.51,0.16477383422851563
595.49,607.52,0.15692855834960937
595.49,609.52,0.15146078491210938
595.49,611.53,0.14856622314453122
595.49,613.53,0.14627645874023437
595.49,615.54,0.14662939453124998
593.48,619.55,0.14318179321289062
593.48,621.55,0.14126419067382812
593.48,623.56,0.1373312072753906
591.48,627.57,0.13681964111328124
589.47,631.58,0.14336434936523437
589.47,635.59,0.130734130859375
587.47,637.59,0.12987417602539061
587.47,639.6,0.09740621948242187
585.46,639.6,0.043142578125
583.46,639.6,0.02991546630859375

342.86,555.39,0.07999999999999999
342.86,557.39,0.050304443359375
342.86,559.4,0.04366238403320312
342.86,563.41,0.04652502441406249
344.86,565.41,0.04886727905273437
346.87,567.42,0.05238845825195312
348.87,571.43,0.056997375488281245
352.88,575.44,0.05884109497070312
356.89,577.44,0.06573876953124999
360.9,579.45,0.07285671997070312
364.91,581.45,0.07800021362304688
368.92,583.46,0.080958984375
370.93,585.46,0.07364776611328125
372.93,587.47,0.07065155029296874
374.94,589.47,0.07004428100585938
376.94,593.48,0.06885952758789061
376.94,595.49,0.07476904296875
378.95,599.5,0.07534512329101561
378.95,603.51,0.07301351928710938
380.95,607.52,0.07169512939453124
380.95,611.53,0.07020187377929688
380.95,617.54,0.07441458129882812
380.95,623.56,0.0762965087890625
380.95,629.57,0.07647232055664062
380.95,635.59,0.06300418090820312
380.95,637.59,0.05401431274414062
380.95,639.6,0.025247680664062497

296.74,547.37,0.07999999999999999
296.74,549.37,0.05941815185546875
296.74,551.38,0.04577243041992187
296.74,557.39,0.051107238769531244
294.74,565.41,0.062018981933593745
294.74,575.44,0.07255712890625
296.74,587.47,0.078400390625
298.75,599.5,0.0797420654296875
300.75,611.53,0.07474636840820312
300.75,619.55,0.07175558471679687
302.76,625.56,0.06921630859375
304.76,629.57,0.047726226806640626
304.76,631.58,0.038575866699218746

531.33,519.3,0.07999999999999999
531.33,517.29,0.06320773315429687
529.32,517.29,0.07371728515624999
527.32,521.3,0.09488592529296874
525.31,523.31,0.12108712768554686
521.3,529.32,0.1386788635253906
519.3,533.33,0.14928530883789062
515.29,537.34,0.15601388549804687
513.28,543.36,0.15460818481445313
511.28,549.37,0.16801440429687498
509.27,555.39,0.17521368408203125
507.27,559.4,0.17577194213867187
507.27,565.41,0.1814678039550781
505.26,569.42,0.18426565551757812
505.26,577.44,0.18833056640625
503.26,583.46,0.19235519409179686
503.26,589.47,0.18942697143554685
503.26,593.48,0.188586181640625
503.26,599.5,0.18880673217773436
503.26,603.51,0.19375018310546874
503.26,607.52,0.19572872924804688
503.26,611.53,0.19842947387695312
503.26,613.53,0.19690826416015625
503.26,617.54,0.19265057373046873
505.26,619.55,0.19214898681640621
505.26,623.56,0.20000326538085936
505.26,625.56,0.20760241699218748
505.26,627.57,0.203546630859375
505.26,629.57,0.20583221435546872
505.26,631.58,0.21081204223632813
505.26,633.58,0.21239694213867186
505.26,635.59,0.21172320556640625
507.27,637.59,0.21026257324218747
507.27,639.6,0.21971603393554687
505.26,639.6,0.21618801879882812
503.26,637.59,0.18577459716796874
503.26,635.59,0.14467181396484374
503.26,631.58,0.1227484130859375
503.26,629.57,0.11531631469726562
503.26,625.56,0.1136826171875
503.26,621.55,0.10043484497070311
507.27,613.53,0.07226483154296874
511.28,607.52,0.024287353515625
513.28,605.51,0.005866302490234374

429.07,659.65,0.07999999999999999
427.07,661.65,0.04260064697265625
425.06,661.65,0.05655474853515625
423.06,661.65,0.06326983642578125
423.06,665.66,0.08506442260742188
421.05,671.68,0.11517767333984374
421.05,679.7,0.1332682189941406
423.06,683.71,0.13598355102539061
429.07,687.72,0.14028890991210935
437.09,689.72,0.13564883422851562
447.12,689.72,0.12045001220703123
453.13,685.71,0.09225671386718749
457.14,679.7,0.081478515625
457.14,673.68,0.07723724365234375
457.14,669.67,0.08971017456054688
457.14,667.67,0.08953857421875
457.14,669.67,0.0885677490234375
457.14,673.68,0.09453665161132813
459.15,677.69,0.10053591918945312
461.15,681.7,0.10735131835937499
463.16,685.71,0.1082958984375
465.16,687.72,0.09816305541992187
467.17,687.72,0.07678970336914062
471.18,683.71,0.0664183349609375
475.19,679.7,0.06617849731445312
477.19,675.69,0.07026046752929688
479.2,673.68,0.09422940063476562
479.2,675.69,0.09576736450195311
483.21,677.69,0.09143856811523438
487.22,679.7,0.08849600219726562
493.23,681.7,0.09778741455078124
499.25,683.71,0.10613049316406249
507.27,683.71,0.10459619140625
511.28,681.7,0.11027783203125
515.29,677.69,0.07867205810546875
515.29,675.69,0.07306002807617187
513.28,675.69,0.10768707275390624
513.28,677.69,0.11896658325195313
515.29,679.7,0.12060171508789062
519.3,679.7,0.12540795898437498
523.31,679.7,0.12412243652343748
525.31,679.7,0.12262539672851562
527.32,677.69,0.11376971435546875
529.32,673.68,0.09181503295898437
527.32,669.67,0.07592263793945311
525.31,665.66,0.07549984741210937
523.31,663.66,0.08940698242187499
521.3,661.65,0.08663955688476561
517.29,661.65,0.09510894775390624
515.29,663.66,0.092150146484375
515.29,667.67,0.08794281005859374
515.29,673.68,0.08579885864257812
515.29,677.69,0.09743716430664062
519.3,681.7,0.10576449584960937
521.3,683.71,0.09551751708984375
523.31,683.71,0.08621163940429688
525.31,683.71,0.08653958129882812
527.32,683.71,0.08554449462890625
531.33,681.7,0.09161065673828124
533.33,679.7,0.0842767333984375
537.34,675.69,0.06897909545898437
537.34,671.68,0.06567626953125
537.34,675.69,0.12395999145507812
541.35,679.7,0.1259106750488281
545.36,685.71,0.1375396728515625
551.38,691.73,0.13007647705078126
559.4,691.73,0.12419677734375
565.41,687.72,0.11297991943359374
569.42,681.7,0.107044921875
569.42,671.68,0.0970281982421875
567.42,661.65,0.08991159057617187
565.41,657.64,0.08223385620117186
561.4,655.64,0.06012030029296874
557.39,653.63,0.04703762817382812
555.39,653.63,0.05742343139648437
559.4,649.62,0.08869436645507811
565.41,649.62,0.10586584472656249
571.43,649.62,0.12799508666992188
577.44,651.63,0.150762939453125
583.46,657.64,0.16011178588867186
589.47,663.66,0.16882781982421874
593.48,671.68,0.15899105834960936
597.49,677.69,0.15496591186523437
597.49,683.71,0.15210394287109374
595.49,683.71,0.1335519104003906
593.48,677.69,0.1037034912109375
593.48,671.68,0.09700497436523436
593.48,661.65,0.09444287109374999
595.49,653.63,0.0927428283691406
597.49,651.63,0.10565631103515624
599.5,651.63,0.13156582641601564
601.5,651.63,0.14026983642578125
605.51,655.64,0.143374755859375
607.52,661.65,0.14512036132812497
611.53,667.67,0.14345578002929688
613.53,671.68,0.13767068481445313
613.53,673.68,0.13653656005859374
613.53,675.69,0.12422665405273436
613.53,673.68,0.11603656005859374
613.53,671.68,0.11698583984375
613.53,665.66,0.12013577270507811
617.54,661.65,0.12125912475585936
621.55,657.64,0.12380871582031248
625.56,657.64,0.1307669982910156
631.58,657.64,0.1446600646972656
635.59,661.65,0.15437896728515624
637.59,665.66,0.15511944580078124
639.6,669.67,0.16066848754882812
641.6,673.68,0.1367681884765625
643.61,677.69,0.12860845947265626
641.6,679.7,0.11783670043945312
637.59,679.7,0.10505636596679686
631.58,681.7,0.09705130004882812
629.57,681.7,0.10352706909179688
625.56,681.7,0.09803402709960937
619.55,683.71,0.10788214111328125
615.54,683.71,0.11888015747070312
611.53,679.7,0.10918673706054688
611.53,675.69,0.08372888183593749
611.53,669.67,0.07495477294921875
613.53,663.66,0.021649291992187496

417.04,421.05,0.07999999999999999
415.04,421.05,0.02775
413.03,421.05,0.07353833007812499
411.03,423.06,0.10063229370117187
409.02,431.08,0.155373779296875
409.02,435.09,0.17841766357421873
411.03,441.1,0.18636511230468747
415.04,445.11,0.18313006591796874
419.05,449.12,0.18094308471679688
423.06,449.12,0.1776473693847656
425.06,447.12,0.18049041748046873
427.07,443.11,0.18608090209960937
429.07,437.09,0.18113494873046873
429.07,431.08,0.17399676513671875
429.07,427.07,0.17257034301757812
429.07,425.06,0.167728515625
429.07,423.06,0.17011682128906247
427.07,419.05,0.191370361328125
427.07,415.04,0.19948406982421873
425.06,413.03,0.20205709838867186
423.06,411.03,0.1982618713378906
421.05,411.03,0.18723718261718747
419.05,411.03,0.19525912475585935
415.04,411.03,0.20095016479492187
413.03,413.03,0.2031192932128906
409.02,415.04,0.19698510742187497
407.02,419.05,0.18365179443359375
407.02,423.06,0.14709869384765625
409.02,425.06,0.07415179443359375
413.03,427.07,0.014824951171874998

394.99,322.81,0.07999999999999999
394.99,320.8,0.0639598388671875
394.99,318.8,0.13520242309570313
396.99,316.79,0.13327264404296874
401.0,314.79,0.1392191467285156
405.01,310.78,0.12846246337890624
409.02,306.77,0.13647259521484376
411.03,306.77,0.14266656494140623
415.04,306.77,0.14496832275390625
419.05,308.77,0.13838192749023437
421.05,310.78,0.13579681396484375
423.06,314.79,0.14341595458984374
425.06,316.79,0.17032873535156248
427.07,318.8,0.1786250305175781
429.07,320.8,0.1901094970703125
431.08,318.8,0.1342141418457031
431.08,316.79,0.040432495117187495

425.06,224.56,0.07999999999999999
425.06,228.57,0.058205841064453125
429.07,232.58,0.10006246948242187
433.08,240.6,0.10575125122070311
433.08,236.59,0.08160391235351562
431.08,230.58,0.06901171874999999
427.07,224.56,0.06221478271484374
425.06,222.56,0.07397540283203125
423.06,224.56,0.09789791870117187
423.06,228.57,0.12189346313476561
425.06,232.58,0.13795416259765625
429.07,236.59,0.1432261962890625
431.08,240.6,0.09921078491210937
433.08,242.61,0.042038543701171875

340.85,232.58,0.07999999999999999
338.85,232.58,0.03951800537109375
336.84,234.59,0.050760681152343744
334.84,234.59,0.04414080810546875
332.83,236.59,0.04857015991210937
330.83,238.6,0.04764996337890625
328.82,240.6,0.05051504516601562
328.82,242.61,0.05243804931640625
326.82,240.6,0.05763107299804687
326.82,238.6,0.05751773071289062
326.82,242.61,0.04383703613281249

533.33,425.06,0.07999999999999999
531.33,425.06,0.07999999999999999
531.33,427.07,0.13076043701171874
531.33,433.08,0.14012631225585936
531.33,439.1,0.13920989990234375
533.33,441.1,0.13718707275390624
533.33,443.11,0.1390159912109375
533.33,439.1,0.15663458251953125
533.33,431.08,0.1465936279296875
531.33,423.06,0.12202853393554687
531.33,417.04,0.11180853271484374
531.33,415.04,0.08054385375976562
533.33,415.04,0.048801116943359375
537.34,415.04,0.005372833251953125

