80.55,342.17,0.0166015625
82.03,343.65,0.1259765625
82.03,349.56,0.166015625
82.03,356.95,0.1767578125
83.51,367.3,0.1923828125
83.51,377.64,0.1962890625
83.51,392.42,0.1962890625
83.51,399.82,0.171875
84.99,401.29,0.1083984375

90.9,343.65,0.005859375
89.42,343.65,0.0712890625
89.42,345.13,0.07421875
90.9,345.13,0.076171875
92.38,345.13,0.080078125
93.86,345.13,0.0869140625
95.33,343.65,0.0869140625
98.29,342.17,0.0849609375
101.25,340.69,0.0703125
105.68,339.21,0.0400390625
108.64,337.74,0.01953125
111.59,336.26,0.0

133.76,327.39,0.005859375
144.11,324.43,0.091796875
148.55,322.96,0.1181640625
152.98,322.96,0.1474609375
157.41,321.48,0.15625
163.33,320.0,0.169921875
170.72,318.52,0.1708984375
176.63,318.52,0.173828125
182.54,317.04,0.171875
191.41,314.09,0.171875
198.8,312.61,0.171875
207.67,311.13,0.1328125
215.06,309.65,0.1044921875
220.97,308.18,0.09765625
226.88,306.7,0.095703125
234.27,305.22,0.1064453125
240.18,302.26,0.111328125
247.58,300.79,0.111328125
252.01,300.79,0.107421875
254.97,300.79,0.109375
260.88,299.31,0.111328125
265.31,299.31,0.1123046875
271.22,297.83,0.1142578125
274.18,297.83,0.1123046875
277.14,297.83,0.0166015625

309.65,303.74,0.015625
320.0,302.26,0.1005859375
330.35,302.26,0.140625
337.74,303.74,0.140625
343.65,305.22,0.1494140625
352.52,306.7,0.154296875
358.43,308.18,0.1640625
364.34,309.65,0.171875
371.73,309.65,0.181640625
383.56,311.13,0.1904296875
390.95,311.13,0.1923828125
401.29,314.09,0.19140625
408.68,315.57,0.189453125
413.12,317.04,0.1904296875
419.03,318.52,0.1904296875
423.46,318.52,0.1923828125
429.38,320.0,0.197265625
432.33,320.0,0.1982421875
436.77,321.48,0.1982421875
439.72,321.48,0.19921875
442.68,321.48,0.2021484375
447.11,321.48,0.19921875
450.07,322.96,0.19140625
453.03,322.96,0.19140625
455.98,322.96,0.1904296875
458.94,324.43,0.1845703125
461.89,325.91,0.18359375
463.37,327.39,0.1708984375
466.33,327.39,0.1708984375
466.33,328.87,0.1689453125
467.81,328.87,0.16796875
467.81,330.35,0.1669921875
469.28,330.35,0.1669921875
469.28,331.82,0.173828125
469.28,333.3,0.1728515625
469.28,334.78,0.1748046875
470.76,334.78,0.1748046875
470.76,336.26,0.1748046875
470.76,339.21,0.173828125
470.76,340.69,0.173828125
470.76,343.65,0.173828125
470.76,345.13,0.1728515625
470.76,346.61,0.173828125
470.76,348.08,0.18359375
469.28,348.08,0.1904296875
467.81,348.08,0.046875

175.15,420.51,0.01953125
179.58,423.46,0.125
181.06,423.46,0.13671875
188.45,427.9,0.16015625
195.84,430.85,0.162109375
203.23,435.29,0.1630859375
216.54,441.2,0.162109375
220.97,442.68,0.1630859375
228.36,444.16,0.1630859375
237.23,447.11,0.162109375
243.14,450.07,0.162109375
249.05,451.55,0.1611328125
257.92,453.03,0.1611328125
263.83,453.03,0.1611328125
269.75,454.5,0.1611328125
275.66,454.5,0.162109375
277.14,455.98,0.162109375
280.09,457.46,0.1455078125
281.57,457.46,0.111328125
283.05,457.46,0.06640625

314.09,444.16,0.0146484375
321.48,439.72,0.12109375
327.39,435.29,0.193359375
339.21,427.9,0.22265625
348.08,421.99,0.22265625
354.0,419.03,0.22265625
358.43,416.07,0.20703125
358.43,414.6,0.2021484375
356.95,414.6,0.2041015625
354.0,413.12,0.12109375

172.19,308.18,0.0009765625
172.19,305.22,0.0498046875
172.19,306.7,0.080078125
173.67,311.13,0.08984375
173.67,315.57,0.091796875
175.15,321.48,0.091796875
178.11,331.82,0.0888671875
181.06,340.69,0.0771484375
185.5,349.56,0.0712890625
191.41,361.39,0.0654296875
194.36,370.25,0.0869140625
195.84,379.12,0.10546875
198.8,387.99,0.12109375
200.28,396.86,0.1318359375
201.76,401.29,0.13671875
203.23,404.25,0.13671875
204.71,407.21,0.1357421875
206.19,411.64,0.14453125
207.67,413.12,0.14453125
207.67,414.6,0.146484375
206.19,414.6,0.0244140625

176.63,294.87,0.005859375
175.15,296.35,0.078125
175.15,294.87,0.1123046875
175.15,293.39,0.109375
176.63,291.92,0.103515625
178.11,288.96,0.1064453125
181.06,286.0,0.1083984375
184.02,283.05,0.107421875
186.97,280.09,0.1064453125
191.41,277.14,0.1162109375
194.36,274.18,0.12109375
201.76,265.31,0.150390625
207.67,260.88,0.1484375
215.06,254.97,0.1455078125
220.97,252.01,0.1455078125
225.4,249.05,0.14453125
229.84,246.1,0.14453125
234.27,243.14,0.146484375
241.66,238.71,0.1455078125
246.1,237.23,0.14453125
252.01,234.27,0.140625
254.97,232.79,0.140625
260.88,229.84,0.1357421875
263.83,229.84,0.1337890625
266.79,228.36,0.1337890625
269.75,226.88,0.1220703125
272.7,225.4,0.115234375
275.66,225.4,0.103515625
277.14,225.4,0.1015625
278.61,225.4,0.0771484375

296.35,232.79,0.0087890625
293.39,231.32,0.1318359375
296.35,231.32,0.150390625
299.31,231.32,0.158203125
303.74,231.32,0.166015625
308.18,231.32,0.171875
314.09,234.27,0.173828125
320.0,235.75,0.1748046875
324.43,237.23,0.17578125
328.87,240.18,0.177734375
333.3,243.14,0.1796875
340.69,246.1,0.177734375
346.61,249.05,0.1796875
354.0,250.53,0.181640625
358.43,253.49,0.1845703125
364.34,254.97,0.1826171875
367.3,257.92,0.181640625
371.73,260.88,0.1845703125
376.17,263.83,0.193359375
380.6,265.31,0.1923828125
385.03,266.79,0.201171875
387.99,268.27,0.2060546875
390.95,269.75,0.212890625
392.42,269.75,0.2099609375
392.42,271.22,0.2119140625
393.9,271.22,0.2099609375
395.38,271.22,0.208984375
398.34,272.7,0.22265625
399.82,272.7,0.2255859375
401.29,272.7,0.2236328125
401.29,274.18,0.2236328125
402.77,274.18,0.20703125
402.77,275.66,0.091796875

402.77,278.61,0.0
404.25,284.53,0.1376953125
404.25,287.48,0.150390625
404.25,290.44,0.1513671875
404.25,296.35,0.1591796875
404.25,300.79,0.1611328125
404.25,305.22,0.162109375
404.25,309.65,0.1630859375
404.25,314.09,0.1640625
404.25,317.04,0.1640625
404.25,321.48,0.1650390625
404.25,325.91,0.16796875
404.25,330.35,0.169921875
404.25,334.78,0.169921875
404.25,337.74,0.169921875
404.25,342.17,0.1748046875
404.25,346.61,0.1748046875
404.25,349.56,0.162109375
404.25,352.52,0.158203125
404.25,356.95,0.15234375
404.25,359.91,0.154296875
404.25,362.86,0.15625
402.77,367.3,0.1572265625
402.77,368.78,0.1572265625
402.77,371.73,0.1533203125
401.29,374.69,0.1533203125
401.29,376.17,0.1552734375
401.29,377.64,0.1552734375
401.29,380.6,0.154296875
401.29,382.08,0.146484375
401.29,383.56,0.15625
399.82,383.56,0.13671875

356.95,263.83,0.0048828125
358.43,260.88,0.0517578125
358.43,262.36,0.0380859375

358.43,275.66,0.0078125
359.91,271.22,0.1025390625
359.91,272.7,0.1533203125
361.39,274.18,0.1572265625
361.39,275.66,0.1611328125
361.39,278.61,0.1650390625
361.39,284.53,0.171875
362.86,291.92,0.181640625
364.34,299.31,0.1884765625
364.34,306.7,0.1904296875
365.82,315.57,0.1943359375
367.3,322.96,0.203125
368.78,330.35,0.208984375
368.78,337.74,0.2119140625
368.78,342.17,0.2138671875
368.78,349.56,0.216796875
368.78,354.0,0.2197265625
368.78,358.43,0.216796875
368.78,361.39,0.21875
368.78,365.82,0.216796875
368.78,370.25,0.216796875
368.78,373.21,0.21484375
368.78,376.17,0.216796875
368.78,379.12,0.216796875
368.78,380.6,0.216796875
368.78,383.56,0.212890625
368.78,385.03,0.212890625
367.3,387.99,0.2138671875
367.3,389.47,0.2138671875
367.3,390.95,0.20703125
367.3,392.42,0.2080078125
367.3,393.9,0.2060546875
368.78,393.9,0.2041015625
368.78,395.38,0.2041015625
368.78,396.86,0.2060546875
368.78,398.34,0.20703125
368.78,396.86,0.1904296875
368.78,395.38,0.0966796875

195.84,349.56,0.005859375
197.32,349.56,0.1005859375
198.8,351.04,0.1318359375
201.76,351.04,0.1435546875
204.71,352.52,0.16015625
210.62,354.0,0.173828125
216.54,354.0,0.1796875
222.45,355.47,0.1796875
226.88,355.47,0.181640625
231.32,355.47,0.1806640625
238.71,356.95,0.1806640625
244.62,356.95,0.1953125
249.05,358.43,0.197265625
253.49,358.43,0.1962890625
257.92,358.43,0.197265625
263.83,359.91,0.1953125
266.79,359.91,0.197265625
269.75,359.91,0.197265625
274.18,359.91,0.1962890625
277.14,358.43,0.1962890625
283.05,358.43,0.197265625
288.96,356.95,0.1904296875
293.39,355.47,0.1962890625
297.83,355.47,0.18359375
302.26,354.0,0.1884765625
308.18,352.52,0.1923828125
312.61,351.04,0.1806640625
317.04,348.08,0.1826171875
320.0,346.61,0.17578125
324.43,343.65,0.1689453125
328.87,340.69,0.16796875
331.82,339.21,0.1728515625
336.26,337.74,0.1591796875
339.21,336.26,0.162109375
340.69,334.78,0.15625
342.17,333.3,0.16015625
342.17,331.82,0.1630859375
343.65,331.82,0.1630859375
345.13,330.35,0.1630859375
349.56,327.39,0.1845703125
351.04,325.91,0.1826171875
352.52,324.43,0.1875
354.0,324.43,0.1845703125
354.0,322.96,0.1962890625
352.52,322.96,0.20703125
351.04,322.96,0.16015625
349.56,322.96,0.0

281.57,330.35,0.0029296875
284.53,334.78,0.111328125
284.53,337.74,0.1279296875
286.0,340.69,0.1298828125
287.48,346.61,0.1357421875
287.48,349.56,0.1357421875
288.96,355.47,0.1328125
290.44,359.91,0.12109375
291.92,364.34,0.1181640625
293.39,371.73,0.126953125
293.39,376.17,0.1298828125
293.39,379.12,0.1357421875
294.87,383.56,0.142578125
294.87,386.51,0.1435546875
294.87,389.47,0.1435546875
296.35,392.42,0.14453125
296.35,396.86,0.14453125
296.35,399.82,0.146484375
297.83,404.25,0.1455078125
297.83,407.21,0.1435546875
297.83,410.16,0.1435546875
299.31,413.12,0.1435546875
299.31,416.07,0.1435546875
299.31,419.03,0.1474609375
299.31,421.99,0.146484375
299.31,424.94,0.146484375
300.79,427.9,0.1435546875
300.79,429.38,0.1513671875
300.79,430.85,0.154296875
300.79,432.33,0.15625
300.79,433.81,0.1611328125
300.79,435.29,0.181640625
300.79,433.81,0.0009765625

118.98,275.66,0.013671875
117.51,274.18,0.0869140625
117.51,272.7,0.0849609375
117.51,269.75,0.1015625
117.51,266.79,0.107421875
117.51,262.36,0.1083984375
118.98,254.97,0.10546875
120.46,249.05,0.0986328125
123.42,243.14,0.0771484375
126.37,234.27,0.0673828125
130.81,223.93,0.0771484375
135.24,218.01,0.0791015625
139.68,210.62,0.0849609375
141.15,207.67,0.1015625
147.07,198.8,0.1025390625
151.5,192.89,0.109375
155.94,185.5,0.12890625
160.37,181.06,0.1416015625
163.33,178.11,0.140625
167.76,172.19,0.1396484375
170.72,169.24,0.142578125
176.63,164.8,0.1572265625
181.06,160.37,0.1611328125
185.5,155.94,0.162109375
189.93,152.98,0.162109375
195.84,148.55,0.162109375
198.8,144.11,0.1650390625
203.23,141.15,0.1650390625
206.19,138.2,0.1650390625
207.67,136.72,0.166015625
210.62,135.24,0.1591796875
212.1,133.76,0.15625
213.58,133.76,0.16015625
215.06,132.29,0.16015625
219.49,129.33,0.1611328125
222.45,127.85,0.1640625
226.88,126.37,0.16015625
229.84,124.9,0.158203125
231.32,123.42,0.1591796875
234.27,123.42,0.1572265625
235.75,123.42,0.1572265625
238.71,123.42,0.1552734375
240.18,123.42,0.154296875
240.18,124.9,0.083984375

246.1,130.81,0.009765625
252.01,129.33,0.0712890625
256.44,129.33,0.087890625
257.92,129.33,0.0966796875
262.36,129.33,0.109375
266.79,129.33,0.1240234375
271.22,129.33,0.140625
274.18,130.81,0.15234375
277.14,130.81,0.15234375
281.57,132.29,0.169921875
287.48,133.76,0.1806640625
293.39,133.76,0.1865234375
299.31,133.76,0.1865234375
303.74,135.24,0.1875
308.18,136.72,0.18359375
311.13,138.2,0.185546875
314.09,139.68,0.2060546875
317.04,141.15,0.2236328125
322.96,144.11,0.228515625
327.39,145.59,0.2333984375
331.82,147.07,0.236328125
333.3,148.55,0.23828125
336.26,151.5,0.2392578125
337.74,152.98,0.24609375
340.69,154.46,0.2587890625
343.65,157.41,0.298828125
346.61,158.89,0.30859375
349.56,160.37,0.3125
354.0,163.33,0.3232421875
358.43,164.8,0.328125
359.91,164.8,0.328125
364.34,167.76,0.33203125
367.3,169.24,0.33203125
368.78,169.24,0.33203125
371.73,170.72,0.3291015625
374.69,172.19,0.33203125
376.17,173.67,0.3310546875
377.64,173.67,0.3310546875
380.6,175.15,0.3330078125
382.08,176.63,0.3330078125
383.56,178.11,0.33203125
386.51,179.58,0.3330078125
386.51,181.06,0.3349609375
387.99,181.06,0.3349609375
389.47,182.54,0.3427734375
390.95,182.54,0.3427734375
390.95,184.02,0.3427734375
392.42,184.02,0.34375
392.42,185.5,0.34375
393.9,185.5,0.341796875
396.86,186.97,0.34375
399.82,188.45,0.3447265625
402.77,191.41,0.3505859375
405.73,192.89,0.3515625
408.68,194.36,0.3544921875
408.68,195.84,0.3544921875
410.16,197.32,0.353515625
411.64,198.8,0.3515625
411.64,200.28,0.353515625
413.12,201.76,0.3515625
414.6,203.23,0.353515625
416.07,203.23,0.35546875
416.07,204.71,0.3583984375
417.55,206.19,0.353515625
417.55,207.67,0.35546875
419.03,207.67,0.35546875
419.03,209.15,0.20703125

430.85,222.45,0.0361328125
430.85,223.93,0.1552734375
430.85,226.88,0.19140625
432.33,229.84,0.2080078125
432.33,231.32,0.2158203125
433.81,234.27,0.2314453125
433.81,237.23,0.2353515625
435.29,238.71,0.2412109375
435.29,241.66,0.248046875
435.29,243.14,0.2470703125
435.29,244.62,0.2509765625
435.29,247.58,0.25390625
436.77,250.53,0.25390625
436.77,254.97,0.25390625
436.77,257.92,0.25390625
436.77,260.88,0.25390625
436.77,266.79,0.251953125
436.77,272.7,0.25
436.77,277.14,0.2373046875
436.77,283.05,0.236328125
436.77,287.48,0.2353515625
436.77,293.39,0.2333984375
436.77,299.31,0.2236328125
436.77,303.74,0.2236328125
436.77,308.18,0.2216796875
436.77,312.61,0.1982421875
436.77,317.04,0.1982421875
436.77,321.48,0.197265625
436.77,324.43,0.197265625
436.77,327.39,0.2021484375
436.77,330.35,0.19921875
436.77,333.3,0.2099609375
436.77,336.26,0.23046875
436.77,339.21,0.234375
436.77,342.17,0.2431640625
436.77,343.65,0.2431640625
436.77,345.13,0.2451171875
435.29,343.65,0.0

120.46,293.39,0.0107421875
121.94,297.83,0.1708984375
121.94,300.79,0.1875
121.94,302.26,0.189453125
123.42,308.18,0.19921875
124.9,314.09,0.2001953125
126.37,320.0,0.2021484375
127.85,327.39,0.201171875
129.33,337.74,0.19921875
132.29,346.61,0.201171875
133.76,354.0,0.203125
133.76,362.86,0.2021484375
135.24,370.25,0.2021484375
136.72,374.69,0.2001953125
138.2,379.12,0.2021484375
138.2,382.08,0.19921875
139.68,383.56,0.201171875
139.68,386.51,0.2109375
139.68,387.99,0.2197265625
139.68,389.47,0.2197265625
139.68,387.99,0.2314453125
139.68,386.51,0.236328125
141.15,386.51,0.2158203125
141.15,385.03,0.1650390625

77.6,382.08,0.0126953125
79.08,377.64,0.125
79.08,379.12,0.173828125
79.08,382.08,0.16796875
77.6,385.03,0.169921875
76.12,390.95,0.1708984375
76.12,396.86,0.1708984375
74.64,405.73,0.171875
73.16,419.03,0.16796875
71.69,433.81,0.158203125
71.69,442.68,0.154296875
71.69,450.07,0.1494140625
71.69,458.94,0.1357421875
71.69,472.24,0.1298828125
70.21,476.67,0.1318359375
70.21,484.06,0.1328125
68.73,489.98,0.1298828125
68.73,492.93,0.12890625
68.73,497.37,0.130859375
68.73,501.8,0.130859375
68.73,503.28,0.1328125
70.21,507.71,0.1435546875
70.21,510.67,0.1572265625
70.21,513.63,0.166015625
70.21,515.1,0.16796875
71.69,519.54,0.1708984375
71.69,522.49,0.189453125
71.69,523.97,0.1875
71.69,522.49,0.126953125
71.69,519.54,0.0107421875

67.25,559.45,0.001953125
68.73,563.88,0.056640625
68.73,565.36,0.0849609375
70.21,566.84,0.109375
71.69,568.31,0.1376953125
73.16,571.27,0.1533203125
76.12,574.23,0.16796875
79.08,575.7,0.1826171875
80.55,577.18,0.203125
83.51,578.66,0.208984375
86.47,580.14,0.2158203125
89.42,581.62,0.21875
92.38,584.57,0.220703125
95.33,586.05,0.220703125
96.81,586.05,0.22265625
99.77,589.01,0.236328125
102.73,590.48,0.2373046875
105.68,590.48,0.2373046875
107.16,591.96,0.234375
108.64,591.96,0.2314453125
110.12,591.96,0.2138671875
111.59,591.96,0.1982421875
111.59,593.44,0.1630859375

74.64,615.61,0.0107421875
74.64,621.52,0.1025390625
76.12,625.96,0.1279296875
77.6,631.87,0.1484375
80.55,636.3,0.158203125
83.51,643.7,0.1552734375
86.47,646.65,0.154296875
87.94,651.09,0.15625
90.9,655.52,0.1640625
93.86,659.95,0.1640625
95.33,665.87,0.1748046875
96.81,670.3,0.17578125
99.77,674.73,0.1826171875
101.25,677.69,0.1875
104.2,680.65,0.1875
105.68,683.6,0.1982421875
107.16,686.56,0.201171875
108.64,689.52,0.2021484375
110.12,692.47,0.203125
111.59,693.95,0.19921875
111.59,695.43,0.197265625
113.07,695.43,0.1943359375
113.07,696.91,0.1728515625
114.55,696.91,0.1669921875
116.03,696.91,0.142578125
117.51,696.91,0.126953125
120.46,696.91,0.1328125
123.42,696.91,0.15625
124.9,695.43,0.2451171875
126.37,695.43,0.3017578125
127.85,695.43,0.3701171875
129.33,695.43,0.375
130.81,693.95,0.376953125
132.29,693.95,0.376953125
133.76,693.95,0.3740234375
136.72,692.47,0.3759765625
141.15,692.47,0.3779296875
147.07,690.99,0.3798828125
154.46,686.56,0.3759765625
160.37,682.12,0.341796875
163.33,680.65,0.3212890625
166.28,677.69,0.2958984375
167.76,677.69,0.29296875
169.24,677.69,0.2802734375
167.76,679.17,0.2080078125

154.46,688.04,0.0009765625
157.41,686.56,0.1162109375
158.89,685.08,0.1376953125
160.37,682.12,0.146484375
163.33,679.17,0.162109375
169.24,673.26,0.1748046875
173.67,667.34,0.189453125
179.58,661.43,0.1904296875
184.02,657.0,0.1904296875
186.97,652.56,0.189453125
191.41,646.65,0.17578125
192.89,642.22,0.1708984375
195.84,637.78,0.1611328125
197.32,634.83,0.1611328125
200.28,630.39,0.1630859375
201.76,627.44,0.16015625
203.23,624.48,0.162109375
206.19,621.52,0.16015625
207.67,618.57,0.1591796875
212.1,614.13,0.158203125
213.58,611.18,0.158203125
216.54,606.74,0.158203125
218.01,603.79,0.166015625
218.01,602.31,0.166015625
219.49,600.83,0.17578125
218.01,600.83,0.193359375
216.54,602.31,0.0693359375

206.19,549.1,0.0087890625
200.28,549.1,0.1484375
198.8,550.58,0.158203125
195.84,552.06,0.158203125
192.89,553.53,0.1591796875
189.93,556.49,0.1513671875
186.97,557.97,0.1494140625
185.5,559.45,0.140625
185.5,560.92,0.1494140625
186.97,560.92,0.1494140625
186.97,563.88,0.1669921875
188.45,568.31,0.171875
191.41,572.75,0.1767578125
195.84,578.66,0.185546875
200.28,587.53,0.2060546875
204.71,591.96,0.21484375
207.67,594.92,0.2158203125
212.1,597.88,0.2158203125
213.58,597.88,0.2177734375
213.58,599.35,0.216796875
213.58,597.88,0.1689453125
213.58,596.4,0.09375

206.19,553.53,0.0185546875
207.67,559.45,0.1162109375
210.62,563.88,0.1435546875
213.58,569.79,0.1591796875
218.01,578.66,0.205078125
220.97,584.57,0.2177734375
222.45,587.53,0.2216796875
223.93,590.48,0.2216796875
225.4,590.48,0.220703125
223.93,590.48,0.138671875
223.93,589.01,0.05078125

272.7,617.09,0.0029296875
274.18,615.61,0.0966796875
275.66,615.61,0.1142578125
277.14,615.61,0.1181640625
280.09,617.09,0.1201171875
283.05,618.57,0.119140625
284.53,620.05,0.123046875
284.53,623.0,0.1240234375
286.0,625.96,0.1240234375
287.48,630.39,0.123046875
288.96,633.35,0.123046875
288.96,636.3,0.1220703125
290.44,639.26,0.1240234375
290.44,642.22,0.1240234375
291.92,645.17,0.1240234375
291.92,648.13,0.1240234375
291.92,651.09,0.1220703125
291.92,655.52,0.125
291.92,658.48,0.1259765625
290.44,661.43,0.1279296875
290.44,664.39,0.12890625
288.96,667.34,0.1318359375
286.0,670.3,0.1318359375
284.53,673.26,0.1318359375
281.57,676.21,0.1318359375
278.61,679.17,0.1357421875
277.14,680.65,0.1357421875
274.18,683.6,0.1337890625
271.22,685.08,0.134765625
268.27,686.56,0.13671875
266.79,688.04,0.1357421875
263.83,689.52,0.146484375
262.36,689.52,0.1552734375
257.92,690.99,0.15625
254.97,690.99,0.1572265625
253.49,690.99,0.1572265625
250.53,690.99,0.1591796875
246.1,690.99,0.1591796875
243.14,690.99,0.1591796875
240.18,690.99,0.1650390625
238.71,690.99,0.1640625
237.23,690.99,0.1728515625
234.27,690.99,0.1708984375
232.79,689.52,0.173828125
229.84,688.04,0.171875
228.36,686.56,0.173828125
225.4,685.08,0.1728515625
222.45,683.6,0.169921875
219.49,680.65,0.1708984375
216.54,679.17,0.1708984375
213.58,676.21,0.171875
212.1,674.73,0.1708984375
210.62,671.78,0.16796875
207.67,668.82,0.1689453125
207.67,667.34,0.1689453125
206.19,664.39,0.1650390625
204.71,661.43,0.1650390625
203.23,657.0,0.1484375
201.76,654.04,0.146484375
201.76,651.09,0.1455078125
201.76,648.13,0.142578125
201.76,645.17,0.1396484375
201.76,640.74,0.1591796875
203.23,636.3,0.1669921875
204.71,631.87,0.1884765625
207.67,628.91,0.2080078125
209.15,627.44,0.216796875
209.15,625.96,0.2138671875
209.15,624.48,0.2119140625
210.62,624.48,0.2197265625
210.62,623.0,0.2197265625
210.62,621.52,0.1240234375
212.1,621.52,0.0751953125
212.1,620.05,0.0107421875

213.58,612.66,0.0009765625
215.06,606.74,0.060546875
216.54,603.79,0.072265625
218.01,599.35,0.0986328125
220.97,596.4,0.1064453125
226.88,590.48,0.12109375
231.32,584.57,0.12109375
237.23,578.66,0.130859375
246.1,571.27,0.138671875
252.01,566.84,0.1484375
259.4,562.4,0.16015625
269.75,556.49,0.1748046875
275.66,555.01,0.1943359375
283.05,550.58,0.2109375
291.92,547.62,0.2421875
300.79,546.14,0.2470703125
309.65,544.67,0.24609375
315.57,544.67,0.24609375
320.0,543.19,0.2451171875
322.96,543.19,0.24609375
324.43,544.67,0.2451171875
328.87,544.67,0.2451171875
331.82,544.67,0.2451171875
336.26,544.67,0.2421875
337.74,546.14,0.1953125
339.21,546.14,0.14453125

358.43,557.97,0.0068359375
368.78,559.45,0.1357421875
371.73,560.92,0.1630859375
377.64,563.88,0.193359375
382.08,565.36,0.2041015625
386.51,566.84,0.2255859375
392.42,568.31,0.232421875
401.29,569.79,0.2412109375
408.68,571.27,0.248046875
419.03,571.27,0.25
424.94,572.75,0.2529296875
430.85,572.75,0.2607421875
438.24,572.75,0.2685546875
444.16,574.23,0.2734375
450.07,574.23,0.27734375
457.46,575.7,0.27734375
461.89,577.18,0.27734375
467.81,577.18,0.27734375
470.76,578.66,0.2802734375
475.2,580.14,0.2822265625
478.15,580.14,0.2822265625
482.59,581.62,0.283203125
487.02,581.62,0.283203125
489.98,581.62,0.2841796875
495.89,581.62,0.2841796875
500.32,581.62,0.2841796875
504.76,581.62,0.2841796875
510.67,581.62,0.2861328125
516.58,581.62,0.287109375
519.54,581.62,0.28515625
522.49,581.62,0.2841796875
523.97,581.62,0.28515625
526.93,581.62,0.2841796875
529.88,580.14,0.2861328125
532.84,580.14,0.28515625
534.32,580.14,0.287109375
538.75,578.66,0.2861328125
541.71,578.66,0.28515625
544.67,577.18,0.2861328125
547.62,575.7,0.2841796875
550.58,575.7,0.2841796875
553.53,574.23,0.2841796875
555.01,574.23,0.2822265625
556.49,574.23,0.2783203125
556.49,572.75,0.2734375
557.97,572.75,0.2734375
559.45,572.75,0.2685546875
560.92,572.75,0.2705078125
560.92,571.27,0.2705078125
562.4,569.79,0.275390625
563.88,569.79,0.2734375
563.88,568.31,0.2734375
565.36,566.84,0.2734375
566.84,566.84,0.2705078125
568.31,565.36,0.2685546875
569.79,565.36,0.271484375
572.75,562.4,0.2724609375
575.7,560.92,0.2724609375
578.66,559.45,0.2724609375
581.62,556.49,0.2685546875
583.09,555.01,0.2587890625
584.57,553.53,0.255859375
586.05,550.58,0.2392578125
587.53,549.1,0.2275390625
589.01,547.62,0.2216796875
590.48,544.67,0.21484375
591.96,541.71,0.2138671875
593.44,538.75,0.2119140625
593.44,535.8,0.2119140625
594.92,532.84,0.2099609375
594.92,529.88,0.2119140625
596.4,526.93,0.205078125
596.4,522.49,0.203125
596.4,519.54,0.2041015625
596.4,516.58,0.2080078125
596.4,513.63,0.2099609375
594.92,509.19,0.2177734375
594.92,506.24,0.2294921875
594.92,503.28,0.2353515625
593.44,498.85,0.24609375
593.44,497.37,0.24609375
591.96,494.41,0.2578125
589.01,492.93,0.259765625
587.53,491.45,0.263671875
583.09,488.5,0.2724609375
580.14,485.54,0.2744140625
577.18,484.06,0.279296875
574.23,482.59,0.2919921875
569.79,482.59,0.2919921875
566.84,482.59,0.29296875
560.92,481.11,0.2900390625
556.49,481.11,0.2900390625
552.06,482.59,0.2900390625
549.1,482.59,0.2900390625
546.14,484.06,0.2890625
541.71,487.02,0.287109375
538.75,489.98,0.287109375
535.8,491.45,0.28515625
532.84,494.41,0.28515625
531.36,497.37,0.2802734375
529.88,501.8,0.2802734375
529.88,506.24,0.2802734375
528.41,510.67,0.279296875
528.41,513.63,0.279296875
528.41,516.58,0.275390625
529.88,521.02,0.28515625
531.36,523.97,0.2880859375
534.32,525.45,0.2939453125
535.8,526.93,0.294921875
538.75,526.93,0.2958984375
544.67,528.41,0.2978515625
547.62,526.93,0.2998046875
553.53,525.45,0.287109375
556.49,523.97,0.271484375
557.97,523.97,0.2666015625
560.92,522.49,0.2578125
562.4,521.02,0.255859375
563.88,521.02,0.2548828125
563.88,519.54,0.2119140625

201.76,501.8,0.0029296875
200.28,500.32,0.1123046875
200.28,498.85,0.1201171875
201.76,497.37,0.1220703125
203.23,495.89,0.138671875
204.71,494.41,0.1435546875
209.15,492.93,0.1435546875
215.06,489.98,0.1552734375
219.49,487.02,0.158203125
225.4,484.06,0.1572265625
232.79,481.11,0.1611328125
238.71,478.15,0.1630859375
244.62,476.67,0.1611328125
252.01,473.72,0.16015625
257.92,472.24,0.16015625
263.83,470.76,0.16015625
269.75,467.81,0.16015625
275.66,466.33,0.1640625
283.05,463.37,0.162109375
286.0,463.37,0.162109375
291.92,461.89,0.1728515625
294.87,460.42,0.169921875
297.83,460.42,0.181640625
302.26,460.42,0.181640625
305.22,458.94,0.1806640625
309.65,457.46,0.1826171875
314.09,457.46,0.1796875
317.04,457.46,0.1796875
320.0,457.46,0.181640625
324.43,457.46,0.1806640625
328.87,457.46,0.1796875
331.82,458.94,0.1845703125
336.26,458.94,0.185546875
340.69,458.94,0.185546875
345.13,458.94,0.1904296875
349.56,458.94,0.1923828125
355.47,458.94,0.19921875
359.91,458.94,0.19921875
365.82,460.42,0.2001953125
368.78,461.89,0.2001953125
373.21,461.89,0.203125
379.12,463.37,0.203125
383.56,464.85,0.201171875
389.47,466.33,0.2041015625
393.9,467.81,0.2041015625
401.29,470.76,0.2041015625
405.73,472.24,0.2041015625
411.64,472.24,0.205078125
417.55,473.72,0.2099609375
421.99,473.72,0.2119140625
427.9,475.2,0.2236328125
432.33,476.67,0.2333984375
435.29,478.15,0.236328125
438.24,478.15,0.2451171875
442.68,479.63,0.24609375
447.11,481.11,0.2470703125
450.07,481.11,0.24609375
454.5,482.59,0.25
457.46,482.59,0.26171875
460.42,484.06,0.26171875
461.89,484.06,0.26171875
464.85,484.06,0.2646484375
467.81,485.54,0.2646484375
472.24,485.54,0.2646484375
475.2,487.02,0.2646484375
478.15,488.5,0.265625
479.63,488.5,0.265625
482.59,488.5,0.263671875
484.06,489.98,0.2646484375
485.54,489.98,0.2666015625
487.02,489.98,0.2666015625
488.5,489.98,0.2685546875
489.98,489.98,0.26953125
491.45,489.98,0.265625
489.98,491.45,0.10546875

472.24,484.06,0.0087890625
470.76,481.11,0.095703125
472.24,484.06,0.154296875
475.2,487.02,0.171875
479.63,491.45,0.1796875
485.54,497.37,0.1884765625
489.98,501.8,0.2080078125
495.89,507.71,0.2275390625
501.8,512.15,0.2470703125
506.24,516.58,0.265625
512.15,521.02,0.275390625
515.1,523.97,0.2763671875
516.58,525.45,0.275390625
516.58,526.93,0.275390625
518.06,528.41,0.275390625
518.06,529.88,0.275390625
518.06,528.41,0.2109375
518.06,526.93,0.1083984375

479.63,484.06,0.0146484375
476.67,479.63,0.1474609375
475.2,473.72,0.15234375
475.2,470.76,0.158203125
475.2,466.33,0.16015625
475.2,461.89,0.1689453125
476.67,457.46,0.1787109375
478.15,454.5,0.18359375
479.63,448.59,0.1884765625
481.11,445.64,0.193359375
484.06,442.68,0.19921875
487.02,439.72,0.2041015625
489.98,436.77,0.21875
492.93,435.29,0.220703125
498.85,432.33,0.232421875
503.28,430.85,0.234375
506.24,430.85,0.2353515625
510.67,430.85,0.232421875
515.1,430.85,0.234375
518.06,430.85,0.2314453125
521.02,430.85,0.232421875
523.97,430.85,0.2314453125
525.45,430.85,0.232421875
528.41,430.85,0.234375
529.88,430.85,0.234375
531.36,430.85,0.2314453125
532.84,430.85,0.232421875
534.32,430.85,0.23046875
535.8,432.33,0.2294921875
537.27,433.81,0.228515625
538.75,435.29,0.2294921875
540.23,436.77,0.2294921875
541.71,438.24,0.2451171875

529.88,423.46,0.0009765625
528.41,426.42,0.1123046875
532.84,432.33,0.1611328125
535.8,435.29,0.1748046875
540.23,439.72,0.2109375
543.19,442.68,0.224609375
546.14,445.64,0.2314453125
550.58,450.07,0.24609375
555.01,454.5,0.251953125
557.97,457.46,0.2568359375
560.92,463.37,0.255859375
563.88,466.33,0.255859375
566.84,469.28,0.2578125
569.79,472.24,0.2578125
572.75,475.2,0.2578125
575.7,478.15,0.2568359375
578.66,481.11,0.2587890625
580.14,484.06,0.263671875
581.62,485.54,0.263671875
584.57,488.5,0.263671875
586.05,489.98,0.265625
587.53,491.45,0.2666015625
590.48,494.41,0.2685546875
591.96,495.89,0.2666015625
594.92,497.37,0.2685546875
596.4,497.37,0.265625
597.88,498.85,0.265625
599.35,500.32,0.267578125
600.83,501.8,0.2685546875
602.31,501.8,0.2744140625
602.31,503.28,0.271484375
603.79,503.28,0.2724609375
602.31,501.8,0.1796875
602.31,500.32,0.044921875

457.46,306.7,0.005859375
454.5,305.22,0.18359375
455.98,303.74,0.1884765625
457.46,302.26,0.19140625
461.89,300.79,0.1884765625
464.85,300.79,0.1884765625
467.81,300.79,0.185546875
469.28,299.31,0.185546875
472.24,299.31,0.1884765625
473.72,299.31,0.185546875
475.2,299.31,0.1884765625
476.67,300.79,0.203125
479.63,300.79,0.21484375
484.06,303.74,0.2236328125
489.98,306.7,0.2294921875
497.37,309.65,0.236328125
501.8,311.13,0.2373046875
506.24,314.09,0.2412109375
510.67,315.57,0.2412109375
515.1,317.04,0.2412109375
519.54,318.52,0.2412109375
521.02,320.0,0.2421875
523.97,320.0,0.2412109375
525.45,321.48,0.2392578125
528.41,322.96,0.2392578125
531.36,324.43,0.2373046875
531.36,325.91,0.2470703125
529.88,325.91,0.1748046875

528.41,328.87,0.0
528.41,325.91,0.1201171875
528.41,327.39,0.16015625
528.41,328.87,0.1640625
529.88,331.82,0.173828125
531.36,337.74,0.185546875
532.84,346.61,0.189453125
534.32,352.52,0.189453125
535.8,356.95,0.193359375
537.27,364.34,0.19921875
538.75,368.78,0.21484375
540.23,371.73,0.21484375
540.23,374.69,0.21484375
540.23,376.17,0.21484375
538.75,376.17,0.2021484375
538.75,377.64,0.1689453125
537.27,377.64,0.1298828125
537.27,379.12,0.095703125
535.8,379.12,0.080078125
535.8,380.6,0.0732421875
534.32,380.6,0.072265625
534.32,382.08,0.072265625
532.84,385.03,0.0908203125
532.84,390.95,0.15234375
531.36,396.86,0.1767578125
529.88,404.25,0.193359375
528.41,413.12,0.22265625
525.45,419.03,0.236328125
523.97,424.94,0.25
519.54,433.81,0.263671875
518.06,439.72,0.271484375
515.1,444.16,0.279296875
513.63,447.11,0.2841796875
513.63,448.59,0.2822265625
512.15,450.07,0.28125
512.15,448.59,0.2412109375
512.15,445.64,0.10546875

473.72,331.82,0.0048828125
473.72,330.35,0.087890625
475.2,330.35,0.0986328125
475.2,333.3,0.1279296875
476.67,337.74,0.16015625
479.63,345.13,0.1865234375
482.59,354.0,0.1953125
487.02,364.34,0.2177734375
488.5,370.25,0.228515625
489.98,376.17,0.240234375
489.98,379.12,0.2431640625
489.98,380.6,0.2470703125
488.5,380.6,0.25

488.5,380.6,0.00390625
488.5,383.56,0.1943359375
488.5,385.03,0.205078125
487.02,387.99,0.21875
485.54,393.9,0.236328125
485.54,398.34,0.25
484.06,404.25,0.263671875
481.11,413.12,0.2802734375
479.63,419.03,0.28515625
478.15,424.94,0.2880859375
476.67,430.85,0.296875
475.2,435.29,0.296875
472.24,441.2,0.3017578125
470.76,445.64,0.3056640625
469.28,448.59,0.3056640625
467.81,453.03,0.3076171875
466.33,457.46,0.3095703125
464.85,460.42,0.3115234375
464.85,463.37,0.31640625
463.37,464.85,0.3232421875
463.37,467.81,0.326171875
461.89,470.76,0.33203125
460.42,472.24,0.3349609375
458.94,473.72,0.337890625
458.94,475.2,0.3466796875
457.46,476.67,0.3564453125
457.46,475.2,0.3837890625
458.94,472.24,0.1943359375
460.42,472.24,0.099609375

546.14,348.08,0.0029296875
544.67,349.56,0.03125
544.67,351.04,0.0341796875
543.19,351.04,0.0302734375
541.71,351.04,0.0654296875
541.71,349.56,0.1357421875
543.19,346.61,0.1474609375
546.14,345.13,0.1494140625
547.62,342.17,0.15234375
549.1,339.21,0.15234375
552.06,336.26,0.15234375
555.01,333.3,0.1513671875
557.97,327.39,0.154296875
560.92,324.43,0.154296875
563.88,320.0,0.1533203125
566.84,314.09,0.15234375
571.27,308.18,0.1513671875
575.7,302.26,0.1494140625
580.14,296.35,0.150390625
584.57,291.92,0.150390625
589.01,287.48,0.150390625
593.44,281.57,0.1494140625
596.4,277.14,0.150390625
599.35,274.18,0.1484375
602.31,271.22,0.1484375
605.27,268.27,0.150390625
609.7,263.83,0.1494140625
612.66,259.4,0.1484375
614.13,257.92,0.146484375
617.09,254.97,0.142578125
618.57,253.49,0.142578125
621.52,250.53,0.138671875
623.0,249.05,0.134765625
625.96,246.1,0.1357421875
627.44,246.1,0.1328125
628.91,244.62,0.134765625
628.91,243.14,0.134765625
630.39,243.14,0.130859375
630.39,241.66,0.1357421875
631.87,241.66,0.1357421875

637.78,241.66,0.0048828125
639.26,241.66,0.208984375
640.74,241.66,0.2353515625
643.7,241.66,0.265625
646.65,241.66,0.28125
651.09,241.66,0.2841796875
654.04,241.66,0.2822265625
658.48,241.66,0.2822265625
662.91,241.66,0.283203125
667.34,243.14,0.28125
670.3,244.62,0.28125
674.73,246.1,0.28125
680.65,246.1,0.2822265625
685.08,247.58,0.2841796875
688.04,250.53,0.283203125
690.99,252.01,0.2841796875
695.43,253.49,0.283203125
699.86,256.44,0.283203125
704.3,256.44,0.283203125
707.25,257.92,0.283203125
710.21,259.4,0.283203125
713.16,262.36,0.2822265625
714.64,262.36,0.28125
717.6,263.83,0.28125
719.08,265.31,0.28125
720.55,265.31,0.28125
723.51,266.79,0.2822265625
724.99,268.27,0.2822265625
726.47,269.75,0.283203125
727.94,271.22,0.28125
729.42,271.22,0.2822265625
730.9,272.7,0.28125
730.9,274.18,0.28125
732.38,274.18,0.28125
732.38,275.66,0.28125
733.86,275.66,0.27734375
733.86,278.61,0.283203125
736.81,281.57,0.2841796875
738.29,284.53,0.2841796875
739.77,287.48,0.2861328125
741.25,291.92,0.2890625
742.73,294.87,0.291015625
744.2,299.31,0.2939453125
744.2,302.26,0.296875
745.68,305.22,0.296875
745.68,306.7,0.296875
747.16,309.65,0.294921875
747.16,312.61,0.294921875
748.64,314.09,0.294921875
750.12,317.04,0.294921875
750.12,320.0,0.296875
751.59,321.48,0.2939453125
751.59,324.43,0.294921875
751.59,325.91,0.294921875
751.59,328.87,0.2919921875
751.59,333.3,0.2919921875
753.07,334.78,0.2890625
753.07,336.26,0.2890625
753.07,337.74,0.2822265625
754.55,339.21,0.279296875
754.55,340.69,0.28125
754.55,342.17,0.28125
754.55,343.65,0.279296875
754.55,346.61,0.279296875
754.55,348.08,0.2802734375
754.55,349.56,0.2705078125
754.55,351.04,0.26953125
756.03,352.52,0.267578125
756.03,354.0,0.267578125
756.03,356.95,0.2666015625
756.03,358.43,0.2646484375
756.03,361.39,0.267578125
756.03,362.86,0.267578125
756.03,364.34,0.267578125
754.55,367.3,0.2666015625
754.55,370.25,0.265625
753.07,373.21,0.2626953125
753.07,377.64,0.259765625
751.59,380.6,0.2578125
750.12,385.03,0.2509765625
748.64,389.47,0.2392578125
747.16,393.9,0.224609375
744.2,398.34,0.205078125
741.25,404.25,0.1982421875
738.29,408.68,0.1982421875
736.81,411.64,0.2001953125
735.33,416.07,0.208984375
733.86,419.03,0.208984375
732.38,421.99,0.208984375
729.42,424.94,0.208984375
727.94,427.9,0.208984375
726.47,429.38,0.2099609375
724.99,430.85,0.2255859375
724.99,432.33,0.2255859375
723.51,433.81,0.2294921875
723.51,435.29,0.2421875
722.03,435.29,0.2421875
722.03,436.77,0.25
720.55,436.77,0.248046875
719.08,436.77,0.158203125

655.52,396.86,0.01171875
659.95,401.29,0.1552734375
661.43,402.77,0.1640625
665.87,405.73,0.201171875
670.3,410.16,0.2060546875
676.21,414.6,0.21875
682.12,419.03,0.2314453125
685.08,421.99,0.236328125
689.52,424.94,0.244140625
692.47,426.42,0.244140625
695.43,427.9,0.24609375
699.86,429.38,0.244140625
701.34,429.38,0.244140625
704.3,430.85,0.244140625
707.25,432.33,0.2451171875
708.73,433.81,0.2451171875
710.21,435.29,0.2451171875
713.16,435.29,0.23828125
714.64,436.77,0.2421875
714.64,438.24,0.2470703125
714.64,439.72,0.2529296875
713.16,439.72,0.2578125
711.69,439.72,0.1689453125

652.56,383.56,0.0068359375
649.61,379.12,0.103515625
649.61,377.64,0.103515625
649.61,376.17,0.111328125
651.09,374.69,0.115234375
652.56,373.21,0.1181640625
654.04,373.21,0.1171875
654.04,371.73,0.1171875
655.52,371.73,0.1162109375
657.0,373.21,0.138671875
658.48,374.69,0.1552734375
661.43,377.64,0.1728515625
664.39,380.6,0.185546875
667.34,383.56,0.1943359375
671.78,386.51,0.20703125
679.17,390.95,0.220703125
683.6,393.9,0.2333984375
689.52,398.34,0.2412109375
693.95,401.29,0.24609375
698.38,402.77,0.2470703125
701.34,405.73,0.2509765625
705.77,407.21,0.2509765625
708.73,408.68,0.2470703125
710.21,411.64,0.2275390625
711.69,413.12,0.2138671875
713.16,414.6,0.18359375
714.64,416.07,0.1708984375
716.12,416.07,0.166015625
716.12,417.55,0.1640625
717.6,419.03,0.1630859375
717.6,420.51,0.16796875
717.6,421.99,0.1611328125
717.6,423.46,0.029296875

719.08,432.33,0.0029296875
717.6,435.29,0.13671875
716.12,438.24,0.150390625
713.16,441.2,0.1728515625
710.21,445.64,0.19140625
707.25,448.59,0.2021484375
701.34,453.03,0.2080078125
698.38,455.98,0.2099609375
695.43,458.94,0.2119140625
692.47,461.89,0.2109375
688.04,466.33,0.212890625
685.08,469.28,0.2138671875
680.65,473.72,0.22265625
677.69,475.2,0.2265625
676.21,478.15,0.232421875
673.26,481.11,0.2392578125
670.3,484.06,0.2431640625
667.34,485.54,0.248046875
665.87,488.5,0.251953125
661.43,491.45,0.2578125
659.95,492.93,0.2578125
657.0,494.41,0.2626953125
655.52,495.89,0.2666015625
654.04,497.37,0.2724609375
652.56,497.37,0.2802734375
651.09,498.85,0.283203125
648.13,501.8,0.2841796875
646.65,503.28,0.287109375
645.17,504.76,0.291015625
643.7,504.76,0.29296875
640.74,506.24,0.3037109375
639.26,507.71,0.3115234375
637.78,507.71,0.314453125
634.83,509.19,0.3193359375
633.35,509.19,0.3193359375
631.87,509.19,0.3212890625
630.39,509.19,0.3212890625
628.91,509.19,0.31640625
630.39,506.24,0.0322265625

627.44,401.29,0.0078125
628.91,401.29,0.173828125
627.44,402.77,0.205078125
625.96,404.25,0.216796875
624.48,407.21,0.232421875
623.0,408.68,0.234375
620.05,411.64,0.2509765625
618.57,414.6,0.25390625
614.13,417.55,0.2548828125
611.18,420.51,0.2568359375
608.22,424.94,0.2587890625
603.79,427.9,0.26171875
600.83,432.33,0.263671875
597.88,435.29,0.2646484375
596.4,438.24,0.263671875
593.44,439.72,0.2666015625
590.48,442.68,0.2666015625
587.53,447.11,0.2705078125
584.57,450.07,0.2705078125
583.09,451.55,0.2783203125
581.62,453.03,0.28125
581.62,454.5,0.2763671875
581.62,455.98,0.279296875
580.14,455.98,0.279296875
580.14,458.94,0.2841796875
580.14,461.89,0.28515625
581.62,466.33,0.29296875
581.62,469.28,0.30078125
583.09,473.72,0.3095703125
584.57,475.2,0.3115234375
586.05,478.15,0.3203125
587.53,478.15,0.2275390625
587.53,476.67,0.140625

234.27,642.22,0.0
232.79,640.74,0.1435546875
234.27,642.22,0.1767578125
235.75,643.7,0.2060546875
238.71,646.65,0.2216796875
243.14,649.61,0.2255859375
246.1,651.09,0.2255859375
247.58,651.09,0.224609375
250.53,652.56,0.2216796875
252.01,652.56,0.2236328125
252.01,651.09,0.232421875
250.53,649.61,0.23828125
249.05,648.13,0.2412109375
249.05,646.65,0.2294921875
249.05,645.17,0.2275390625
249.05,643.7,0.2197265625
250.53,642.22,0.216796875
252.01,640.74,0.21875
253.49,640.74,0.21875
254.97,639.26,0.2158203125
256.44,639.26,0.2216796875
259.4,637.78,0.22265625
260.88,636.3,0.220703125
262.36,636.3,0.2236328125
263.83,636.3,0.2216796875
265.31,636.3,0.2216796875
266.79,636.3,0.220703125
268.27,636.3,0.2216796875
269.75,637.78,0.2275390625
271.22,637.78,0.228515625
272.7,639.26,0.228515625
274.18,640.74,0.236328125
274.18,642.22,0.2373046875
275.66,643.7,0.234375
275.66,645.17,0.240234375
275.66,646.65,0.23828125
275.66,648.13,0.2392578125
275.66,649.61,0.236328125
277.14,651.09,0.2392578125
277.14,652.56,0.2353515625
275.66,652.56,0.0

281.57,649.61,0.0
281.57,651.09,0.1171875
281.57,652.56,0.1328125
281.57,655.52,0.16015625
281.57,658.48,0.1708984375
281.57,659.95,0.1787109375
280.09,662.91,0.19921875
277.14,665.87,0.2119140625
275.66,668.82,0.216796875
272.7,670.3,0.21875
269.75,673.26,0.22265625
268.27,674.73,0.2197265625
265.31,676.21,0.2275390625
262.36,677.69,0.232421875
259.4,679.17,0.2431640625
256.44,679.17,0.2470703125
254.97,679.17,0.244140625
252.01,679.17,0.2451171875
250.53,679.17,0.2451171875
247.58,679.17,0.2451171875
246.1,677.69,0.251953125
243.14,677.69,0.25390625
241.66,676.21,0.2568359375
240.18,676.21,0.25390625
238.71,676.21,0.2548828125
237.23,676.21,0.2607421875
235.75,676.21,0.2568359375
235.75,674.73,0.255859375
234.27,674.73,0.25390625
232.79,674.73,0.2626953125
232.79,673.26,0.2626953125
231.32,671.78,0.255859375
229.84,670.3,0.26171875
229.84,668.82,0.26171875
228.36,667.34,0.263671875
225.4,664.39,0.2607421875
223.93,662.91,0.2607421875
222.45,659.95,0.2607421875
220.97,658.48,0.259765625
219.49,655.52,0.2568359375
218.01,654.04,0.2568359375
218.01,652.56,0.2568359375
218.01,649.61,0.2529296875
218.01,646.65,0.2509765625
218.01,643.7,0.2529296875
218.01,640.74,0.251953125
219.49,636.3,0.251953125
219.49,633.35,0.2509765625
220.97,628.91,0.248046875
222.45,625.96,0.248046875
225.4,621.52,0.248046875
226.88,618.57,0.2490234375
231.32,612.66,0.248046875
232.79,609.7,0.24609375
235.75,606.74,0.24609375
237.23,605.27,0.24609375
240.18,602.31,0.24609375
243.14,597.88,0.2451171875
246.1,596.4,0.2431640625
249.05,593.44,0.2431640625
252.01,591.96,0.244140625
256.44,589.01,0.2451171875
259.4,586.05,0.248046875
263.83,583.09,0.2490234375
268.27,581.62,0.2529296875
271.22,581.62,0.25390625
275.66,580.14,0.25390625
278.61,578.66,0.25390625
281.57,577.18,0.25390625
284.53,577.18,0.2529296875
287.48,575.7,0.2529296875
290.44,575.7,0.2548828125
293.39,575.7,0.2548828125
296.35,575.7,0.2548828125
297.83,575.7,0.2548828125
300.79,575.7,0.2548828125
302.26,575.7,0.25390625
306.7,575.7,0.2646484375
308.18,575.7,0.2685546875
311.13,575.7,0.26953125
314.09,575.7,0.26953125
315.57,577.18,0.2705078125
317.04,577.18,0.2734375
318.52,578.66,0.275390625
321.48,578.66,0.2900390625
322.96,578.66,0.29296875
325.91,580.14,0.2939453125
328.87,580.14,0.2978515625
330.35,580.14,0.2978515625
331.82,581.62,0.2978515625
333.3,581.62,0.2978515625
336.26,583.09,0.298828125
340.69,583.09,0.318359375
343.65,583.09,0.328125
348.08,583.09,0.328125
351.04,584.57,0.328125
352.52,586.05,0.330078125
354.0,586.05,0.3310546875
355.47,587.53,0.3310546875
356.95,589.01,0.3291015625
358.43,590.48,0.33203125
362.86,590.48,0.3330078125
365.82,591.96,0.3349609375
368.78,591.96,0.3349609375
370.25,593.44,0.3349609375
371.73,593.44,0.3349609375
373.21,594.92,0.3369140625
374.69,594.92,0.3369140625
377.64,596.4,0.3349609375
380.6,596.4,0.3359375
383.56,596.4,0.333984375
385.03,596.4,0.333984375
386.51,596.4,0.333984375
386.51,597.88,0.2490234375

408.68,602.31,0.0048828125
407.21,600.83,0.1494140625
408.68,602.31,0.1748046875
411.64,602.31,0.2080078125
416.07,603.79,0.2314453125
420.51,605.27,0.24609375
426.42,605.27,0.2568359375
433.81,606.74,0.2646484375
439.72,606.74,0.2685546875
445.64,606.74,0.2705078125
453.03,606.74,0.2705078125
458.94,608.22,0.2724609375
464.85,608.22,0.2724609375
470.76,606.74,0.283203125
478.15,606.74,0.2841796875
482.59,606.74,0.2841796875
487.02,606.74,0.287109375
491.45,608.22,0.29296875
494.41,608.22,0.296875
500.32,609.7,0.3037109375
504.76,609.7,0.306640625
512.15,609.7,0.3076171875
516.58,609.7,0.3056640625
522.49,608.22,0.306640625
525.45,608.22,0.306640625
531.36,608.22,0.3076171875
534.32,606.74,0.306640625
538.75,606.74,0.306640625
544.67,605.27,0.3056640625
549.1,603.79,0.302734375
556.49,600.83,0.283203125
560.92,597.88,0.279296875
565.36,594.92,0.2744140625
569.79,593.44,0.2724609375
575.7,590.48,0.2685546875
581.62,587.53,0.2705078125
584.57,584.57,0.2705078125
589.01,583.09,0.2705078125
591.96,580.14,0.2666015625
596.4,577.18,0.265625
599.35,574.23,0.265625
603.79,571.27,0.2626953125
605.27,568.31,0.2568359375
606.74,565.36,0.251953125
609.7,562.4,0.2451171875
611.18,559.45,0.2392578125
612.66,556.49,0.236328125
612.66,555.01,0.2333984375
614.13,550.58,0.2353515625
614.13,549.1,0.2353515625
615.61,546.14,0.2353515625
615.61,543.19,0.2333984375
615.61,540.23,0.2294921875
615.61,535.8,0.21875
617.09,532.84,0.216796875
617.09,529.88,0.2197265625
617.09,528.41,0.228515625
617.09,526.93,0.2216796875
615.61,525.45,0.220703125
615.61,521.02,0.220703125
615.61,519.54,0.2216796875
614.13,516.58,0.2216796875
614.13,515.1,0.2255859375
614.13,513.63,0.2333984375
612.66,512.15,0.2333984375
612.66,510.67,0.2392578125
612.66,509.19,0.2392578125
612.66,507.71,0.2353515625
611.18,507.71,0.2421875
611.18,506.24,0.2451171875
609.7,504.76,0.240234375
609.7,503.28,0.2421875
608.22,501.8,0.2392578125
608.22,500.32,0.2392578125
606.74,498.85,0.24609375
605.27,497.37,0.25390625
603.79,497.37,0.2568359375
602.31,494.41,0.251953125
600.83,492.93,0.2509765625
599.35,491.45,0.267578125
597.88,489.98,0.2646484375
596.4,488.5,0.2705078125
594.92,487.02,0.271484375
593.44,485.54,0.2705078125
591.96,484.06,0.267578125
590.48,484.06,0.26953125
589.01,482.59,0.26953125
587.53,481.11,0.26953125
584.57,479.63,0.26953125
583.09,478.15,0.271484375
580.14,476.67,0.2685546875
578.66,475.2,0.26953125
575.7,475.2,0.26953125
572.75,473.72,0.271484375
571.27,472.24,0.2734375
569.79,472.24,0.2734375
566.84,470.76,0.2763671875
565.36,470.76,0.27734375
562.4,469.28,0.27734375
559.45,469.28,0.27734375
556.49,467.81,0.27734375
555.01,467.81,0.27734375
553.53,467.81,0.2783203125
552.06,467.81,0.2783203125
550.58,467.81,0.2783203125
549.1,467.81,0.2783203125
547.62,467.81,0.27734375
546.14,467.81,0.2783203125
544.67,467.81,0.275390625
541.71,469.28,0.275390625
537.27,469.28,0.265625
534.32,470.76,0.26171875
532.84,472.24,0.2626953125
529.88,473.72,0.2607421875
526.93,476.67,0.2587890625
525.45,479.63,0.2578125
522.49,482.59,0.2578125
518.06,485.54,0.2578125
515.1,489.98,0.255859375
512.15,494.41,0.255859375
510.67,498.85,0.255859375
509.19,501.8,0.255859375
509.19,504.76,0.25390625
509.19,509.19,0.25390625
509.19,512.15,0.259765625
509.19,518.06,0.2705078125
510.67,521.02,0.2744140625
512.15,525.45,0.279296875
515.1,529.88,0.28125
516.58,534.32,0.287109375
519.54,537.27,0.2890625
522.49,540.23,0.2900390625
525.45,541.71,0.296875
528.41,544.67,0.296875
532.84,546.14,0.2978515625
537.27,547.62,0.298828125
541.71,549.1,0.298828125
546.14,550.58,0.298828125
550.58,552.06,0.2998046875
555.01,552.06,0.302734375
557.97,550.58,0.302734375
560.92,550.58,0.3037109375
563.88,547.62,0.306640625
568.31,546.14,0.30859375
571.27,543.19,0.30859375
575.7,538.75,0.310546875
577.18,537.27,0.310546875
580.14,534.32,0.3125
583.09,528.41,0.3134765625
584.57,525.45,0.3125
584.57,521.02,0.3134765625
584.57,516.58,0.314453125
583.09,513.63,0.318359375
580.14,510.67,0.3193359375
577.18,509.19,0.32421875
574.23,507.71,0.328125
571.27,506.24,0.3359375
565.36,506.24,0.3408203125
560.92,507.71,0.3408203125
556.49,510.67,0.341796875
553.53,512.15,0.3408203125
552.06,513.63,0.3408203125
550.58,516.58,0.341796875
550.58,521.02,0.359375
550.58,525.45,0.375
552.06,528.41,0.39453125
553.53,529.88,0.400390625
555.01,531.36,0.400390625
557.97,531.36,0.4091796875
559.45,531.36,0.4091796875
560.92,529.88,0.4130859375
562.4,528.41,0.4150390625
563.88,526.93,0.4033203125
565.36,525.45,0.3662109375
565.36,523.97,0.2890625

181.06,522.49,0.0126953125
179.58,521.02,0.166015625
181.06,519.54,0.2109375
185.5,516.58,0.21484375
189.93,512.15,0.2138671875
198.8,504.76,0.2119140625
209.15,495.89,0.2138671875
218.01,488.5,0.2158203125
226.88,484.06,0.2119140625
235.75,479.63,0.2119140625
240.18,478.15,0.2109375
243.14,475.2,0.2099609375
247.58,473.72,0.2041015625
252.01,472.24,0.1884765625
254.97,470.76,0.1884765625
257.92,470.76,0.1865234375
259.4,470.76,0.1806640625
260.88,470.76,0.1962890625
262.36,470.76,0.216796875
263.83,470.76,0.23046875
265.31,470.76,0.248046875
266.79,472.24,0.2626953125
269.75,472.24,0.2685546875
272.7,473.72,0.275390625
277.14,475.2,0.2998046875
281.57,476.67,0.3046875
286.0,478.15,0.3134765625
290.44,481.11,0.31640625
294.87,485.54,0.3193359375
299.31,489.98,0.3330078125
303.74,492.93,0.3359375
306.7,495.89,0.3388671875
309.65,497.37,0.3525390625
315.57,500.32,0.365234375
318.52,503.28,0.3671875
322.96,506.24,0.369140625
324.43,507.71,0.365234375
325.91,507.71,0.3671875
325.91,509.19,0.3671875
324.43,510.67,0.38671875
322.96,512.15,0.3759765625
321.48,513.63,0.37890625
320.0,515.1,0.3759765625
317.04,516.58,0.359375
314.09,518.06,0.3515625
309.65,521.02,0.341796875
305.22,523.97,0.337890625
300.79,526.93,0.3369140625
296.35,529.88,0.3359375
290.44,532.84,0.3388671875
287.48,534.32,0.3388671875
284.53,535.8,0.3408203125
281.57,535.8,0.3408203125
278.61,537.27,0.33984375
277.14,538.75,0.3427734375
274.18,538.75,0.341796875
272.7,540.23,0.341796875
272.7,541.71,0.359375
271.22,541.71,0.359375

229.84,532.84,0.0126953125
232.79,534.32,0.21484375
238.71,537.27,0.2529296875
244.62,538.75,0.2607421875
249.05,540.23,0.263671875
254.97,541.71,0.2646484375
257.92,543.19,0.2666015625
259.4,543.19,0.2666015625
259.4,541.71,0.2509765625
257.92,541.71,0.1494140625
256.44,541.71,0.015625

181.06,528.41,0.00390625
184.02,522.49,0.1337890625
184.02,521.02,0.142578125
182.54,521.02,0.1806640625
181.06,522.49,0.1845703125
179.58,523.97,0.19140625
178.11,526.93,0.193359375
176.63,529.88,0.201171875
176.63,532.84,0.21484375
176.63,534.32,0.2255859375
176.63,537.27,0.232421875
176.63,541.71,0.2509765625
178.11,546.14,0.255859375
179.58,550.58,0.26171875
181.06,553.53,0.2744140625
181.06,556.49,0.2841796875
182.54,557.97,0.29296875
185.5,560.92,0.306640625
186.97,563.88,0.3115234375
188.45,563.88,0.3125
189.93,565.36,0.3134765625
189.93,566.84,0.3173828125

117.51,590.48,0.0
114.55,590.48,0.1171875
113.07,590.48,0.134765625
111.59,590.48,0.1806640625
111.59,591.96,0.1904296875
111.59,590.48,0.255859375
111.59,589.01,0.2607421875
114.55,584.57,0.263671875
120.46,578.66,0.2734375
127.85,571.27,0.2763671875
138.2,559.45,0.2783203125
147.07,550.58,0.2998046875
155.94,541.71,0.3046875
167.76,529.88,0.3095703125
173.67,525.45,0.30859375
176.63,521.02,0.3076171875
178.11,519.54,0.30859375
179.58,518.06,0.30859375
181.06,516.58,0.3056640625
182.54,515.1,0.306640625
184.02,513.63,0.3046875
182.54,515.1,0.3154296875
182.54,516.58,0.2900390625
182.54,518.06,0.134765625

247.58,547.62,0.001953125
249.05,544.67,0.115234375
247.58,544.67,0.1474609375
246.1,544.67,0.1484375
244.62,544.67,0.162109375
243.14,544.67,0.2041015625
241.66,544.67,0.3056640625
240.18,544.67,0.341796875
237.23,547.62,0.353515625
232.79,550.58,0.3583984375
225.4,557.97,0.369140625
220.97,562.4,0.380859375
218.01,565.36,0.38671875
216.54,566.84,0.396484375
218.01,566.84,0.375
218.01,565.36,0.35546875
219.49,565.36,0.3212890625
220.97,565.36,0.2412109375

222.45,560.92,0.0
222.45,559.45,0.1337890625
220.97,560.92,0.189453125
220.97,562.4,0.224609375
219.49,565.36,0.248046875
218.01,569.79,0.2900390625
216.54,574.23,0.3232421875
215.06,578.66,0.349609375
213.58,586.05,0.3779296875
210.62,593.44,0.3974609375
207.67,602.31,0.404296875
204.71,609.7,0.41796875
200.28,617.09,0.423828125
198.8,621.52,0.423828125
195.84,627.44,0.423828125
194.36,630.39,0.423828125
194.36,633.35,0.423828125
192.89,634.83,0.423828125
191.41,634.83,0.4013671875
191.41,633.35,0.1015625

167.76,580.14,0.017578125
170.72,574.23,0.1513671875
170.72,572.75,0.1728515625
170.72,575.7,0.2314453125
169.24,581.62,0.259765625
167.76,590.48,0.29296875
163.33,606.74,0.32421875
160.37,620.05,0.3359375
157.41,630.39,0.3388671875
155.94,636.3,0.341796875
155.94,639.26,0.3427734375
155.94,637.78,0.3046875
157.41,633.35,0.244140625
160.37,624.48,0.142578125
161.85,615.61,0.0

163.33,569.79,0.0419921875
154.46,580.14,0.29296875
151.5,593.44,0.32421875
148.55,611.18,0.361328125
147.07,623.0,0.3740234375
145.59,628.91,0.3720703125
145.59,631.87,0.3525390625
145.59,630.39,0.03125

73.16,439.72,0.0
74.64,448.59,0.1748046875
79.08,457.46,0.23046875
84.99,469.28,0.275390625
98.29,485.54,0.2978515625
110.12,495.89,0.3154296875
124.9,507.71,0.328125
133.76,512.15,0.333984375
141.15,513.63,0.3466796875
145.59,515.1,0.3525390625
147.07,515.1,0.353515625
148.55,515.1,0.365234375
151.5,515.1,0.3701171875
154.46,515.1,0.3701171875
158.89,515.1,0.37109375
164.8,515.1,0.375
167.76,515.1,0.375
172.19,513.63,0.3720703125
173.67,513.63,0.37109375
175.15,512.15,0.3740234375
176.63,512.15,0.37109375
176.63,510.67,0.37109375
175.15,510.67,0.38671875
173.67,510.67,0.3857421875
172.19,510.67,0.33984375
170.72,510.67,0.2265625

342.17,624.48,0.0078125
343.65,618.57,0.171875
342.17,618.57,0.1875
337.74,618.57,0.1904296875
333.3,620.05,0.1904296875
328.87,621.52,0.1875
320.0,624.48,0.189453125
314.09,627.44,0.1904296875
308.18,628.91,0.197265625
303.74,630.39,0.208984375
300.79,630.39,0.212890625
299.31,630.39,0.21484375
297.83,630.39,0.2392578125
297.83,631.87,0.220703125
297.83,634.83,0.228515625
300.79,639.26,0.2333984375
302.26,643.7,0.23828125
305.22,651.09,0.2392578125
308.18,661.43,0.2412109375
314.09,670.3,0.2431640625
318.52,676.21,0.248046875
321.48,682.12,0.25
325.91,689.52,0.25
327.39,693.95,0.25
328.87,698.38,0.2529296875
330.35,702.82,0.259765625
333.3,705.77,0.2685546875
333.3,707.25,0.2685546875
336.26,708.73,0.2744140625
337.74,708.73,0.1572265625

336.26,714.64,0.0224609375
334.78,714.64,0.205078125
337.74,714.64,0.2529296875
340.69,714.64,0.2666015625
346.61,713.16,0.2861328125
354.0,711.69,0.291015625
361.39,710.21,0.291015625
371.73,707.25,0.310546875
377.64,705.77,0.310546875
387.99,702.82,0.3095703125
393.9,699.86,0.30859375
399.82,698.38,0.306640625
407.21,695.43,0.3056640625
414.6,693.95,0.3056640625
421.99,690.99,0.3056640625
427.9,688.04,0.3046875
433.81,685.08,0.294921875
438.24,683.6,0.2900390625
439.72,682.12,0.2900390625
438.24,682.12,0.3037109375
436.77,683.6,0.28515625
435.29,683.6,0.2353515625
432.33,682.12,0.0322265625

407.21,617.09,0.0068359375
401.29,617.09,0.12890625
399.82,617.09,0.1396484375
398.34,617.09,0.1669921875
396.86,617.09,0.1806640625
395.38,618.57,0.1796875
395.38,620.05,0.1923828125
393.9,621.52,0.20703125
392.42,624.48,0.228515625
392.42,627.44,0.2412109375
392.42,631.87,0.251953125
393.9,636.3,0.2666015625
396.86,646.65,0.283203125
402.77,657.0,0.30078125
405.73,664.39,0.3076171875
410.16,670.3,0.31640625
413.12,676.21,0.3232421875
417.55,683.6,0.3271484375
419.03,688.04,0.3271484375
420.51,690.99,0.32421875
421.99,690.99,0.298828125
421.99,686.56,0.1298828125
421.99,682.12,0.0244140625

413.12,628.91,0.0087890625
414.6,623.0,0.1513671875
414.6,624.48,0.2041015625
416.07,628.91,0.24609375
417.55,634.83,0.2646484375
421.99,645.17,0.2841796875
424.94,654.04,0.2998046875
429.38,664.39,0.3125
432.33,671.78,0.3232421875
435.29,676.21,0.3271484375
438.24,682.12,0.330078125
439.72,685.08,0.330078125
442.68,686.56,0.3447265625
444.16,688.04,0.3427734375
445.64,689.52,0.3349609375

448.59,690.99,0.0068359375
438.24,690.99,0.044921875
435.29,690.99,0.064453125
430.85,690.99,0.1142578125
427.9,692.47,0.1787109375
426.42,692.47,0.21875
427.9,692.47,0.208984375
430.85,692.47,0.22265625
435.29,690.99,0.2236328125
439.72,690.99,0.2255859375
445.64,689.52,0.23828125
450.07,688.04,0.2509765625
455.98,686.56,0.2607421875
461.89,685.08,0.26953125
467.81,683.6,0.26953125
476.67,679.17,0.2822265625
485.54,674.73,0.2861328125
498.85,670.3,0.27734375
506.24,665.87,0.267578125
515.1,661.43,0.263671875
523.97,657.0,0.263671875
531.36,654.04,0.26171875
537.27,651.09,0.2568359375
546.14,646.65,0.2568359375
553.53,643.7,0.2568359375
560.92,639.26,0.2529296875
566.84,636.3,0.248046875
572.75,633.35,0.2353515625
578.66,630.39,0.2216796875
586.05,625.96,0.2216796875
591.96,623.0,0.2216796875
596.4,620.05,0.234375
600.83,617.09,0.24609375
606.74,614.13,0.2451171875
609.7,611.18,0.2451171875
612.66,609.7,0.2412109375
614.13,609.7,0.2431640625
615.61,608.22,0.248046875
617.09,608.22,0.2529296875
618.57,608.22,0.2578125
618.57,606.74,0.2578125
620.05,606.74,0.2568359375
618.57,606.74,0.2939453125
617.09,608.22,0.27734375
615.61,609.7,0.0859375

611.18,535.8,0.0341796875
614.13,535.8,0.208984375
620.05,534.32,0.2265625
628.91,531.36,0.2392578125
637.78,529.88,0.24609375
645.17,528.41,0.2470703125
652.56,528.41,0.2490234375
658.48,528.41,0.2470703125
661.43,529.88,0.2490234375
664.39,529.88,0.2490234375
665.87,529.88,0.2509765625
668.82,529.88,0.2529296875
670.3,529.88,0.2490234375
671.78,529.88,0.2490234375
673.26,529.88,0.2509765625
673.26,531.36,0.263671875
674.73,531.36,0.265625
674.73,529.88,0.1796875
673.26,529.88,0.087890625

683.6,519.54,0.03515625
685.08,519.54,0.177734375
686.56,521.02,0.1923828125
689.52,526.93,0.2216796875
690.99,532.84,0.2294921875
693.95,540.23,0.236328125
698.38,552.06,0.2490234375
701.34,560.92,0.263671875
704.3,569.79,0.30078125
708.73,580.14,0.3076171875
713.16,587.53,0.3095703125
714.64,593.44,0.3125
716.12,596.4,0.3173828125
717.6,599.35,0.318359375
717.6,602.31,0.3193359375
719.08,603.79,0.322265625
719.08,606.74,0.322265625
717.6,606.74,0.275390625
716.12,606.74,0.1015625

630.39,584.57,0.01171875
631.87,586.05,0.185546875
633.35,590.48,0.208984375
639.26,599.35,0.2314453125
645.17,608.22,0.259765625
649.61,618.57,0.2734375
657.0,630.39,0.2958984375
661.43,637.78,0.3046875
662.91,642.22,0.3076171875
664.39,643.7,0.306640625

661.43,648.13,0.0126953125
661.43,646.65,0.1015625
661.43,648.13,0.126953125
661.43,651.09,0.1689453125
661.43,655.52,0.20703125
662.91,659.95,0.22265625
662.91,665.87,0.236328125
662.91,676.21,0.25
662.91,680.65,0.26171875
662.91,686.56,0.279296875
664.39,688.04,0.2822265625
664.39,689.52,0.28515625
665.87,690.99,0.2900390625
665.87,692.47,0.296875
665.87,693.95,0.3154296875
665.87,695.43,0.3271484375
665.87,696.91,0.328125
664.39,699.86,0.33203125
665.87,699.86,0.3232421875
667.34,699.86,0.326171875
670.3,699.86,0.32421875
673.26,698.38,0.326171875
676.21,696.91,0.328125
682.12,695.43,0.3271484375
685.08,695.43,0.328125
690.99,693.95,0.3291015625
692.47,693.95,0.3310546875
695.43,693.95,0.33203125
696.91,693.95,0.3310546875
698.38,693.95,0.3330078125
699.86,693.95,0.3330078125
701.34,693.95,0.3330078125
702.82,692.47,0.298828125
704.3,690.99,0.12890625
704.3,689.52,0.0576171875

726.47,621.52,0.015625
723.51,625.96,0.16015625
722.03,628.91,0.1865234375
720.55,634.83,0.2099609375
719.08,645.17,0.2314453125
717.6,654.04,0.2373046875
716.12,664.39,0.240234375
714.64,670.3,0.2587890625
714.64,673.26,0.2646484375
714.64,674.73,0.2646484375
714.64,673.26,0.1796875
714.64,671.78,0.09765625

679.17,535.8,0.02734375
679.17,534.32,0.2138671875
682.12,532.84,0.232421875
686.56,532.84,0.240234375
695.43,532.84,0.248046875
702.82,534.32,0.25
705.77,534.32,0.25
707.25,534.32,0.2490234375
707.25,535.8,0.3037109375
705.77,534.32,0.12109375
704.3,534.32,0.06640625

677.69,528.41,0.0390625
671.78,529.88,0.2646484375
673.26,529.88,0.2861328125
676.21,529.88,0.2978515625
680.65,528.41,0.302734375
686.56,526.93,0.3017578125
690.99,523.97,0.302734375
695.43,523.97,0.3037109375
698.38,522.49,0.3037109375
701.34,521.02,0.3037109375
704.3,519.54,0.302734375
704.3,518.06,0.302734375
705.77,518.06,0.3046875
704.3,519.54,0.341796875
704.3,521.02,0.341796875
704.3,525.45,0.3486328125
705.77,531.36,0.3544921875
708.73,538.75,0.3642578125
711.69,549.1,0.3701171875
716.12,559.45,0.373046875
717.6,565.36,0.373046875
719.08,569.79,0.3740234375
720.55,575.7,0.373046875
722.03,578.66,0.373046875
723.51,580.14,0.373046875
723.51,581.62,0.3759765625
723.51,583.09,0.3759765625
722.03,583.09,0.388671875
720.55,583.09,0.388671875
717.6,583.09,0.38671875
714.64,584.57,0.384765625
713.16,586.05,0.3818359375
711.69,587.53,0.380859375
710.21,589.01,0.380859375
710.21,590.48,0.3759765625
710.21,591.96,0.3779296875
710.21,593.44,0.37890625
710.21,594.92,0.3798828125
710.21,596.4,0.3828125
710.21,597.88,0.3779296875
710.21,599.35,0.3828125
710.21,600.83,0.3720703125
710.21,602.31,0.35546875
708.73,602.31,0.353515625
708.73,603.79,0.3515625
708.73,605.27,0.36328125
708.73,609.7,0.3759765625
710.21,612.66,0.380859375
710.21,620.05,0.3916015625
711.69,624.48,0.3984375
711.69,630.39,0.4052734375
713.16,633.35,0.4140625
714.64,637.78,0.4189453125
714.64,640.74,0.421875
714.64,643.7,0.421875
714.64,646.65,0.423828125
716.12,651.09,0.423828125
716.12,652.56,0.423828125
716.12,657.0,0.423828125
716.12,659.95,0.423828125
717.6,662.91,0.421875
717.6,665.87,0.421875
719.08,668.82,0.42578125
719.08,671.78,0.42578125
719.08,674.73,0.42578125
719.08,677.69,0.42578125
717.6,680.65,0.427734375
716.12,685.08,0.4306640625
714.64,689.52,0.4375
713.16,692.47,0.4404296875
711.69,696.91,0.44921875
710.21,698.38,0.44921875
710.21,699.86,0.4482421875
710.21,696.91,0.3662109375
710.21,693.95,0.19921875

671.78,662.91,0.001953125
668.82,659.95,0.2080078125
668.82,662.91,0.2294921875
670.3,668.82,0.240234375
673.26,674.73,0.2548828125
676.21,680.65,0.265625
677.69,685.08,0.2890625
680.65,690.99,0.3095703125
683.6,693.95,0.3251953125
685.08,696.91,0.3359375
688.04,698.38,0.3505859375
688.04,701.34,0.365234375
689.52,702.82,0.3740234375
689.52,704.3,0.375
690.99,704.3,0.3720703125
693.95,702.82,0.3876953125
695.43,701.34,0.388671875
698.38,699.86,0.390625
699.86,698.38,0.3896484375
699.86,696.91,0.275390625

473.72,685.08,0.0048828125
475.2,683.6,0.1689453125
479.63,683.6,0.2119140625
487.02,682.12,0.2412109375
495.89,682.12,0.2431640625
506.24,680.65,0.2431640625
519.54,680.65,0.2421875
531.36,680.65,0.2412109375
541.71,680.65,0.2412109375
552.06,680.65,0.2470703125
562.4,680.65,0.2490234375
569.79,680.65,0.2490234375
577.18,680.65,0.2587890625
584.57,680.65,0.26953125
590.48,679.17,0.26953125
599.35,677.69,0.2734375
605.27,677.69,0.2744140625
611.18,677.69,0.2724609375
615.61,677.69,0.271484375
620.05,677.69,0.2734375
624.48,677.69,0.271484375
630.39,677.69,0.271484375
633.35,679.17,0.2705078125
636.3,679.17,0.2705078125
639.26,680.65,0.2705078125
640.74,682.12,0.2705078125
643.7,682.12,0.2705078125
645.17,682.12,0.2705078125
646.65,682.12,0.2685546875
648.13,682.12,0.26953125
649.61,682.12,0.2724609375
646.65,682.12,0.27734375
645.17,682.12,0.2314453125
639.26,682.12,0.044921875
637.78,682.12,0.0

614.13,688.04,0.0048828125
603.79,686.56,0.12890625
599.35,683.6,0.181640625
594.92,680.65,0.197265625
593.44,677.69,0.216796875
593.44,674.73,0.22265625
594.92,671.78,0.2197265625
597.88,665.87,0.224609375
602.31,661.43,0.228515625
606.74,657.0,0.234375
611.18,654.04,0.234375
614.13,654.04,0.2412109375
621.52,654.04,0.2431640625
625.96,655.52,0.2451171875
631.87,658.48,0.244140625
634.83,661.43,0.2509765625
639.26,664.39,0.25390625
643.7,668.82,0.2568359375
645.17,673.26,0.2587890625
645.17,676.21,0.259765625
645.17,680.65,0.2666015625
643.7,685.08,0.2783203125
642.22,688.04,0.28515625
640.74,690.99,0.2861328125
639.26,690.99,0.291015625
639.26,692.47,0.3037109375
639.26,690.99,0.3125
640.74,690.99,0.3154296875
640.74,689.52,0.1279296875

244.62,152.98,0.00390625
241.66,145.59,0.10546875
241.66,144.11,0.1083984375
241.66,142.63,0.1044921875
243.14,144.11,0.1201171875
244.62,145.59,0.1455078125
246.1,147.07,0.1484375
246.1,150.02,0.162109375
247.58,152.98,0.1689453125
249.05,160.37,0.171875
250.53,166.28,0.169921875
253.49,173.67,0.1728515625
254.97,178.11,0.1884765625
256.44,184.02,0.1962890625
257.92,188.45,0.19921875
259.4,195.84,0.1982421875
260.88,200.28,0.201171875
262.36,204.71,0.1982421875
263.83,209.15,0.201171875
265.31,213.58,0.203125
265.31,218.01,0.2080078125
266.79,220.97,0.2099609375
266.79,223.93,0.2158203125
266.79,228.36,0.220703125
268.27,229.84,0.220703125
268.27,231.32,0.21875
266.79,229.84,0.0712890625

256.44,219.49,0.00390625
257.92,213.58,0.1220703125
257.92,212.1,0.134765625
256.44,210.62,0.1494140625
254.97,210.62,0.1591796875
253.49,210.62,0.1669921875
250.53,212.1,0.17578125
247.58,213.58,0.18359375
243.14,216.54,0.1923828125
235.75,220.97,0.201171875
228.36,223.93,0.205078125
222.45,226.88,0.2119140625
213.58,232.79,0.208984375
207.67,235.75,0.2294921875
201.76,240.18,0.2353515625
195.84,244.62,0.2421875
191.41,249.05,0.244140625
186.97,254.97,0.2451171875
181.06,260.88,0.2470703125
176.63,265.31,0.24609375
172.19,271.22,0.24609375
169.24,274.18,0.2431640625
166.28,277.14,0.2431640625
164.8,278.61,0.2392578125
163.33,283.05,0.236328125
160.37,287.48,0.236328125
158.89,290.44,0.234375
157.41,294.87,0.2373046875
157.41,300.79,0.234375
157.41,308.18,0.2431640625
157.41,315.57,0.259765625
157.41,324.43,0.26171875
157.41,334.78,0.26171875
155.94,342.17,0.26171875
155.94,346.61,0.2607421875
155.94,348.08,0.259765625
155.94,349.56,0.2529296875
158.89,345.13,0.115234375
158.89,343.65,0.056640625

247.58,179.58,0.025390625
243.14,179.58,0.197265625
238.71,182.54,0.2119140625
232.79,185.5,0.2109375
222.45,192.89,0.2109375
212.1,200.28,0.212890625
200.28,209.15,0.2275390625
194.36,213.58,0.2275390625
189.93,216.54,0.2294921875
185.5,220.97,0.228515625
181.06,223.93,0.2275390625
178.11,228.36,0.2265625
175.15,232.79,0.2265625
172.19,237.23,0.2236328125
169.24,243.14,0.2255859375
164.8,249.05,0.2275390625
161.85,253.49,0.2275390625
158.89,260.88,0.240234375
157.41,266.79,0.26953125
157.41,272.7,0.271484375
155.94,281.57,0.279296875
152.98,288.96,0.2822265625
151.5,296.35,0.2900390625
151.5,299.31,0.287109375
152.98,297.83,0.26953125
155.94,293.39,0.16015625
157.41,288.96,0.0

238.71,154.46,0.0009765625
234.27,157.41,0.1640625
228.36,161.85,0.1845703125
216.54,170.72,0.1845703125
206.19,181.06,0.1884765625
195.84,191.41,0.205078125
186.97,200.28,0.21484375
178.11,210.62,0.220703125
173.67,216.54,0.2216796875
172.19,219.49,0.2216796875
170.72,220.97,0.22265625
170.72,222.45,0.2158203125
172.19,222.45,0.13671875
173.67,220.97,0.013671875

268.27,206.19,0.00390625
274.18,200.28,0.2197265625
280.09,200.28,0.2275390625
293.39,201.76,0.2314453125
305.22,204.71,0.2412109375
320.0,207.67,0.2509765625
336.26,210.62,0.2724609375
359.91,215.06,0.283203125
376.17,218.01,0.283203125
392.42,222.45,0.271484375
399.82,225.4,0.263671875
401.29,226.88,0.2587890625
396.86,226.88,0.2607421875
389.47,225.4,0.1259765625
387.99,225.4,0.0625

269.75,176.63,0.021484375
280.09,175.15,0.2255859375
291.92,178.11,0.2548828125
306.7,181.06,0.2626953125
331.82,186.97,0.26953125
355.47,192.89,0.2763671875
368.78,195.84,0.27734375
379.12,200.28,0.2685546875
382.08,203.23,0.2138671875
380.6,203.23,0.1640625
374.69,203.23,0.0166015625

291.92,139.68,0.08984375
300.79,144.11,0.2021484375
312.61,150.02,0.2412109375
322.96,155.94,0.2451171875
330.35,158.89,0.228515625
336.26,163.33,0.029296875

