295.08,255.35,0.2412109375
303.75,255.35,0.251953125
329.75,258.24,0.2900390625
358.65,261.13,0.32421875
387.54,264.02,0.3310546875
417.88,264.02,0.1552734375

297.97,245.24,0.0048828125
306.64,246.68,0.208984375
332.64,251.02,0.2431640625
384.65,258.24,0.3056640625
417.88,258.24,0.2734375
430.88,258.24,0.1865234375

316.75,251.02,0.15625
339.86,253.91,0.263671875
388.98,256.79,0.3251953125
423.66,258.24,0.3291015625
451.11,259.68,0.3056640625
467.0,261.13,0.1640625

306.64,256.79,0.1435546875
322.53,252.46,0.2822265625
367.31,248.13,0.42578125
407.77,248.13,0.474609375
443.88,251.02,0.486328125
474.22,255.35,0.486328125
495.89,259.68,0.478515625
514.67,264.02,0.453125
519.01,264.02,0.3232421875

435.21,243.79,0.296875
459.77,251.02,0.3251953125
484.33,253.91,0.3779296875
504.56,255.35,0.375
517.56,256.79,0.265625
520.45,256.79,0.1796875

316.75,512.51,0.2158203125
342.75,516.84,0.2548828125
396.21,518.28,0.3310546875
432.33,516.84,0.3330078125
458.33,511.06,0.32421875
472.78,508.17,0.1640625

377.43,518.28,0.21875
401.99,518.28,0.2255859375
452.55,516.84,0.3359375
478.56,516.84,0.345703125
493.0,516.84,0.22265625

218.51,220.68,0.212890625
232.96,222.12,0.2216796875
248.85,222.12,0.2421875
261.85,220.68,0.1708984375
264.74,220.68,0.0234375

225.73,223.57,0.02734375
232.96,225.01,0.251953125
244.51,225.01,0.2958984375
260.41,220.68,0.3046875
276.3,217.79,0.2177734375

547.9,214.9,0.01171875
556.57,214.9,0.185546875
578.24,214.9,0.205078125
598.47,214.9,0.2685546875
614.36,216.34,0.26171875
623.02,216.34,0.19140625
624.47,217.79,0.0732421875

566.68,214.9,0.005859375
566.68,213.45,0.1396484375
573.91,213.45,0.3046875
586.91,213.45,0.3505859375
602.8,213.45,0.34375
610.02,213.45,0.2451171875

152.05,279.91,0.005859375
150.61,281.35,0.103515625
150.61,284.24,0.1552734375
149.16,292.91,0.2060546875
149.16,323.25,0.2822265625
149.16,353.59,0.3125
149.16,385.37,0.3173828125
147.72,414.27,0.330078125
146.28,443.16,0.3095703125
146.28,450.38,0.236328125
149.16,448.94,0.0

146.28,313.14,0.0322265625
144.83,314.58,0.00390625
141.94,329.03,0.212890625
139.05,350.7,0.2578125
137.61,391.15,0.287109375
137.61,414.27,0.291015625
137.61,427.27,0.2412109375
137.61,430.16,0.158203125

147.72,350.7,0.0
146.28,366.59,0.275390625
141.94,392.6,0.27734375
139.05,421.49,0.3095703125
137.61,444.6,0.2421875
137.61,450.38,0.0986328125

653.36,314.58,0.0068359375
653.36,321.81,0.2373046875
653.36,342.03,0.3125
654.81,366.59,0.333984375
654.81,402.71,0.3330078125
654.81,420.05,0.2978515625
654.81,427.27,0.166015625

659.14,386.82,0.0009765625
659.14,394.04,0.1298828125

414.99,165.78,0.017578125
414.99,175.89,0.25
417.88,212.01,0.31640625
423.66,258.24,0.4111328125
427.99,320.36,0.41015625
427.99,421.49,0.3388671875
423.66,479.28,0.2099609375
419.32,505.28,0.1044921875

414.99,183.12,0.013671875
414.99,210.56,0.263671875
416.43,252.46,0.3740234375
419.32,314.58,0.416015625
423.66,386.82,0.427734375
427.99,483.61,0.3251953125
427.99,539.95,0.25390625
427.99,581.85,0.22265625
426.55,609.3,0.2373046875
427.99,616.52,0.16796875
430.88,615.08,0.0498046875

435.21,272.69,0.0419921875
438.1,330.47,0.2470703125
438.1,357.92,0.263671875
440.99,444.6,0.26953125
440.99,496.61,0.271484375
439.55,538.51,0.2578125
436.66,563.07,0.267578125
438.1,561.63,0.048828125

446.77,474.94,0.2802734375
448.22,493.72,0.2841796875
448.22,512.51,0.275390625
449.66,561.63,0.2734375
451.11,574.63,0.1767578125

110.16,369.48,0.212890625
133.27,368.04,0.212890625
198.28,366.59,0.2275390625
273.41,370.93,0.2275390625
336.98,373.81,0.1806640625
364.42,375.26,0.0625

493.0,372.37,0.23828125
516.12,372.37,0.2314453125
568.13,375.26,0.228515625
618.69,376.7,0.146484375

501.67,359.37,0.146484375
524.79,359.37,0.236328125
581.13,363.7,0.2421875
638.92,366.59,0.25390625
698.15,366.59,0.04296875

624.47,372.37,0.2841796875
640.36,373.81,0.263671875
672.14,373.81,0.2646484375
703.93,372.37,0.2578125
715.49,370.93,0.1748046875

310.97,238.01,0.2978515625
312.42,240.9,0.3037109375
329.75,248.13,0.4072265625
361.53,255.35,0.4765625
401.99,262.57,0.5126953125
439.55,265.46,0.5244140625
480.0,264.02,0.4833984375
493.0,258.24,0.21484375

399.1,258.24,0.0322265625
417.88,265.46,0.3017578125
442.44,271.24,0.3720703125
481.44,272.69,0.419921875
506.0,265.46,0.419921875
523.34,256.79,0.25
530.56,252.46,0.0400390625

534.9,242.35,0.0087890625
532.01,243.79,0.0791015625
527.67,245.24,0.318359375
514.67,249.57,0.427734375
494.45,253.91,0.4951171875
451.11,259.68,0.5234375
416.43,262.57,0.5380859375
386.09,264.02,0.5234375
360.09,264.02,0.4345703125
339.86,256.79,0.0322265625

344.2,246.68,0.05859375
354.31,253.91,0.3203125
375.98,259.68,0.421875
409.21,261.13,0.505859375
462.66,258.24,0.5380859375
491.56,252.46,0.50390625
508.89,246.68,0.25

269.07,337.7,0.1201171875
273.41,344.92,0.2880859375
295.08,359.37,0.3798828125
329.75,373.81,0.4453125
370.2,382.48,0.46875
410.65,383.93,0.462890625
458.33,370.93,0.1982421875

328.31,365.15,0.3017578125
351.42,378.15,0.3310546875
386.09,388.26,0.4345703125
425.1,392.6,0.44921875
471.33,388.26,0.4375
488.67,379.59,0.244140625

426.55,386.82,0.3203125
435.21,389.71,0.3154296875
456.88,391.15,0.3603515625
482.89,386.82,0.3818359375
510.34,373.81,0.333984375
530.56,362.26,0.0859375

542.12,360.81,0.30078125
539.23,363.7,0.30078125
523.34,373.81,0.4462890625
503.12,382.48,0.5009765625
474.22,391.15,0.529296875
438.1,395.49,0.544921875
380.32,391.15,0.4462890625
367.31,386.82,0.3193359375

273.41,430.16,0.0185546875
273.41,431.6,0.0029296875
274.85,441.72,0.2763671875
283.52,454.72,0.36328125
302.3,470.61,0.43359375
339.86,493.72,0.455078125
365.87,502.39,0.4580078125
390.43,503.84,0.4375
409.21,498.06,0.361328125
419.32,485.06,0.0546875

292.19,451.83,0.1083984375
296.52,456.16,0.193359375
313.86,467.72,0.263671875
339.86,482.17,0.33203125
367.31,492.28,0.341796875
391.87,496.61,0.3291015625
409.21,496.61,0.1337890625

339.86,477.83,0.1337890625
345.64,482.17,0.26953125
362.98,493.72,0.2880859375
404.88,502.39,0.32421875
438.1,498.06,0.2978515625
467.0,487.95,0.0009765625

543.57,411.38,0.005859375
545.01,417.16,0.314453125
542.12,424.38,0.4189453125
533.45,434.49,0.4833984375
517.56,447.49,0.54296875
493.0,463.39,0.591796875
448.22,486.5,0.6005859375
422.21,498.06,0.591796875
407.77,503.84,0.5205078125
410.65,499.5,0.2744140625
417.88,492.28,0.115234375

539.23,408.49,0.0185546875
539.23,412.82,0.3701171875
537.79,425.82,0.4326171875
530.56,440.27,0.525390625
503.12,470.61,0.6044921875
475.67,495.17,0.646484375
448.22,512.51,0.6650390625
419.32,519.73,0.6484375
414.99,506.73,0.4892578125
414.99,498.06,0.3076171875

412.1,385.37,0.203125
413.54,385.37,0.2509765625
413.54,388.26,0.423828125
409.21,394.04,0.4541015625
401.99,404.15,0.490234375
390.43,414.27,0.5087890625
368.76,428.71,0.52734375
358.65,434.49,0.5400390625
357.2,435.94,0.521484375
360.09,433.05,0.4970703125
362.98,431.6,0.498046875
370.2,427.27,0.50390625
377.43,425.82,0.4970703125
380.32,430.16,0.509765625
383.21,435.94,0.5185546875
390.43,448.94,0.548828125
399.1,459.05,0.5576171875
412.1,467.72,0.5546875
423.66,474.94,0.484375
432.33,476.39,0.2705078125
435.21,476.39,0.0224609375

438.1,392.6,0.345703125
445.33,401.26,0.38671875
456.88,412.82,0.4462890625
472.78,428.71,0.466796875
480.0,437.38,0.4697265625
481.44,440.27,0.4296875
471.33,431.6,0.21484375
465.55,422.93,0.216796875
461.22,417.16,0.2548828125
461.22,415.71,0.3154296875
465.55,417.16,0.4189453125
477.11,428.71,0.45703125
484.33,434.49,0.4697265625
488.67,440.27,0.4521484375
490.11,444.6,0.3828125

490.11,441.72,0.123046875
488.67,441.72,0.1962890625
485.78,441.72,0.384765625
481.44,447.49,0.4375
472.78,457.61,0.474609375
461.22,472.05,0.5361328125
442.44,489.39,0.58984375
436.66,493.72,0.564453125
436.66,490.84,0.40234375
438.1,483.61,0.236328125

426.55,394.04,0.01953125
427.99,392.6,0.005859375
427.99,391.15,0.197265625
425.1,394.04,0.376953125
419.32,399.82,0.4326171875
409.21,409.93,0.4716796875
396.21,420.05,0.525390625
386.09,430.16,0.556640625
378.87,438.83,0.5546875
380.32,437.38,0.5078125
388.98,431.6,0.45703125
399.1,421.49,0.4091796875
416.43,407.04,0.3388671875
420.77,401.26,0.337890625
414.99,405.6,0.4150390625
404.88,414.27,0.4521484375
386.09,433.05,0.513671875
375.98,444.6,0.5361328125
371.65,447.49,0.5439453125
371.65,446.05,0.529296875
384.65,430.16,0.451171875
396.21,418.6,0.4248046875
404.88,408.49,0.3818359375
406.32,405.6,0.3837890625
403.43,408.49,0.4111328125
387.54,422.93,0.4638671875
375.98,434.49,0.4970703125
367.31,443.16,0.4931640625
364.42,446.05,0.4990234375
365.87,444.6,0.4794921875
371.65,444.6,0.478515625
378.87,447.49,0.50390625
390.43,457.61,0.5107421875
409.21,473.5,0.52734375
419.32,482.17,0.53125
425.1,486.5,0.5205078125
426.55,485.06,0.4365234375
417.88,477.83,0.3603515625
403.43,466.28,0.2822265625
388.98,456.16,0.2431640625
380.32,448.94,0.2685546875
377.43,446.05,0.3466796875
384.65,450.38,0.435546875
399.1,460.5,0.4775390625
414.99,470.61,0.4853515625
430.88,483.61,0.4921875
435.21,486.5,0.423828125
435.21,483.61,0.1748046875

452.55,395.49,0.3310546875
452.55,402.71,0.3828125
459.77,412.82,0.46875
471.33,421.49,0.4931640625
480.0,428.71,0.4814453125
488.67,431.6,0.38671875
488.67,430.16,0.3544921875
488.67,427.27,0.3564453125
488.67,425.82,0.3486328125
487.22,425.82,0.4638671875
484.33,431.6,0.4990234375
475.67,447.49,0.5302734375
467.0,459.05,0.5380859375
459.77,469.16,0.5361328125
455.44,473.5,0.4716796875
458.33,470.61,0.3076171875
465.55,461.94,0.18359375
472.78,453.27,0.1337890625
478.56,446.05,0.1611328125
481.44,444.6,0.236328125
480.0,450.38,0.419921875
472.78,460.5,0.4453125
465.55,470.61,0.466796875
458.33,476.39,0.462890625
455.44,476.39,0.33984375

328.31,258.24,0.0849609375
331.2,266.91,0.3232421875
345.64,282.8,0.42578125
368.76,301.58,0.474609375
396.21,320.36,0.490234375
432.33,336.25,0.4921875
448.22,339.14,0.4990234375
454.0,339.14,0.4580078125
451.11,339.14,0.4013671875
440.99,334.81,0.20703125

517.56,282.8,0.1357421875
514.67,290.02,0.3056640625
504.56,303.02,0.4111328125
488.67,320.36,0.4580078125
452.55,347.81,0.5126953125
422.21,360.81,0.5302734375
396.21,366.59,0.5546875
380.32,368.04,0.5830078125
377.43,368.04,0.580078125
384.65,357.92,0.423828125
391.87,353.59,0.2578125

180.95,214.9,0.2275390625
195.4,204.79,0.275390625
215.62,199.01,0.37109375
256.07,196.12,0.44140625
274.85,197.56,0.4619140625
286.41,201.9,0.4453125
289.3,206.23,0.3701171875
287.86,209.12,0.216796875

209.84,200.45,0.2490234375
202.62,206.23,0.2548828125
189.62,216.34,0.337890625
180.95,225.01,0.3798828125
176.61,229.35,0.443359375
178.06,227.9,0.44921875
183.84,222.12,0.46875
192.51,213.45,0.4814453125
205.51,206.23,0.501953125
221.4,200.45,0.49609375
250.29,200.45,0.5263671875
266.19,203.34,0.537109375
277.74,206.23,0.5400390625
282.08,209.12,0.5517578125
283.52,212.01,0.5478515625
276.3,212.01,0.4521484375
264.74,210.56,0.2626953125
258.96,207.67,0.1328125

245.96,196.12,0.0
250.29,196.12,0.1943359375
260.41,200.45,0.275390625
273.41,209.12,0.37890625
287.86,220.68,0.42578125
292.19,227.9,0.4345703125
293.63,230.79,0.3046875
292.19,230.79,0.1689453125

258.96,193.23,0.28515625
261.85,194.67,0.298828125
266.19,197.56,0.3486328125
277.74,207.67,0.447265625
287.86,219.23,0.4775390625
293.63,230.79,0.4951171875
295.08,240.9,0.46875
295.08,242.35,0.427734375
289.3,238.01,0.1044921875

280.63,207.67,0.005859375
283.52,207.67,0.265625
287.86,214.9,0.3564453125
292.19,226.46,0.4423828125
296.52,240.9,0.4580078125
297.97,246.68,0.3759765625
299.41,248.13,0.2578125

299.41,245.24,0.0087890625
297.97,248.13,0.2578125
297.97,249.57,0.2744140625
300.86,255.35,0.341796875
303.75,256.79,0.3544921875
305.19,258.24,0.3544921875
305.19,256.79,0.234375
305.19,252.46,0.130859375
303.75,248.13,0.0595703125
302.3,246.68,0.1357421875
300.86,249.57,0.4306640625
300.86,253.91,0.4619140625
302.3,258.24,0.44921875
302.3,261.13,0.4306640625
302.3,265.46,0.330078125
302.3,266.91,0.2451171875

303.75,261.13,0.197265625
303.75,262.57,0.28515625
303.75,268.35,0.38671875
302.3,277.02,0.4169921875
299.41,287.13,0.4521484375
295.08,292.91,0.4384765625
289.3,294.36,0.2734375
287.86,291.47,0.0361328125

296.52,272.69,0.0
300.86,271.24,0.0087890625
303.75,271.24,0.234375
305.19,275.58,0.3291015625
302.3,282.8,0.421875
295.08,291.47,0.4716796875
283.52,297.25,0.39453125
280.63,297.25,0.2646484375

193.95,216.34,0.2001953125
193.95,217.79,0.283203125
188.17,226.46,0.40625
186.73,235.12,0.447265625
186.73,246.68,0.4736328125
186.73,259.68,0.4970703125
188.17,274.13,0.498046875
192.51,284.24,0.42578125
195.4,282.8,0.3056640625
196.84,278.47,0.162109375

192.51,222.12,0.3193359375
189.62,227.9,0.3662109375
186.73,236.57,0.447265625
186.73,248.13,0.486328125
186.73,261.13,0.517578125
186.73,278.47,0.509765625
186.73,281.35,0.3935546875
186.73,279.91,0.2578125
186.73,277.02,0.1591796875

175.17,249.57,0.2109375
173.72,259.68,0.333984375
178.06,278.47,0.4365234375
185.28,290.02,0.4453125
191.06,298.69,0.2958984375
193.95,300.14,0.1162109375

193.95,284.24,0.10546875
196.84,290.02,0.3505859375
206.95,297.25,0.451171875
222.84,303.02,0.4736328125
237.29,305.91,0.4775390625
251.74,307.36,0.4619140625
254.63,307.36,0.44140625
254.63,303.02,0.26171875
251.74,301.58,0.125

225.73,297.25,0.25390625
225.73,298.69,0.27734375
230.07,303.02,0.3740234375
248.85,305.91,0.412109375
260.41,305.91,0.4208984375
267.63,305.91,0.3623046875
270.52,305.91,0.2119140625

571.02,201.9,0.0009765625
566.68,201.9,0.3740234375
560.9,201.9,0.421875
552.23,203.34,0.486328125
545.01,209.12,0.5224609375
537.79,217.79,0.5390625
534.9,226.46,0.55078125
534.9,238.01,0.53125
534.9,240.9,0.4755859375
537.79,240.9,0.392578125
539.23,239.46,0.3466796875
539.23,232.23,0.3056640625
539.23,222.12,0.2802734375
540.68,216.34,0.2939453125
542.12,212.01,0.3095703125
550.79,206.23,0.35546875
560.9,200.45,0.3583984375
569.57,197.56,0.369140625
576.79,196.12,0.37109375
579.68,196.12,0.369140625
575.35,196.12,0.3974609375
569.57,196.12,0.4189453125
563.79,196.12,0.4443359375
553.68,199.01,0.4833984375
547.9,201.9,0.50390625
540.68,207.67,0.5263671875
536.34,214.9,0.529296875
532.01,223.57,0.5439453125
530.56,233.68,0.537109375
530.56,242.35,0.4287109375

532.01,225.01,0.2216796875
530.56,225.01,0.2958984375
529.12,226.46,0.3056640625
527.67,235.12,0.3955078125
527.67,242.35,0.40234375
527.67,248.13,0.3740234375
527.67,252.46,0.1796875

532.01,239.46,0.0048828125
532.01,240.9,0.28515625
529.12,245.24,0.3662109375
527.67,251.02,0.3935546875
527.67,256.79,0.40625
527.67,258.24,0.3671875
527.67,256.79,0.23828125
529.12,253.91,0.2109375
530.56,249.57,0.2177734375
530.56,248.13,0.2119140625
529.12,249.57,0.369140625
524.79,253.91,0.3974609375
523.34,255.35,0.3974609375
523.34,256.79,0.40234375
526.23,256.79,0.298828125
529.12,253.91,0.2392578125
529.12,252.46,0.2216796875
529.12,253.91,0.2705078125
529.12,258.24,0.3583984375
529.12,262.57,0.375
529.12,266.91,0.384765625
532.01,272.69,0.3798828125
534.9,278.47,0.318359375
537.79,279.91,0.1591796875

532.01,271.24,0.0029296875
530.56,269.8,0.2412109375
530.56,272.69,0.3017578125
530.56,277.02,0.3564453125
536.34,282.8,0.3720703125
543.57,291.47,0.35546875
546.46,292.91,0.244140625
547.9,292.91,0.146484375

536.34,285.69,0.0166015625
534.9,285.69,0.2353515625
534.9,287.13,0.3291015625
539.23,292.91,0.40234375
556.57,303.02,0.4287109375
568.13,307.36,0.3525390625
578.24,307.36,0.1455078125

537.79,287.13,0.009765625
537.79,288.58,0.291015625
543.57,294.36,0.3759765625
550.79,300.14,0.419921875
558.01,305.91,0.4365234375
568.13,308.8,0.39453125
571.02,307.36,0.158203125

558.01,301.58,0.0126953125
556.57,301.58,0.0087890625
556.57,304.47,0.2626953125
560.9,307.36,0.3486328125
569.57,310.25,0.392578125
585.46,311.69,0.3955078125
594.13,310.25,0.193359375

581.13,203.34,0.140625
584.02,201.9,0.3388671875
592.69,200.45,0.41015625
605.69,200.45,0.4345703125
625.91,203.34,0.4658203125
631.69,206.23,0.44921875
633.14,209.12,0.4033203125
633.14,210.56,0.19140625

589.8,193.23,0.0302734375
589.8,191.78,0.0
591.24,191.78,0.2451171875
594.13,191.78,0.3154296875
605.69,194.67,0.3525390625
617.25,199.01,0.37890625
630.25,203.34,0.37890625
633.14,204.79,0.39453125
631.69,204.79,0.1611328125

597.02,187.45,0.0048828125
598.47,187.45,0.2197265625
605.69,187.45,0.3291015625
624.47,193.23,0.4423828125
637.47,199.01,0.4794921875
647.58,204.79,0.4716796875
651.92,209.12,0.466796875
650.47,210.56,0.2255859375
647.58,210.56,0.0732421875

636.03,197.56,0.0
637.47,196.12,0.0029296875
641.81,196.12,0.2294921875
647.58,201.9,0.35546875
653.36,210.56,0.4111328125
659.14,220.68,0.4326171875
660.59,232.23,0.3203125
660.59,235.12,0.1494140625

657.7,219.23,0.2763671875
659.14,223.57,0.30859375
662.03,235.12,0.40234375
663.48,252.46,0.435546875
663.48,262.57,0.4033203125
660.59,266.91,0.3056640625
657.7,266.91,0.01171875

653.36,233.68,0.0107421875
656.25,233.68,0.26171875
657.7,245.24,0.3837890625
657.7,258.24,0.416015625
656.25,271.24,0.4248046875
653.36,281.35,0.4169921875
650.47,282.8,0.3505859375
649.03,277.02,0.0283203125

650.47,264.02,0.009765625
650.47,272.69,0.091796875
649.03,275.58,0.0

550.79,206.23,0.01171875
547.9,206.23,0.0048828125
546.46,207.67,0.275390625
543.57,212.01,0.3515625
540.68,219.23,0.4150390625
539.23,227.9,0.423828125
539.23,239.46,0.439453125
537.79,249.57,0.4462890625
536.34,252.46,0.4453125
536.34,248.13,0.287109375
536.34,239.46,0.15625
536.34,230.79,0.04296875
536.34,223.57,0.189453125
536.34,227.9,0.40625
536.34,236.57,0.462890625
536.34,245.24,0.4873046875
536.34,258.24,0.5107421875
536.34,264.02,0.50390625
536.34,265.46,0.525390625
536.34,266.91,0.51171875
536.34,264.02,0.51171875
534.9,262.57,0.5166015625
532.01,268.35,0.5380859375
530.56,272.69,0.5361328125
529.12,275.58,0.501953125
529.12,274.13,0.3701171875
530.56,268.35,0.3466796875
533.45,262.57,0.3359375
536.34,258.24,0.3447265625
537.79,255.35,0.341796875
534.9,256.79,0.4130859375
532.01,259.68,0.427734375
529.12,264.02,0.443359375
527.67,266.91,0.439453125
527.67,264.02,0.412109375
527.67,265.46,0.4482421875
527.67,268.35,0.4677734375
529.12,274.13,0.490234375
532.01,281.35,0.5048828125
542.12,291.47,0.51171875
549.35,295.8,0.5
553.68,295.8,0.4384765625
555.12,295.8,0.3876953125
555.12,291.47,0.123046875

534.9,278.47,0.0087890625
530.56,278.47,0.234375
530.56,279.91,0.3515625
534.9,282.8,0.3837890625
542.12,287.13,0.38671875
550.79,292.91,0.39453125
559.46,297.25,0.3193359375
559.46,298.69,0.2578125

537.79,292.91,0.013671875
539.23,294.36,0.3076171875
547.9,300.14,0.40234375
559.46,307.36,0.4423828125
579.68,313.14,0.4443359375
591.24,314.58,0.2578125

654.81,248.13,0.177734375
656.25,253.91,0.32421875
656.25,261.13,0.3974609375
656.25,271.24,0.4345703125
654.81,282.8,0.4521484375
649.03,291.47,0.400390625
647.58,292.91,0.2216796875

657.7,255.35,0.193359375
659.14,261.13,0.337890625
657.7,274.13,0.4169921875
651.92,291.47,0.4189453125
647.58,297.25,0.287109375
644.7,297.25,0.0859375

654.81,212.01,0.28515625
657.7,217.79,0.314453125
664.92,230.79,0.439453125
667.81,256.79,0.515625
664.92,275.58,0.515625
654.81,292.91,0.4931640625
641.81,303.02,0.4189453125
631.69,305.91,0.1298828125

248.85,304.47,0.1474609375
251.74,304.47,0.2578125
256.07,304.47,0.27734375
270.52,307.36,0.3486328125
279.19,310.25,0.3818359375
286.41,311.69,0.376953125
289.3,313.14,0.3369140625
287.86,316.03,0.1767578125
286.41,316.03,0.029296875

293.63,310.25,0.302734375
292.19,311.69,0.3603515625
290.74,314.58,0.3798828125
290.74,320.36,0.447265625
295.08,330.47,0.4716796875
299.41,342.03,0.4619140625
302.3,349.26,0.43359375
302.3,353.59,0.3525390625
300.86,352.14,0.0439453125

293.63,324.7,0.19140625
293.63,330.47,0.4248046875
296.52,342.03,0.4677734375
303.75,360.81,0.484375
308.08,369.48,0.486328125
309.53,373.81,0.3681640625
310.97,373.81,0.2734375

274.85,336.25,0.30078125
284.97,350.7,0.478515625
296.52,362.26,0.521484375
309.53,370.93,0.5185546875
318.19,378.15,0.5205078125
323.97,379.59,0.50390625
322.53,378.15,0.455078125
315.3,372.37,0.3583984375
305.19,366.59,0.3076171875
297.97,360.81,0.283203125
295.08,359.37,0.3408203125
296.52,359.37,0.43359375
305.19,365.15,0.4755859375
316.75,370.93,0.4990234375
328.31,375.26,0.4912109375
341.31,378.15,0.4775390625
342.75,378.15,0.42578125
339.86,373.81,0.205078125
335.53,370.93,0.2041015625
336.98,368.04,0.2607421875
344.2,366.59,0.2763671875
349.98,365.15,0.2783203125
357.2,365.15,0.2919921875
357.2,368.04,0.341796875
357.2,372.37,0.4091796875
355.76,379.59,0.4462890625
349.98,388.26,0.474609375
345.64,391.15,0.466796875
344.2,392.6,0.419921875
342.75,392.6,0.2880859375
344.2,388.26,0.2978515625
347.09,386.82,0.2841796875
348.53,386.82,0.326171875
347.09,394.04,0.423828125
342.75,401.26,0.45703125
336.98,407.04,0.46875
331.2,407.04,0.390625
326.86,407.04,0.0673828125

276.3,386.82,0.005859375
274.85,386.82,0.0166015625
274.85,388.26,0.3095703125
282.08,391.15,0.41015625
295.08,395.49,0.4423828125
308.08,398.37,0.4814453125
323.97,399.82,0.4892578125
326.86,399.82,0.4892578125
326.86,398.37,0.3740234375
319.64,395.49,0.2060546875
309.53,394.04,0.1015625
293.63,391.15,0.0908203125
287.86,389.71,0.2109375
286.41,389.71,0.2783203125
292.19,389.71,0.3916015625
310.97,392.6,0.458984375
326.86,394.04,0.4638671875
338.42,395.49,0.4658203125
342.75,395.49,0.36328125
342.75,394.04,0.125

280.63,382.48,0.2841796875
290.74,388.26,0.3955078125
305.19,392.6,0.4423828125
318.19,395.49,0.427734375
328.31,395.49,0.203125

276.3,320.36,0.0
270.52,320.36,0.31640625
261.85,321.81,0.43359375
250.29,331.92,0.474609375
243.07,343.48,0.4833984375
237.29,352.14,0.4814453125
235.85,356.48,0.455078125
235.85,357.92,0.400390625
243.07,352.14,0.1787109375

254.63,324.7,0.0068359375
247.4,326.14,0.27734375
238.74,333.36,0.34375
231.51,343.48,0.4345703125
227.18,353.59,0.4716796875
225.73,360.81,0.4765625
225.73,368.04,0.478515625
225.73,369.48,0.4580078125
225.73,370.93,0.44140625
225.73,368.04,0.330078125
225.73,366.59,0.330078125
224.29,366.59,0.3330078125
225.73,368.04,0.3876953125
231.51,373.81,0.4453125
247.4,385.37,0.4765625
258.96,392.6,0.4794921875
266.19,398.37,0.4833984375
270.52,401.26,0.39453125
269.07,396.93,0.2548828125
261.85,391.15,0.083984375
253.18,383.93,0.0283203125
245.96,378.15,0.140625
244.51,376.7,0.2255859375
250.29,381.04,0.4267578125
261.85,386.82,0.44140625
273.41,394.04,0.4521484375
282.08,396.93,0.4482421875
286.41,398.37,0.3076171875

256.07,369.48,0.3037109375
267.63,378.15,0.3642578125
283.52,385.37,0.453125
302.3,389.71,0.455078125
319.64,392.6,0.3271484375
322.53,392.6,0.091796875

594.13,313.14,0.0087890625
594.13,311.69,0.0029296875
592.69,311.69,0.4150390625
591.24,311.69,0.3876953125
589.8,311.69,0.1796875
585.46,311.69,0.2099609375
575.35,311.69,0.2880859375
562.35,317.47,0.3486328125
550.79,324.7,0.3642578125
547.9,326.14,0.3447265625
546.46,327.58,0.2646484375

582.57,295.8,0.0068359375
578.24,298.69,0.26953125
573.91,301.58,0.2841796875
571.02,304.47,0.2939453125
566.68,307.36,0.26171875
560.9,313.14,0.255859375
553.68,318.92,0.2412109375
555.12,316.03,0.0224609375

569.57,300.14,0.0
568.13,303.02,0.00390625
566.68,308.8,0.01171875
562.35,323.25,0.0166015625
560.9,329.03,0.0048828125

559.46,311.69,0.01171875
559.46,308.8,0.00390625
558.01,311.69,0.3408203125
556.57,316.03,0.3720703125
555.12,330.47,0.4384765625
552.23,347.81,0.4794921875
552.23,365.15,0.4990234375
552.23,381.04,0.501953125
553.68,383.93,0.4150390625
556.57,382.48,0.3056640625
559.46,372.37,0.0009765625

578.24,320.36,0.0166015625
576.79,324.7,0.2587890625
575.35,336.25,0.3662109375
575.35,352.14,0.4072265625
575.35,376.7,0.4345703125
576.79,389.71,0.4130859375
576.79,396.93,0.376953125
576.79,398.37,0.337890625
576.79,389.71,0.19921875
576.79,383.93,0.1083984375

572.46,330.47,0.193359375
569.57,336.25,0.310546875
566.68,352.14,0.38671875
566.68,370.93,0.4306640625
566.68,388.26,0.421875
569.57,401.26,0.359375
569.57,399.82,0.025390625

568.13,370.93,0.158203125
569.57,378.15,0.2763671875
572.46,389.71,0.376953125
575.35,399.82,0.40234375
582.57,408.49,0.287109375
584.02,408.49,0.1025390625

644.7,314.58,0.0830078125
646.14,317.47,0.2685546875
650.47,327.58,0.3291015625
657.7,349.26,0.4033203125
660.59,360.81,0.412109375
662.03,366.59,0.3818359375
662.03,365.15,0.1083984375

657.7,320.36,0.01953125
657.7,320.36,0.271484375
660.59,331.92,0.359375
663.48,346.37,0.390625
666.37,359.37,0.37890625
669.26,368.04,0.33203125
670.7,370.93,0.275390625

662.03,342.03,0.0302734375
666.37,349.26,0.3837890625
673.59,357.92,0.4384765625
685.15,369.48,0.453125
690.93,373.81,0.439453125
689.48,370.93,0.1787109375
677.92,360.81,0.046875
672.14,355.03,0.12890625
669.26,352.14,0.189453125
670.7,352.14,0.3173828125
679.37,357.92,0.3779296875
695.26,366.59,0.4111328125
703.93,372.37,0.416015625
708.26,375.26,0.3359375
709.71,376.7,0.197265625

706.82,376.7,0.0498046875
706.82,381.04,0.3076171875
701.04,391.15,0.423828125
692.37,401.26,0.4375
682.26,409.93,0.4677734375
675.03,417.16,0.4736328125
672.14,420.05,0.4296875
672.14,417.16,0.3271484375
685.15,407.04,0.0966796875
695.26,399.82,0.0478515625
702.48,396.93,0.1298828125
703.93,395.49,0.193359375
699.59,405.6,0.443359375
689.48,414.27,0.4658203125
677.92,421.49,0.447265625
669.26,422.93,0.3642578125
667.81,422.93,0.248046875

549.35,405.6,0.0234375
549.35,411.38,0.283203125
562.35,422.93,0.423828125
581.13,431.6,0.453125
601.35,437.38,0.4775390625
620.14,438.83,0.4775390625
636.03,435.94,0.3232421875
637.47,433.05,0.15234375

558.01,422.93,0.1376953125
562.35,428.71,0.3173828125
588.35,437.38,0.4453125
612.91,440.27,0.4697265625
633.14,440.27,0.478515625
644.7,440.27,0.4189453125
649.03,437.38,0.1669921875

589.8,434.49,0.2685546875
589.8,437.38,0.3408203125
599.91,440.27,0.412109375
617.25,441.72,0.4560546875
637.47,441.72,0.4736328125
654.81,437.38,0.48046875
666.37,435.94,0.28515625

618.69,427.27,0.0166015625
617.25,427.27,0.0126953125
614.36,424.38,0.0048828125
612.91,422.93,0.056640625
612.91,421.49,0.12109375
610.02,421.49,0.30078125
602.8,430.16,0.36328125
595.58,441.72,0.3974609375
589.8,454.72,0.4072265625
585.46,466.28,0.4208984375
582.57,473.5,0.4208984375
584.02,476.39,0.3203125
588.35,467.72,0.1962890625
591.24,461.94,0.025390625

604.24,425.82,0.0
604.24,424.38,0.00390625
599.91,427.27,0.2412109375
594.13,435.94,0.330078125
588.35,447.49,0.3681640625
585.46,466.28,0.3837890625
585.46,472.05,0.3193359375
591.24,472.05,0.16796875

673.59,418.6,0.0625
673.59,420.05,0.33984375
672.14,422.93,0.37890625
667.81,433.05,0.4345703125
662.03,446.05,0.4873046875
647.58,472.05,0.5283203125
638.92,485.06,0.5185546875
634.58,490.84,0.5048828125
646.14,473.5,0.2509765625
654.81,459.05,0.2001953125
662.03,447.49,0.197265625
666.37,440.27,0.203125
667.81,440.27,0.2626953125
663.48,447.49,0.38671875
650.47,469.16,0.42578125
643.25,483.61,0.435546875
636.03,492.28,0.412109375
633.14,493.72,0.3037109375
633.14,492.28,0.19140625

591.24,418.6,0.0107421875
591.24,417.16,0.0
589.8,417.16,0.2490234375
588.35,430.16,0.40234375
588.35,446.05,0.443359375
588.35,461.94,0.46875
586.91,479.28,0.458984375
585.46,496.61,0.4521484375
585.46,498.06,0.4189453125
585.46,489.39,0.203125
585.46,480.72,0.0439453125

595.58,428.71,0.0
595.58,433.05,0.2421875
592.69,447.49,0.3232421875
591.24,473.5,0.345703125
591.24,486.5,0.3095703125
591.24,493.72,0.015625

608.58,480.72,0.005859375
611.47,482.17,0.3095703125
618.69,483.61,0.3193359375
628.8,486.5,0.3251953125
637.47,487.95,0.208984375

608.58,492.28,0.146484375
608.58,493.72,0.009765625
611.47,496.61,0.2578125
621.58,498.06,0.2578125
637.47,498.06,0.23828125
641.81,496.61,0.1533203125

550.79,417.16,0.0
549.35,417.16,0.0087890625
547.9,417.16,0.2548828125
545.01,418.6,0.3095703125
545.01,424.38,0.3466796875
545.01,440.27,0.37109375
546.46,451.83,0.3740234375
546.46,459.05,0.3701171875
547.9,461.94,0.3583984375
547.9,460.5,0.1787109375

537.79,412.82,0.232421875
536.34,415.71,0.232421875
534.9,424.38,0.3095703125
536.34,437.38,0.337890625
543.57,456.16,0.34375
546.46,463.39,0.3408203125
546.46,464.83,0.30859375
545.01,461.94,0.0400390625

526.23,434.49,0.1865234375
526.23,435.94,0.1962890625
526.23,444.6,0.232421875
530.56,450.38,0.205078125
532.01,451.83,0.111328125

517.56,456.16,0.0048828125
524.79,457.61,0.2548828125
539.23,459.05,0.3095703125
555.12,459.05,0.3193359375
566.68,457.61,0.3203125
571.02,454.72,0.154296875

533.45,459.05,0.0048828125
524.79,463.39,0.30078125
526.23,466.28,0.361328125
536.34,467.72,0.3994140625
549.35,467.72,0.4208984375
566.68,464.83,0.419921875
573.91,460.5,0.3603515625
573.91,457.61,0.1962890625
573.91,456.16,0.0048828125

536.34,457.61,0.0107421875
533.45,459.05,0.185546875
530.56,461.94,0.28515625
533.45,461.94,0.337890625
549.35,463.39,0.3671875
558.01,463.39,0.3310546875
562.35,463.39,0.2255859375

601.35,485.06,0.005859375
599.91,485.06,0.2353515625
592.69,483.61,0.2841796875
582.57,483.61,0.3818359375
573.91,486.5,0.419921875
566.68,493.72,0.435546875
562.35,499.5,0.44140625
562.35,506.73,0.2802734375
565.24,506.73,0.1708984375

582.57,489.39,0.0087890625
578.24,490.84,0.2431640625
569.57,496.61,0.275390625
563.79,503.84,0.3232421875
559.46,508.17,0.326171875
559.46,509.62,0.33203125
559.46,512.51,0.310546875
560.9,515.4,0.3369140625
566.68,518.28,0.3525390625
578.24,519.73,0.361328125
595.58,519.73,0.3681640625
621.58,513.95,0.3447265625
631.69,509.62,0.1962890625

604.24,516.84,0.115234375
601.35,521.17,0.34375
604.24,521.17,0.3388671875
618.69,521.17,0.369140625
630.25,518.28,0.3603515625
637.47,515.4,0.30078125
640.36,513.95,0.1875

633.14,490.84,0.0068359375
633.14,489.39,0.2041015625
636.03,495.17,0.3623046875
640.36,502.39,0.3779296875
644.7,512.51,0.4033203125
644.7,515.4,0.400390625
644.7,516.84,0.2958984375
644.7,515.4,0.0029296875

643.25,492.28,0.2255859375
644.7,493.72,0.3564453125
644.7,496.61,0.3837890625
646.14,500.95,0.40625
649.03,511.06,0.419921875
649.03,515.4,0.427734375
647.58,516.84,0.33203125
643.25,516.84,0.1728515625
638.92,512.51,0.009765625
636.03,508.17,0.189453125
638.92,508.17,0.376953125
640.36,509.62,0.42578125
647.58,511.06,0.435546875
654.81,511.06,0.359375
656.25,511.06,0.16796875

251.74,369.48,0.0107421875
253.18,370.93,0.234375
258.96,382.48,0.30078125
263.3,391.15,0.34375
266.19,398.37,0.2783203125

217.07,314.58,0.0048828125
218.51,314.58,0.0068359375
218.51,316.03,0.255859375
218.51,324.7,0.3232421875
215.62,339.14,0.3505859375
214.18,344.92,0.3173828125
214.18,347.81,0.2744140625

205.51,305.91,0.0068359375
204.06,310.25,0.1748046875
201.17,324.7,0.2587890625
198.28,339.14,0.2919921875
195.4,355.03,0.2939453125
192.51,363.7,0.267578125
192.51,359.37,0.0

198.28,303.02,0.0068359375
195.4,301.58,0.2041015625
191.06,303.02,0.255859375
185.28,317.47,0.3310546875
182.39,333.36,0.3740234375
180.95,346.37,0.4072265625
180.95,353.59,0.4208984375
180.95,355.03,0.41015625
183.84,344.92,0.3193359375
188.17,329.03,0.236328125
192.51,314.58,0.1650390625
196.84,301.58,0.1181640625
196.84,292.91,0.1611328125
192.51,294.36,0.265625
186.73,304.47,0.3330078125
180.95,320.36,0.3876953125
176.61,337.7,0.423828125
173.72,349.26,0.44140625
173.72,352.14,0.43359375
173.72,342.03,0.2763671875
176.61,327.58,0.15234375
179.5,314.58,0.0

183.84,297.25,0.05078125
179.5,304.47,0.2587890625
173.72,320.36,0.31640625
169.39,337.7,0.3544921875
167.95,356.48,0.3359375
167.95,359.37,0.1533203125
167.95,357.92,0.0419921875

176.61,324.7,0.0029296875
178.06,323.25,0.017578125
179.5,323.25,0.181640625
179.5,330.47,0.4072265625
175.17,342.03,0.4462890625
169.39,356.48,0.462890625
163.61,366.59,0.4765625
159.28,372.37,0.462890625
162.17,366.59,0.26171875
169.39,355.03,0.2099609375
178.06,342.03,0.2109375
186.73,330.47,0.216796875
188.17,330.47,0.2216796875
185.28,333.36,0.3642578125
178.06,343.48,0.416015625
169.39,353.59,0.4521484375
157.83,365.15,0.4638671875
154.94,369.48,0.4658203125
153.5,369.48,0.4619140625
154.94,368.04,0.3916015625
162.17,357.92,0.3759765625
167.95,352.14,0.3779296875
172.28,347.81,0.376953125
172.28,346.37,0.3681640625
169.39,352.14,0.3984375
153.5,368.04,0.3994140625
144.83,375.26,0.3662109375
140.5,376.7,0.27734375

144.83,375.26,0.0
143.39,373.81,0.27734375
143.39,379.59,0.3388671875
146.28,388.26,0.4091796875
159.28,409.93,0.455078125
170.84,425.82,0.4658203125
182.39,437.38,0.4541015625
188.17,443.16,0.4208984375
189.62,443.16,0.36328125
185.28,433.05,0.15625
180.95,427.27,0.0244140625

156.39,401.26,0.0048828125
152.05,398.37,0.21875
150.61,398.37,0.2822265625
152.05,404.15,0.3828125
160.72,414.27,0.4365234375
173.72,427.27,0.443359375
191.06,440.27,0.4482421875
195.4,443.16,0.4169921875
196.84,444.6,0.3544921875
192.51,440.27,0.291015625
176.61,430.16,0.234375
169.39,425.82,0.2578125
165.06,424.38,0.326171875
173.72,428.71,0.4482421875
195.4,441.72,0.466796875
208.4,448.94,0.474609375
218.51,451.83,0.412109375
221.4,453.27,0.36328125

167.95,430.16,0.0029296875
165.06,428.71,0.2587890625
170.84,431.6,0.3779296875
183.84,438.83,0.4365234375
199.73,447.49,0.4638671875
218.51,456.16,0.4189453125
227.18,457.61,0.2490234375

296.52,405.6,0.0166015625
296.52,409.93,0.2880859375
297.97,418.6,0.37109375
300.86,430.16,0.4072265625
302.3,440.27,0.4326171875
303.75,446.05,0.4189453125
303.75,438.83,0.291015625
302.3,428.71,0.189453125
300.86,418.6,0.1669921875
299.41,407.04,0.1875
297.97,407.04,0.2548828125
299.41,415.71,0.4072265625
303.75,433.05,0.4365234375
305.19,441.72,0.427734375
305.19,447.49,0.4296875
305.19,441.72,0.2685546875
305.19,431.6,0.0126953125

309.53,411.38,0.0107421875
310.97,412.82,0.0810546875
310.97,425.82,0.3388671875
308.08,437.38,0.4169921875
305.19,446.05,0.45703125
302.3,450.38,0.4443359375
299.41,450.38,0.3369140625
297.97,447.49,0.158203125

297.97,438.83,0.00390625
296.52,438.83,0.005859375
295.08,440.27,0.2021484375
290.74,443.16,0.2919921875
286.41,446.05,0.337890625
279.19,448.94,0.3642578125
274.85,448.94,0.3740234375
271.96,448.94,0.3623046875
270.52,448.94,0.3369140625

160.72,418.6,0.00390625
159.28,418.6,0.3193359375
159.28,425.82,0.37890625
159.28,438.83,0.4296875
159.28,456.16,0.453125
157.83,479.28,0.45703125
157.83,487.95,0.443359375
160.72,479.28,0.212890625
162.17,473.5,0.0595703125

170.84,434.49,0.22265625
167.95,446.05,0.27734375
165.06,472.05,0.3232421875
165.06,486.5,0.3154296875
165.06,496.61,0.2548828125
165.06,499.5,0.15625

172.28,487.95,0.2470703125
176.61,490.84,0.2578125
185.28,498.06,0.330078125
193.95,505.28,0.33984375
199.73,511.06,0.33203125
204.06,513.95,0.2412109375
202.62,513.95,0.048828125

185.28,500.95,0.2021484375
186.73,500.95,0.3359375
189.62,503.84,0.3662109375
198.28,509.62,0.390625
205.51,515.4,0.3837890625
215.62,516.84,0.08984375

228.62,464.83,0.005859375
227.18,464.83,0.068359375
224.29,467.72,0.3271484375
224.29,476.39,0.39453125
225.73,489.39,0.412109375
227.18,500.95,0.4267578125
227.18,509.62,0.3974609375
228.62,511.06,0.2548828125
230.07,506.73,0.0498046875

251.74,461.94,0.0302734375
251.74,466.28,0.3359375
253.18,474.94,0.4267578125
256.07,485.06,0.4443359375
258.96,495.17,0.4638671875
260.41,503.84,0.4658203125
260.41,508.17,0.4453125
258.96,505.28,0.26953125
256.07,498.06,0.0625

251.74,482.17,0.046875
251.74,480.72,0.1337890625
250.29,479.28,0.2197265625
250.29,483.61,0.3408203125
251.74,492.28,0.4072265625
254.63,502.39,0.4375
258.96,513.95,0.4814453125
260.41,516.84,0.501953125
261.85,518.28,0.5029296875
264.74,518.28,0.5263671875
276.3,516.84,0.529296875
287.86,515.4,0.529296875
299.41,511.06,0.46484375
309.53,506.73,0.2763671875
310.97,503.84,0.01171875

296.52,447.49,0.00390625
296.52,444.6,0.2763671875
296.52,446.05,0.330078125
299.41,453.27,0.4169921875
305.19,463.39,0.4580078125
308.08,476.39,0.5
310.97,487.95,0.498046875
310.97,490.84,0.490234375
309.53,483.61,0.31640625
309.53,479.28,0.2607421875
306.64,464.83,0.216796875
306.64,460.5,0.2509765625
309.53,466.28,0.4033203125
312.42,474.94,0.4365234375
316.75,489.39,0.4384765625
318.19,495.17,0.4443359375
316.75,498.06,0.3701171875
312.42,498.06,0.263671875
299.41,495.17,0.1845703125
292.19,493.72,0.2275390625
289.3,493.72,0.33984375
287.86,493.72,0.38671875
290.74,495.17,0.45703125
300.86,498.06,0.4658203125
308.08,498.06,0.435546875
310.97,498.06,0.1298828125

231.51,459.05,0.2119140625
231.51,463.39,0.2431640625
235.85,479.28,0.33203125
238.74,492.28,0.3544921875
241.63,502.39,0.3603515625
241.63,508.17,0.3388671875
240.18,506.73,0.01171875

222.84,473.5,0.00390625
222.84,477.83,0.2783203125
225.73,487.95,0.3486328125
231.51,500.95,0.3935546875
237.29,512.51,0.4248046875
241.63,522.62,0.4296875
243.07,528.4,0.4296875
244.51,531.29,0.3369140625

241.63,528.4,0.0009765625
241.63,532.73,0.0
244.51,538.51,0.1943359375
245.96,541.4,0.265625
248.85,544.29,0.3193359375
250.29,545.73,0.3388671875
250.29,544.29,0.3359375
250.29,541.4,0.2587890625
248.85,537.07,0.1142578125
244.51,534.18,0.05859375
240.18,534.18,0.1484375
238.74,534.18,0.212890625
241.63,534.18,0.3818359375
253.18,538.51,0.427734375
267.63,539.95,0.4365234375
284.97,541.4,0.4482421875
290.74,539.95,0.43359375
292.19,537.07,0.314453125
290.74,532.73,0.10546875

287.86,512.51,0.009765625
293.63,512.51,0.25390625
299.41,512.51,0.35546875
306.64,516.84,0.3974609375
312.42,519.73,0.412109375
313.86,521.17,0.4169921875
308.08,518.28,0.255859375
302.3,513.95,0.2216796875
299.41,509.62,0.2353515625
297.97,508.17,0.2900390625
302.3,509.62,0.4189453125
308.08,513.95,0.4443359375
313.86,516.84,0.462890625
316.75,521.17,0.462890625
316.75,525.51,0.4970703125
315.3,525.51,0.4912109375
309.53,525.51,0.5048828125
300.86,525.51,0.505859375
284.97,525.51,0.439453125
269.07,522.62,0.318359375
254.63,516.84,0.0849609375

238.74,515.4,0.013671875
240.18,515.4,0.248046875
244.51,515.4,0.28125
254.63,518.28,0.408203125
269.07,521.17,0.4560546875
287.86,521.17,0.4853515625
293.63,521.17,0.466796875
290.74,521.17,0.2109375

248.85,525.51,0.0087890625
245.96,525.51,0.0009765625
244.51,528.4,0.291015625
248.85,531.29,0.38671875
267.63,534.18,0.4658203125
280.63,534.18,0.4970703125
289.3,532.73,0.48046875
292.19,529.84,0.416015625
287.86,525.51,0.080078125
282.08,524.06,0.0283203125

254.63,526.95,0.208984375
251.74,528.4,0.330078125
264.74,529.84,0.4580078125
282.08,529.84,0.4970703125
299.41,529.84,0.5078125
312.42,526.95,0.513671875
318.19,524.06,0.2119140625

293.63,506.73,0.2783203125
297.97,511.06,0.3515625
308.08,518.28,0.4130859375
313.86,522.62,0.4365234375
316.75,524.06,0.4560546875
316.75,525.51,0.5478515625
315.3,526.95,0.58984375
310.97,529.84,0.6181640625
303.75,529.84,0.630859375
279.19,529.84,0.59375
258.96,525.51,0.478515625
244.51,519.73,0.125

235.85,461.94,0.0068359375
235.85,463.39,0.3115234375
238.74,469.16,0.400390625
243.07,480.72,0.4384765625
245.96,486.5,0.4326171875
245.96,489.39,0.3876953125
247.4,490.84,0.1748046875
248.85,490.84,0.111328125
250.29,490.84,0.140625
258.96,490.84,0.1640625

588.35,498.06,0.009765625
589.8,498.06,0.013671875
591.24,500.95,0.34375
588.35,505.28,0.4296875
582.57,511.06,0.4541015625
573.91,519.73,0.46875
565.24,528.4,0.474609375
559.46,534.18,0.4775390625
566.68,528.4,0.4150390625
576.79,518.28,0.3603515625
585.46,508.17,0.3564453125
589.8,502.39,0.3671875
588.35,502.39,0.427734375
582.57,506.73,0.4775390625
575.35,513.95,0.4931640625
565.24,522.62,0.521484375
560.9,526.95,0.5078125
559.46,528.4,0.52734375
558.01,531.29,0.5205078125
556.57,534.18,0.5390625
556.57,537.07,0.548828125
559.46,539.95,0.5703125
568.13,541.4,0.5810546875
581.13,542.84,0.5830078125
598.47,539.95,0.5771484375
605.69,535.62,0.486328125
607.13,531.29,0.3115234375
602.8,529.84,0.0

566.68,534.18,0.2236328125
563.79,535.62,0.2734375
562.35,537.07,0.390625
569.57,537.07,0.4296875
591.24,535.62,0.4677734375
608.58,531.29,0.45703125
620.14,526.95,0.447265625
625.91,522.62,0.2607421875
627.36,521.17,0.0341796875

625.91,496.61,0.00390625
624.47,496.61,0.3544921875
624.47,500.95,0.4296875
624.47,512.51,0.4658203125
624.47,519.73,0.45703125
624.47,525.51,0.4287109375
621.58,525.51,0.30078125
621.58,521.17,0.1083984375

623.02,503.84,0.15234375
623.02,505.28,0.2421875
621.58,509.62,0.1376953125

585.46,446.05,0.0166015625
585.46,450.38,0.341796875
585.46,457.61,0.4267578125
585.46,466.28,0.4736328125
584.02,474.94,0.4951171875
582.57,479.28,0.490234375
582.57,476.39,0.390625
584.02,473.5,0.345703125
586.91,464.83,0.27734375
589.8,456.16,0.2607421875
589.8,454.72,0.2783203125
589.8,457.61,0.3994140625
586.91,464.83,0.443359375
582.57,474.94,0.46875
575.35,485.06,0.4951171875
572.46,487.95,0.5087890625
569.57,489.39,0.51171875
566.68,489.39,0.5224609375
562.35,490.84,0.5234375
562.35,492.28,0.5263671875
560.9,492.28,0.53515625
563.79,493.72,0.580078125
576.79,500.95,0.615234375
586.91,506.73,0.6337890625
597.02,512.51,0.6220703125
604.24,515.4,0.623046875
608.58,515.4,0.5029296875
607.13,511.06,0.447265625
598.47,508.17,0.3955078125
588.35,506.73,0.384765625
579.68,505.28,0.390625
575.35,505.28,0.4462890625
578.24,505.28,0.4951171875
591.24,506.73,0.533203125
608.58,508.17,0.552734375
631.69,509.62,0.49609375
640.36,506.73,0.0625

656.25,453.27,0.01953125
656.25,451.83,0.0185546875
656.25,450.38,0.015625
656.25,448.94,0.0087890625
651.92,448.94,0.3916015625
650.47,454.72,0.44921875
647.58,463.39,0.478515625
644.7,474.94,0.5107421875
643.25,485.06,0.52734375
640.36,493.72,0.5302734375
640.36,489.39,0.44921875
640.36,487.95,0.447265625
640.36,489.39,0.478515625
640.36,496.61,0.5
641.81,502.39,0.5234375
643.25,509.62,0.5458984375
643.25,512.51,0.5390625
643.25,513.95,0.5400390625
643.25,516.84,0.544921875
638.92,519.73,0.5458984375
633.14,521.17,0.5361328125
625.91,519.73,0.5234375
618.69,516.84,0.48828125
615.8,513.95,0.48046875
614.36,512.51,0.48046875
617.25,512.51,0.4970703125
624.47,512.51,0.5009765625
631.69,512.51,0.34375

550.79,430.16,0.015625
550.79,428.71,0.01171875
550.79,430.16,0.3505859375
550.79,438.83,0.435546875
552.23,447.49,0.4794921875
553.68,460.5,0.501953125
553.68,463.39,0.4990234375
552.23,464.83,0.4267578125
550.79,460.5,0.31640625
549.35,451.83,0.228515625
547.9,441.72,0.21875
547.9,440.27,0.2451171875
546.46,440.27,0.3564453125
546.46,443.16,0.4443359375
546.46,453.27,0.4833984375
546.46,466.28,0.51171875
547.9,472.05,0.5361328125
549.35,474.94,0.537109375
550.79,474.94,0.5302734375
552.23,474.94,0.5478515625
555.12,474.94,0.537109375
560.9,474.94,0.5400390625
566.68,474.94,0.541015625
573.91,474.94,0.439453125
575.35,473.5,0.2958984375
573.91,472.05,0.0458984375

553.68,463.39,0.0009765625
552.23,463.39,0.0
552.23,460.5,0.216796875
550.79,461.94,0.5009765625
547.9,466.28,0.5302734375
543.57,470.61,0.5400390625
540.68,473.5,0.5478515625
539.23,476.39,0.5234375
540.68,474.94,0.478515625
543.57,472.05,0.47265625
545.01,470.61,0.4912109375
543.57,473.5,0.5224609375
542.12,477.83,0.5205078125
540.68,480.72,0.5400390625
542.12,483.61,0.54296875
547.9,483.61,0.5556640625
555.12,483.61,0.576171875
568.13,482.17,0.5654296875
573.91,480.72,0.517578125
573.91,479.28,0.4716796875
571.02,477.83,0.021484375

637.47,385.37,0.01171875
638.92,383.93,0.3232421875
640.36,389.71,0.462890625
644.7,399.82,0.5029296875
647.58,408.49,0.509765625
649.03,417.16,0.51171875
649.03,422.93,0.5048828125
649.03,418.6,0.3671875
647.58,411.38,0.3291015625
647.58,405.6,0.3359375
646.14,401.26,0.42578125
646.14,402.71,0.4716796875
646.14,409.93,0.5087890625
646.14,418.6,0.5302734375
646.14,431.6,0.533203125
644.7,435.94,0.525390625
643.25,438.83,0.47265625
640.36,438.83,0.439453125
636.03,438.83,0.4365234375
634.58,438.83,0.4736328125
638.92,438.83,0.53515625
647.58,438.83,0.529296875
662.03,430.16,0.30078125

656.25,396.93,0.0185546875
660.59,401.26,0.291015625
666.37,408.49,0.400390625
672.14,417.16,0.4326171875
673.59,422.93,0.4443359375
672.14,422.93,0.3837890625
673.59,424.38,0.416015625
675.03,424.38,0.4208984375
680.81,424.38,0.44140625
688.04,420.05,0.421875
693.81,412.82,0.2783203125
696.7,409.93,0.1865234375

696.7,388.26,0.021484375
698.15,388.26,0.302734375
701.04,394.04,0.4189453125
703.93,401.26,0.4697265625
705.37,408.49,0.455078125
706.82,411.38,0.3173828125

591.24,326.14,0.0234375
591.24,324.7,0.0087890625
588.35,324.7,0.283203125
585.46,324.7,0.412109375
579.68,333.36,0.484375
576.79,344.92,0.5390625
573.91,359.37,0.576171875
573.91,372.37,0.5927734375
576.79,383.93,0.599609375
579.68,385.37,0.525390625
582.57,383.93,0.4716796875
585.46,375.26,0.2978515625
585.46,370.93,0.1103515625

604.24,320.36,0.2685546875
608.58,317.47,0.33203125
612.91,317.47,0.412109375
618.69,320.36,0.455078125
621.58,326.14,0.5224609375
623.02,343.48,0.5908203125
623.02,357.92,0.623046875
621.58,372.37,0.62890625
620.14,382.48,0.62890625
618.69,388.26,0.5869140625
618.69,385.37,0.48046875
617.25,381.04,0.4169921875
617.25,373.81,0.21875

589.8,327.58,0.2509765625
585.46,329.03,0.3291015625
582.57,336.25,0.4296875
581.13,355.03,0.5166015625
579.68,369.48,0.5625
579.68,382.48,0.564453125
578.24,389.71,0.5703125
578.24,383.93,0.4375
576.79,369.48,0.3203125
575.35,363.7,0.2734375
573.91,362.26,0.3037109375
571.02,368.04,0.3837890625
571.02,381.04,0.4296875
571.02,386.82,0.4267578125
573.91,389.71,0.3994140625
575.35,389.71,0.3583984375
576.79,389.71,0.3193359375
578.24,386.82,0.314453125
578.24,385.37,0.32421875
578.24,382.48,0.341796875
578.24,381.04,0.4111328125
573.91,381.04,0.4912109375
566.68,383.93,0.505859375
560.9,388.26,0.5244140625
556.57,391.15,0.5283203125
553.68,392.6,0.5205078125
558.01,392.6,0.4033203125
563.79,389.71,0.3798828125
573.91,383.93,0.38671875
576.79,382.48,0.3916015625
578.24,382.48,0.416015625
575.35,383.93,0.4931640625
569.57,386.82,0.5029296875
562.35,389.71,0.5205078125
559.46,391.15,0.4970703125
558.01,391.15,0.498046875
558.01,389.71,0.4462890625
559.46,388.26,0.4462890625
560.9,386.82,0.4375
563.79,389.71,0.46484375
566.68,395.49,0.4990234375
569.57,402.71,0.5224609375
573.91,408.49,0.5390625
578.24,414.27,0.5
579.68,414.27,0.3583984375

618.69,365.15,0.3154296875
618.69,372.37,0.44140625
618.69,382.48,0.515625
618.69,399.82,0.5625
618.69,405.6,0.5703125
618.69,408.49,0.578125
618.69,401.26,0.4482421875
618.69,389.71,0.3662109375
620.14,386.82,0.333984375
620.14,389.71,0.4150390625
615.8,401.26,0.462890625
614.36,409.93,0.4921875
612.91,415.71,0.501953125
611.47,420.05,0.5205078125
610.02,421.49,0.54296875
607.13,421.49,0.5546875
601.35,421.49,0.5576171875
592.69,417.16,0.5166015625
578.24,405.6,0.38671875
569.57,398.37,0.1943359375
566.68,395.49,0.029296875

562.35,389.71,0.2119140625
565.24,395.49,0.3876953125
572.46,401.26,0.4267578125
578.24,405.6,0.447265625
579.68,408.49,0.4189453125
581.13,408.49,0.3125

553.68,383.93,0.015625
555.12,383.93,0.310546875
553.68,385.37,0.486328125
547.9,386.82,0.501953125
542.12,389.71,0.509765625
536.34,392.6,0.50390625
534.9,394.04,0.4970703125
537.79,394.04,0.3916015625
542.12,391.15,0.38671875
547.9,389.71,0.38671875
545.01,389.71,0.4453125
539.23,394.04,0.4814453125
533.45,399.82,0.515625
530.56,401.26,0.5302734375
530.56,402.71,0.5322265625
530.56,404.15,0.53515625
530.56,405.6,0.5478515625
534.9,409.93,0.5810546875
539.23,412.82,0.5869140625
545.01,415.71,0.6005859375
549.35,417.16,0.60546875
553.68,417.16,0.53515625
550.79,417.16,0.412109375
546.46,415.71,0.4091796875
543.57,415.71,0.4296875
545.01,415.71,0.4736328125
549.35,417.16,0.5087890625
558.01,417.16,0.5166015625
565.24,415.71,0.517578125
572.46,411.38,0.4619140625
573.91,408.49,0.341796875
575.35,404.15,0.193359375
575.35,401.26,0.158203125
572.46,401.26,0.48828125
569.57,402.71,0.5322265625
566.68,408.49,0.5517578125
562.35,411.38,0.5263671875
559.46,412.82,0.25

267.63,353.59,0.0068359375
267.63,350.7,0.0029296875
267.63,347.81,0.0

267.63,353.59,0.03515625
269.07,342.03,0.01171875

276.3,324.7,0.236328125
274.85,324.7,0.2763671875
269.07,324.7,0.359375
264.74,329.03,0.39453125
253.18,340.59,0.3974609375
245.96,349.26,0.408203125
240.18,356.48,0.40625
238.74,359.37,0.3466796875
244.51,356.48,0.1455078125
248.85,352.14,0.06640625

282.08,326.14,0.30859375
283.52,330.47,0.3525390625
290.74,346.37,0.5029296875
297.97,356.48,0.5390625
303.75,362.26,0.5302734375
308.08,368.04,0.40625
308.08,366.59,0.2373046875
308.08,365.15,0.111328125

300.86,339.14,0.2197265625
303.75,343.48,0.3935546875
309.53,352.14,0.4306640625
315.3,360.81,0.4306640625
318.19,366.59,0.189453125

271.96,320.36,0.009765625
270.52,320.36,0.13671875
266.19,320.36,0.3125
260.41,327.58,0.416015625
251.74,343.48,0.478515625
248.85,357.92,0.5029296875
248.85,369.48,0.505859375
248.85,376.7,0.4482421875
253.18,378.15,0.203125

195.4,389.71,0.0048828125
196.84,386.82,0.265625
193.95,392.6,0.4462890625
188.17,405.6,0.5078125
185.28,414.27,0.5048828125
180.95,420.05,0.5205078125
178.06,422.93,0.521484375
178.06,424.38,0.5126953125
178.06,420.05,0.451171875
179.5,417.16,0.4541015625
179.5,415.71,0.4638671875
179.5,417.16,0.44140625
179.5,422.93,0.3818359375
179.5,425.82,0.3369140625
180.95,427.27,0.02734375

199.73,395.49,0.005859375
201.17,394.04,0.005859375
201.17,395.49,0.302734375
201.17,401.26,0.4013671875
201.17,409.93,0.4541015625
201.17,425.82,0.5009765625
201.17,434.49,0.525390625
199.73,440.27,0.51171875
199.73,441.72,0.4951171875
198.28,438.83,0.4443359375
198.28,427.27,0.3447265625
201.17,417.16,0.3095703125
202.62,409.93,0.3095703125
202.62,408.49,0.3046875
201.17,411.38,0.435546875
199.73,420.05,0.4697265625
199.73,428.71,0.486328125
199.73,434.49,0.5009765625
199.73,438.83,0.4892578125
199.73,440.27,0.4931640625
199.73,441.72,0.4873046875
204.06,444.6,0.505859375
208.4,447.49,0.525390625
224.29,453.27,0.5439453125
235.85,454.72,0.5546875
245.96,456.16,0.4951171875
253.18,454.72,0.3935546875
253.18,451.83,0.203125
251.74,450.38,0.0771484375

228.62,448.94,0.1337890625
224.29,448.94,0.2177734375
222.84,448.94,0.3017578125
232.96,448.94,0.47265625
248.85,448.94,0.5078125
264.74,447.49,0.533203125
274.85,447.49,0.541015625
279.19,447.49,0.4111328125
270.52,447.49,0.009765625

240.18,448.94,0.1689453125
238.74,448.94,0.2646484375
243.07,448.94,0.3896484375
254.63,448.94,0.4267578125
267.63,446.05,0.400390625
271.96,443.16,0.283203125

211.29,308.8,0.0
211.29,307.36,0.0
211.29,305.91,0.2548828125
208.4,305.91,0.4169921875
204.06,308.8,0.4638671875
195.4,326.14,0.5107421875
188.17,340.59,0.515625
182.39,352.14,0.51171875
179.5,356.48,0.50390625
179.5,352.14,0.38671875
185.28,340.59,0.3173828125
189.62,330.47,0.3095703125
192.51,323.25,0.30078125
193.95,321.81,0.3173828125
192.51,327.58,0.4384765625
185.28,349.26,0.4716796875
179.5,363.7,0.4697265625
173.72,372.37,0.3515625
172.28,373.81,0.2294921875

620.14,320.36,0.0107421875
623.02,320.36,0.27734375
627.36,330.47,0.4248046875
628.8,340.59,0.4638671875
628.8,350.7,0.4697265625
627.36,355.03,0.3544921875

641.81,311.69,0.009765625
643.25,311.69,0.00390625
649.03,321.81,0.3720703125
654.81,333.36,0.451171875
659.14,347.81,0.5009765625
662.03,357.92,0.4970703125
664.92,363.7,0.478515625
664.92,363.7,0.3203125
663.48,356.48,0.1650390625
659.14,346.37,0.068359375
656.25,337.7,0.091796875
656.25,336.25,0.1474609375
659.14,342.03,0.3681640625
663.48,352.14,0.4287109375
667.81,362.26,0.4375
670.7,370.93,0.3896484375
672.14,372.37,0.2587890625

608.58,310.25,0.0048828125
610.02,307.36,0.0
610.02,305.91,0.2236328125
605.69,307.36,0.4189453125
597.02,313.14,0.4951171875
581.13,327.58,0.5400390625
569.57,336.25,0.5556640625
560.9,340.59,0.5625
558.01,342.03,0.552734375
558.01,340.59,0.4833984375
560.9,336.25,0.419921875
565.24,333.36,0.3193359375
568.13,330.47,0.21484375
568.13,329.03,0.2099609375
563.79,329.03,0.2587890625
558.01,331.92,0.3447265625
553.68,334.81,0.43359375
550.79,337.7,0.4677734375
553.68,337.7,0.484375
559.46,337.7,0.4775390625
568.13,336.25,0.48828125
575.35,333.36,0.4189453125
579.68,330.47,0.23828125

198.28,243.79,0.0009765625
196.84,240.9,0.005859375
193.95,238.01,0.2255859375
189.62,236.57,0.3369140625
182.39,236.57,0.486328125
176.61,238.01,0.5419921875
173.72,242.35,0.5615234375
170.84,249.57,0.5703125
170.84,256.79,0.5693359375
172.28,265.46,0.5634765625
172.28,266.91,0.5654296875
173.72,266.91,0.48046875
175.17,265.46,0.412109375
175.17,256.79,0.322265625
173.72,253.91,0.3203125
170.84,253.91,0.40625
169.39,253.91,0.4853515625
169.39,256.79,0.513671875
169.39,259.68,0.5166015625
172.28,262.57,0.5224609375
172.28,264.02,0.4736328125
173.72,264.02,0.4423828125
176.61,258.24,0.2841796875
179.5,252.46,0.142578125
183.84,245.24,0.04296875
188.17,240.9,0.0751953125
192.51,240.9,0.19921875
198.28,242.35,0.376953125
202.62,246.68,0.439453125
206.95,252.46,0.466796875
208.4,253.91,0.462890625
208.4,255.35,0.4638671875
206.95,252.46,0.25
204.06,248.13,0.0498046875

202.62,243.79,0.029296875
202.62,249.57,0.421875
205.51,253.91,0.439453125
205.51,256.79,0.455078125
206.95,256.79,0.455078125
205.51,253.91,0.255859375
205.51,248.13,0.0478515625

202.62,243.79,0.1435546875
206.95,236.57,0.205078125
209.84,236.57,0.4169921875
212.73,240.9,0.466796875
215.62,246.68,0.49609375
215.62,252.46,0.49609375
214.18,251.02,0.2744140625
214.18,246.68,0.158203125
214.18,240.9,0.1025390625
217.07,235.12,0.1552734375
218.51,235.12,0.294921875
219.95,236.57,0.4033203125
221.4,242.35,0.451171875
222.84,249.57,0.4482421875
222.84,251.02,0.322265625

214.18,232.23,0.01171875
217.07,235.12,0.3603515625
219.95,240.9,0.400390625
221.4,246.68,0.4619140625
221.4,251.02,0.4794921875
219.95,251.02,0.337890625
218.51,251.02,0.173828125

221.4,252.46,0.005859375
221.4,253.91,0.0966796875
219.95,253.91,0.3837890625
218.51,253.91,0.3955078125
215.62,252.46,0.3876953125
214.18,251.02,0.416015625
205.51,251.02,0.458984375
199.73,251.02,0.48046875
196.84,252.46,0.4833984375
193.95,255.35,0.498046875
189.62,256.79,0.505859375
189.62,258.24,0.525390625
192.51,258.24,0.509765625
198.28,255.35,0.4892578125
199.73,255.35,0.4775390625
199.73,256.79,0.4697265625
198.28,259.68,0.466796875
198.28,261.13,0.4873046875
202.62,261.13,0.4560546875
208.4,258.24,0.3837890625
215.62,256.79,0.1708984375

221.4,252.46,0.017578125
228.62,258.24,0.0224609375
230.07,258.24,0.142578125
230.07,256.79,0.38671875
227.18,256.79,0.4638671875
219.95,256.79,0.5107421875
215.62,258.24,0.5390625
212.73,261.13,0.533203125
211.29,264.02,0.5390625
211.29,266.91,0.525390625
214.18,265.46,0.3935546875
215.62,264.02,0.3701171875
215.62,262.57,0.3603515625
215.62,264.02,0.4736328125
215.62,269.8,0.5087890625
215.62,274.13,0.54296875
219.95,275.58,0.537109375
227.18,277.02,0.5458984375
231.51,275.58,0.4931640625
234.4,271.24,0.263671875

266.19,240.9,0.009765625
267.63,242.35,0.2685546875
273.41,243.79,0.345703125
282.08,243.79,0.3642578125
292.19,238.01,0.2314453125

277.74,251.02,0.021484375
276.3,252.46,0.2783203125
277.74,252.46,0.30078125
283.52,251.02,0.3486328125
292.19,246.68,0.3359375
300.86,240.9,0.2431640625
302.3,239.46,0.037109375

289.3,232.23,0.0009765625
289.3,236.57,0.3564453125
290.74,243.79,0.4189453125
293.63,256.79,0.43359375
293.63,264.02,0.4423828125
293.63,266.91,0.390625
293.63,264.02,0.130859375

290.74,236.57,0.009765625
290.74,239.46,0.275390625
290.74,246.68,0.369140625
290.74,255.35,0.390625
292.19,261.13,0.41015625
292.19,265.46,0.38671875
292.19,264.02,0.015625

295.08,235.12,0.1552734375
295.08,238.01,0.2841796875
296.52,243.79,0.3515625
297.97,252.46,0.43359375
300.86,259.68,0.4970703125
302.3,268.35,0.5087890625
303.75,269.8,0.498046875
303.75,266.91,0.4072265625
303.75,264.02,0.3671875
303.75,262.57,0.36328125
303.75,264.02,0.44921875
305.19,266.91,0.4462890625
305.19,268.35,0.4658203125
305.19,269.8,0.453125
305.19,272.69,0.466796875
305.19,275.58,0.4658203125
302.3,281.35,0.4931640625
300.86,287.13,0.5087890625
297.97,290.02,0.515625
296.52,290.02,0.4306640625
296.52,287.13,0.375
296.52,282.8,0.3017578125
299.41,279.91,0.267578125
302.3,277.02,0.267578125
302.3,278.47,0.33984375
299.41,282.8,0.412109375
296.52,290.02,0.4521484375
290.74,298.69,0.47265625
283.52,304.47,0.474609375
282.08,305.91,0.4560546875
280.63,305.91,0.1787109375

270.52,258.24,0.0087890625
270.52,256.79,0.1689453125
271.96,256.79,0.4189453125
277.74,256.79,0.4775390625
283.52,261.13,0.517578125
286.41,266.91,0.5537109375
286.41,274.13,0.5654296875
284.97,281.35,0.56640625
283.52,284.24,0.5751953125
283.52,278.47,0.4638671875
284.97,275.58,0.3994140625
284.97,271.24,0.2919921875
284.97,266.91,0.1181640625

282.08,259.68,0.1787109375
284.97,261.13,0.400390625
287.86,265.46,0.427734375
287.86,269.8,0.4482421875
287.86,274.13,0.4296875

273.41,246.68,0.0087890625
271.96,245.24,0.005859375
274.85,245.24,0.4072265625
279.19,248.13,0.4287109375
282.08,249.57,0.447265625
282.08,248.13,0.421875
279.19,245.24,0.416015625
279.19,242.35,0.423828125
279.19,243.79,0.4541015625
280.63,246.68,0.4775390625
280.63,249.57,0.4990234375
280.63,248.13,0.4453125
280.63,243.79,0.4287109375
282.08,240.9,0.4111328125
283.52,239.46,0.4111328125
284.97,239.46,0.443359375
284.97,243.79,0.44921875
284.97,248.13,0.474609375
284.97,249.57,0.4775390625
283.52,249.57,0.4541015625
280.63,248.13,0.154296875

273.41,246.68,0.009765625
280.63,239.46,0.1787109375
283.52,239.46,0.2744140625
287.86,239.46,0.37890625
290.74,240.9,0.4013671875
292.19,242.35,0.40625
292.19,243.79,0.4150390625
287.86,245.24,0.302734375
283.52,245.24,0.2451171875
280.63,242.35,0.2470703125
283.52,245.24,0.474609375
284.97,246.68,0.4677734375
286.41,249.57,0.263671875

297.97,243.79,0.0986328125
297.97,245.24,0.0185546875
297.97,248.13,0.2490234375
300.86,251.02,0.3154296875
306.64,256.79,0.392578125
309.53,259.68,0.4091796875
310.97,261.13,0.4111328125
309.53,261.13,0.1806640625
308.08,261.13,0.1171875
305.19,259.68,0.0673828125
303.75,258.24,0.103515625
302.3,258.24,0.2392578125
303.75,258.24,0.3681640625
306.64,259.68,0.3955078125
309.53,261.13,0.4248046875
310.97,264.02,0.43359375
310.97,265.46,0.4619140625
308.08,268.35,0.4912109375
306.64,271.24,0.5078125
305.19,274.13,0.509765625
305.19,277.02,0.5
303.75,278.47,0.4716796875
303.75,277.02,0.267578125
303.75,272.69,0.185546875
305.19,269.8,0.1484375
305.19,265.46,0.158203125
305.19,264.02,0.244140625
305.19,265.46,0.4580078125
303.75,271.24,0.490234375
303.75,275.58,0.5048828125
302.3,278.47,0.4931640625
302.3,279.91,0.4990234375
300.86,278.47,0.423828125
300.86,274.13,0.419921875
300.86,272.69,0.416015625
300.86,274.13,0.4931640625
300.86,277.02,0.505859375
300.86,279.91,0.5224609375
300.86,281.35,0.5126953125
300.86,279.91,0.337890625
300.86,275.58,0.2646484375
299.41,269.8,0.1787109375
296.52,266.91,0.1767578125
295.08,266.91,0.2275390625
293.63,268.35,0.36328125
293.63,271.24,0.4150390625
295.08,275.58,0.4326171875
296.52,278.47,0.4443359375
296.52,282.8,0.44921875
296.52,284.24,0.451171875
296.52,282.8,0.3515625
296.52,279.91,0.314453125
296.52,274.13,0.2314453125
296.52,268.35,0.189453125
296.52,265.46,0.1962890625
296.52,264.02,0.2060546875
293.63,265.46,0.3720703125
292.19,268.35,0.4111328125
292.19,272.69,0.4423828125
292.19,277.02,0.44921875
292.19,279.91,0.451171875
292.19,277.02,0.3798828125
293.63,274.13,0.3515625
293.63,275.58,0.42578125
295.08,277.02,0.4345703125
296.52,281.35,0.462890625
297.97,284.24,0.4765625
297.97,285.69,0.4814453125
296.52,285.69,0.4736328125
295.08,285.69,0.486328125
293.63,287.13,0.490234375
290.74,290.02,0.52734375
289.3,291.47,0.5380859375
290.74,290.02,0.408203125
293.63,285.69,0.376953125
295.08,282.8,0.3466796875
296.52,281.35,0.34375
296.52,282.8,0.4189453125
295.08,287.13,0.4560546875
292.19,291.47,0.4853515625
290.74,295.8,0.4931640625
290.74,297.25,0.486328125
290.74,295.8,0.4521484375
290.74,292.91,0.4072265625
290.74,290.02,0.3984375
292.19,290.02,0.392578125
292.19,292.91,0.478515625
287.86,295.8,0.4892578125
276.3,301.58,0.5
267.63,303.02,0.38671875
264.74,303.02,0.2734375

556.57,213.45,0.0302734375
556.57,212.01,0.1748046875
559.46,212.01,0.2373046875
573.91,219.23,0.4072265625
586.91,225.01,0.4462890625
599.91,230.79,0.4541015625
605.69,233.68,0.45703125
608.58,235.12,0.4306640625
607.13,235.12,0.26953125
599.91,235.12,0.0048828125

576.79,212.01,0.0009765625
581.13,212.01,0.1943359375
592.69,219.23,0.2509765625
607.13,226.46,0.3369140625
625.91,236.57,0.3447265625
630.25,240.9,0.310546875
630.25,243.79,0.212890625
628.8,243.79,0.103515625

591.24,219.23,0.0
591.24,214.9,0.21484375
602.8,219.23,0.3759765625
615.8,227.9,0.447265625
625.91,239.46,0.458984375
634.58,249.57,0.4658203125
637.47,256.79,0.181640625

605.69,217.79,0.005859375
607.13,217.79,0.3193359375
611.47,225.01,0.4345703125
618.69,236.57,0.4638671875
624.47,248.13,0.490234375
630.25,262.57,0.47265625
631.69,266.91,0.3779296875

627.36,226.46,0.00390625
628.8,238.01,0.4306640625
630.25,249.57,0.4697265625
631.69,259.68,0.484375
631.69,268.35,0.4951171875
631.69,271.24,0.4794921875
631.69,268.35,0.33203125
631.69,259.68,0.26171875
631.69,251.02,0.21484375
631.69,243.79,0.2294921875
631.69,242.35,0.2548828125
633.14,245.24,0.375
633.14,252.46,0.3974609375
633.14,259.68,0.39453125
631.69,265.46,0.3564453125
628.8,266.91,0.12109375

621.58,266.91,0.0
620.14,266.91,0.078125
617.25,266.91,0.2255859375
615.8,266.91,0.3388671875
617.25,264.02,0.4111328125
624.47,259.68,0.4423828125
631.69,258.24,0.47265625
636.03,258.24,0.4765625
638.92,258.24,0.4921875
640.36,262.57,0.521484375
640.36,268.35,0.53125
637.47,274.13,0.5283203125
636.03,277.02,0.4990234375
633.14,277.02,0.3193359375

545.01,266.91,0.00390625
547.9,268.35,0.236328125
556.57,269.8,0.3076171875
571.02,272.69,0.3798828125
592.69,272.69,0.3759765625
599.91,271.24,0.1982421875

546.46,266.91,0.19921875
560.9,268.35,0.234375
571.02,268.35,0.216796875
573.91,266.91,0.0400390625

553.68,255.35,0.0
553.68,253.91,0.0048828125
556.57,253.91,0.0
558.01,256.79,0.2509765625
559.46,269.8,0.376953125
559.46,278.47,0.4111328125
559.46,282.8,0.4208984375
558.01,281.35,0.0693359375

552.23,252.46,0.2158203125
550.79,255.35,0.3193359375
549.35,262.57,0.3759765625
549.35,268.35,0.3994140625
549.35,271.24,0.400390625
550.79,272.69,0.35546875
550.79,271.24,0.083984375

546.46,242.35,0.13671875
549.35,245.24,0.35546875
552.23,249.57,0.375
553.68,252.46,0.376953125
547.9,249.57,0.26953125
543.57,246.68,0.2978515625
542.12,245.24,0.376953125
546.46,248.13,0.4384765625
549.35,251.02,0.4013671875
553.68,253.91,0.2158203125

573.91,252.46,0.0068359375
572.46,252.46,0.294921875
575.35,255.35,0.38671875
579.68,256.79,0.37890625
581.13,256.79,0.3984375
579.68,256.79,0.3662109375
578.24,256.79,0.3544921875
576.79,255.35,0.3720703125
576.79,253.91,0.392578125
579.68,253.91,0.4091796875
584.02,253.91,0.4248046875
586.91,255.35,0.4267578125
588.35,256.79,0.416015625
588.35,258.24,0.39453125
581.13,261.13,0.029296875

573.91,252.46,0.01171875
572.46,255.35,0.0654296875
572.46,256.79,0.3642578125
575.35,259.68,0.4130859375
582.57,261.13,0.4208984375
584.02,262.57,0.408203125
585.46,262.57,0.3583984375
584.02,261.13,0.255859375
578.24,259.68,0.22265625
573.91,259.68,0.28125
572.46,259.68,0.3251953125
573.91,261.13,0.4189453125
579.68,261.13,0.4306640625
582.57,261.13,0.4375
584.02,261.13,0.435546875
579.68,261.13,0.2744140625
575.35,261.13,0.28515625
572.46,261.13,0.345703125
571.02,261.13,0.400390625
575.35,261.13,0.4248046875
579.68,261.13,0.4267578125
582.57,261.13,0.4326171875
575.35,261.13,0.2578125
569.57,261.13,0.283203125
566.68,261.13,0.3525390625
569.57,261.13,0.412109375
572.46,261.13,0.4033203125
575.35,261.13,0.4013671875
575.35,262.57,0.3671875

543.57,236.57,0.0029296875
546.46,236.57,0.2099609375
549.35,236.57,0.193359375
549.35,238.01,0.072265625

543.57,236.57,0.015625
532.01,235.12,0.2578125
534.9,235.12,0.3017578125
539.23,236.57,0.326171875
545.01,236.57,0.03515625

588.35,246.68,0.197265625
589.8,248.13,0.0595703125

533.45,281.35,0.2412109375
536.34,281.35,0.3828125
543.57,282.8,0.4345703125
550.79,285.69,0.455078125
559.46,285.69,0.3896484375
562.35,285.69,0.3173828125

537.79,281.35,0.0087890625
537.79,282.8,0.1640625
539.23,282.8,0.2978515625
547.9,285.69,0.4013671875
555.12,287.13,0.43359375
560.9,288.58,0.435546875
562.35,288.58,0.330078125

546.46,281.35,0.0087890625
550.79,282.8,0.3955078125
559.46,284.24,0.3984375
566.68,285.69,0.408203125
572.46,287.13,0.3095703125
573.91,287.13,0.212890625

549.35,275.58,0.2470703125
550.79,277.02,0.3681640625
558.01,279.91,0.4150390625
566.68,281.35,0.4521484375
576.79,282.8,0.4482421875
578.24,282.8,0.3984375

549.35,277.02,0.2841796875
550.79,278.47,0.2841796875
559.46,279.91,0.3876953125
568.13,281.35,0.3984375
575.35,281.35,0.40234375
578.24,281.35,0.3994140625

553.68,285.69,0.3046875
555.12,285.69,0.3115234375
562.35,285.69,0.3759765625
573.91,285.69,0.4072265625
586.91,281.35,0.130859375

630.25,268.35,0.0029296875
630.25,266.91,0.00390625
628.8,265.46,0.021484375
628.8,264.02,0.2548828125
631.69,261.13,0.37890625
636.03,261.13,0.4189453125
641.81,262.57,0.4326171875
646.14,266.91,0.4580078125
647.58,274.13,0.484375
644.7,278.47,0.4921875
640.36,281.35,0.48046875
637.47,281.35,0.416015625
634.58,279.91,0.337890625
634.58,274.13,0.2314453125
636.03,271.24,0.2373046875
638.92,271.24,0.2685546875
638.92,272.69,0.37109375
638.92,277.02,0.42578125
637.47,282.8,0.4482421875
636.03,284.24,0.453125
634.58,285.69,0.4453125
634.58,284.24,0.27734375
636.03,282.8,0.1611328125

638.92,282.8,0.21484375
640.36,284.24,0.3701171875
641.81,292.91,0.4765625
637.47,300.14,0.4873046875
634.58,301.58,0.41015625
634.58,297.25,0.12890625
638.92,292.91,0.1181640625
643.25,290.02,0.1904296875
644.7,291.47,0.3828125
644.7,297.25,0.43359375
640.36,304.47,0.4619140625
634.58,308.8,0.38671875
633.14,307.36,0.0673828125

588.35,194.67,0.021484375
592.69,196.12,0.005859375
597.02,199.01,0.19921875
610.02,207.67,0.302734375
628.8,223.57,0.421875
637.47,232.23,0.4365234375
641.81,240.9,0.4365234375
641.81,245.24,0.2578125
638.92,245.24,0.115234375

573.91,206.23,0.0029296875
578.24,206.23,0.2421875
589.8,214.9,0.3505859375
607.13,226.46,0.4755859375
623.02,238.01,0.509765625
633.14,249.57,0.5263671875
640.36,258.24,0.501953125
640.36,259.68,0.47265625
633.14,256.79,0.1787109375

597.02,222.12,0.009765625
597.02,220.68,0.1357421875
602.8,222.12,0.3017578125
612.91,230.79,0.435546875
630.25,246.68,0.490234375
636.03,255.35,0.48828125
638.92,261.13,0.4306640625
634.58,261.13,0.166015625

605.69,220.68,0.009765625
610.02,217.79,0.197265625
623.02,222.12,0.3759765625
634.58,232.23,0.4453125
643.25,243.79,0.4677734375
647.58,253.91,0.435546875
647.58,255.35,0.35546875
646.14,255.35,0.0302734375

631.69,229.35,0.0185546875
634.58,229.35,0.01171875
640.36,232.23,0.2978515625
647.58,240.9,0.38671875
651.92,251.02,0.3935546875
654.81,258.24,0.234375

663.48,291.47,0.0
663.48,290.02,0.0
666.37,291.47,0.4091796875
673.59,294.36,0.455078125
680.81,300.14,0.4833984375
683.7,303.02,0.4912109375
683.7,304.47,0.45703125
680.81,304.47,0.3505859375
669.26,298.69,0.251953125
660.59,292.91,0.244140625
656.25,288.58,0.27734375
656.25,287.13,0.3154296875
657.7,287.13,0.3603515625
664.92,288.58,0.3828125
669.26,292.91,0.369140625
670.7,294.36,0.2119140625

663.48,291.47,0.0068359375
663.48,294.36,0.2236328125
667.81,298.69,0.3154296875
669.26,300.14,0.341796875
670.7,301.58,0.359375
669.26,303.02,0.345703125
660.59,303.02,0.078125

644.7,298.69,0.0009765625
651.92,298.69,0.16796875
657.7,300.14,0.21484375
660.59,301.58,0.21484375
662.03,301.58,0.212890625

657.7,274.13,0.005859375
657.7,272.69,0.2353515625
660.59,272.69,0.33203125
663.48,272.69,0.3671875
672.14,272.69,0.4189453125
682.26,274.13,0.435546875
683.7,274.13,0.4345703125
685.15,275.58,0.4931640625
683.7,277.02,0.5263671875
675.03,281.35,0.5703125
670.7,285.69,0.591796875
667.81,288.58,0.6083984375
664.92,290.02,0.595703125
663.48,291.47,0.54296875
663.48,290.02,0.302734375
663.48,287.13,0.1982421875

657.7,274.13,0.005859375
666.37,271.24,0.00390625
664.92,272.69,0.0009765625
664.92,274.13,0.1494140625

662.03,291.47,0.0068359375
662.03,285.69,0.2685546875
663.48,285.69,0.3720703125
670.7,285.69,0.4619140625
686.59,292.91,0.5205078125
696.7,298.69,0.5302734375
701.04,304.47,0.533203125
702.48,308.8,0.4970703125
699.59,311.69,0.3583984375
693.81,311.69,0.111328125

647.58,295.8,0.21875
653.36,295.8,0.3232421875
663.48,301.58,0.4365234375
673.59,307.36,0.4853515625
682.26,313.14,0.498046875
688.04,317.47,0.4912109375
688.04,318.92,0.4931640625
685.15,318.92,0.1376953125

656.25,304.47,0.0009765625
653.36,303.02,0.2607421875
656.25,303.02,0.3955078125
660.59,304.47,0.4287109375
670.7,310.25,0.47265625
682.26,317.47,0.48046875
686.59,320.36,0.466796875
679.37,320.36,0.16796875
673.59,317.47,0.029296875

656.25,304.47,0.134765625
646.14,307.36,0.2001953125
644.7,305.91,0.2607421875
651.92,305.91,0.3701171875
670.7,308.8,0.451171875
682.26,311.69,0.4755859375
688.04,314.58,0.4765625
689.48,316.03,0.4453125
685.15,317.47,0.193359375
680.81,317.47,0.0

656.25,304.47,0.0
649.03,311.69,0.177734375
662.03,311.69,0.43359375
676.48,313.14,0.4716796875
688.04,314.58,0.46484375
695.26,316.03,0.4453125
696.7,317.47,0.38671875

673.59,304.47,0.048828125
672.14,303.02,0.0068359375
677.92,304.47,0.3916015625
685.15,307.36,0.3994140625
689.48,310.25,0.2900390625
690.93,311.69,0.09375

656.25,269.8,0.318359375
657.7,277.02,0.408203125
657.7,292.91,0.4482421875
650.47,301.58,0.3505859375
647.58,304.47,0.0966796875

225.73,258.24,0.1767578125
224.29,258.24,0.2275390625
221.4,256.79,0.2744140625
218.51,256.79,0.3251953125
215.62,256.79,0.3701171875
214.18,255.35,0.4287109375
211.29,255.35,0.4453125
208.4,258.24,0.4775390625
206.95,262.57,0.4833984375
206.95,268.35,0.486328125
206.95,275.58,0.4990234375
208.4,278.47,0.5009765625
214.18,279.91,0.5009765625
219.95,279.91,0.49609375
224.29,279.91,0.4951171875
225.73,278.47,0.46875

183.84,251.02,0.005859375
180.95,251.02,0.3173828125
179.5,248.13,0.30078125
180.95,251.02,0.421875
182.39,255.35,0.4365234375
183.84,256.79,0.427734375
183.84,255.35,0.314453125
180.95,251.02,0.2978515625
179.5,249.57,0.3037109375
179.5,251.02,0.3759765625
180.95,253.91,0.287109375
183.84,253.91,0.0986328125

277.74,236.57,0.04296875
271.96,240.9,0.408203125
269.07,242.35,0.42578125
267.63,242.35,0.447265625
269.07,240.9,0.412109375
270.52,239.46,0.3974609375
271.96,239.46,0.3994140625
270.52,239.46,0.3994140625
267.63,239.46,0.416015625
264.74,240.9,0.4384765625
261.85,242.35,0.447265625
264.74,240.9,0.4462890625
269.07,238.01,0.4541015625
271.96,235.12,0.4248046875
270.52,236.57,0.443359375
267.63,238.01,0.4384765625
266.19,239.46,0.44140625
269.07,238.01,0.3515625
274.85,236.57,0.212890625

575.35,248.13,0.0185546875
573.91,248.13,0.2314453125
576.79,248.13,0.265625
581.13,249.57,0.2685546875
585.46,249.57,0.2646484375
586.91,249.57,0.248046875
585.46,249.57,0.2578125
581.13,249.57,0.2470703125
576.79,249.57,0.263671875
571.02,248.13,0.314453125
569.57,246.68,0.333984375
569.57,245.24,0.333984375
573.91,245.24,0.361328125
581.13,246.68,0.37890625
582.57,248.13,0.3642578125
581.13,248.13,0.361328125
575.35,248.13,0.3525390625
569.57,245.24,0.2822265625

386.09,284.24,0.009765625
390.43,290.02,0.384765625
417.88,307.36,0.50390625
430.88,314.58,0.5205078125
445.33,317.47,0.5234375
448.22,317.47,0.46484375
448.22,314.58,0.2822265625

497.34,291.47,0.00390625
497.34,292.91,0.2646484375
493.0,300.14,0.3369140625
478.56,316.03,0.3955078125
465.55,326.14,0.3837890625
455.44,334.81,0.28125
449.66,339.14,0.0283203125

312.42,298.69,0.0
312.42,297.25,0.0
312.42,298.69,0.3193359375
315.3,308.8,0.4267578125
332.64,336.25,0.521484375
347.09,355.03,0.5478515625
357.2,368.04,0.5390625
364.42,376.7,0.5458984375
368.76,378.15,0.50390625
368.76,372.37,0.181640625

550.79,314.58,0.34375
546.46,326.14,0.3974609375
537.79,337.7,0.474609375
520.45,357.92,0.47265625
507.45,369.48,0.25390625

368.76,282.8,0.318359375
373.09,287.13,0.326171875
383.21,298.69,0.427734375
393.32,311.69,0.4541015625
401.99,321.81,0.4541015625
407.77,326.14,0.39453125
409.21,323.25,0.1025390625

387.54,291.47,0.0009765625
387.54,290.02,0.0
388.98,290.02,0.2392578125
399.1,297.25,0.3701171875
412.1,307.36,0.427734375
423.66,318.92,0.4326171875
433.77,330.47,0.4287109375
433.77,331.92,0.3720703125
432.33,326.14,0.2255859375
425.1,316.03,0.15625
417.88,304.47,0.15625
417.88,303.02,0.189453125
422.21,307.36,0.375
429.44,318.92,0.4375
436.66,329.03,0.4638671875
445.33,337.7,0.4384765625
448.22,337.7,0.3740234375
448.22,331.92,0.125

439.55,314.58,0.0908203125
439.55,313.14,0.1904296875
445.33,317.47,0.2158203125
455.44,323.25,0.017578125

530.56,287.13,0.345703125
526.23,288.58,0.4150390625
516.12,303.02,0.5078125
504.56,318.92,0.537109375
491.56,337.7,0.5625
477.11,355.03,0.580078125
464.11,366.59,0.5703125
454.0,373.81,0.4443359375
452.55,372.37,0.232421875
452.55,369.48,0.0595703125

493.0,324.7,0.013671875
490.11,331.92,0.3544921875
484.33,337.7,0.3720703125
468.44,357.92,0.4423828125
458.33,366.59,0.447265625
452.55,369.48,0.3994140625
452.55,365.15,0.255859375
454.0,353.59,0.0439453125

467.0,329.03,0.166015625
467.0,330.47,0.26953125
464.11,339.14,0.375
452.55,356.48,0.423828125
446.77,360.81,0.2548828125

315.3,300.14,0.0322265625
315.3,314.58,0.3955078125
322.53,330.47,0.474609375
329.75,346.37,0.4970703125
338.42,357.92,0.498046875
342.75,362.26,0.43359375
342.75,359.37,0.232421875
341.31,355.03,0.0751953125

323.97,324.7,0.0029296875
323.97,323.25,0.16796875
325.42,324.7,0.2841796875
334.09,333.36,0.4072265625
345.64,346.37,0.44921875
361.53,362.26,0.4677734375
367.31,368.04,0.447265625
368.76,369.48,0.4013671875
364.42,363.7,0.2041015625
352.87,352.14,0.021484375

329.75,326.14,0.025390625
326.86,321.81,0.0966796875
325.42,317.47,0.244140625
329.75,320.36,0.3603515625
348.53,339.14,0.4541015625
360.09,353.59,0.4580078125
367.31,362.26,0.361328125
370.2,365.15,0.1640625

391.87,434.49,0.037109375
393.32,434.49,0.33984375
407.77,440.27,0.4482421875
414.99,441.72,0.4013671875
414.99,443.16,0.314453125

404.88,443.16,0.01171875
406.32,443.16,0.3876953125
412.1,444.6,0.408203125
414.99,447.49,0.427734375
417.88,450.38,0.41015625
417.88,454.72,0.37109375
414.99,459.05,0.3662109375
413.54,463.39,0.38671875
413.54,464.83,0.42578125
414.99,463.39,0.484375
416.43,461.94,0.486328125
419.32,457.61,0.4873046875
422.21,453.27,0.4091796875
423.66,447.49,0.0068359375

416.43,422.93,0.015625
419.32,424.38,0.234375
433.77,425.82,0.3466796875
442.44,425.82,0.3662109375
445.33,425.82,0.376953125
446.77,424.38,0.3388671875
443.88,424.38,0.19140625
440.99,424.38,0.0673828125

422.21,420.05,0.203125
422.21,421.49,0.412109375
425.1,424.38,0.4306640625
427.99,427.27,0.4296875
429.44,427.27,0.3984375
432.33,427.27,0.265625
438.1,420.05,0.1748046875
440.99,417.16,0.1806640625
442.44,415.71,0.1875
442.44,421.49,0.4541015625
439.55,428.71,0.4521484375
436.66,434.49,0.4619140625
432.33,437.38,0.44921875
429.44,438.83,0.439453125
427.99,438.83,0.4384765625
429.44,438.83,0.4462890625
435.21,437.38,0.4580078125
440.99,435.94,0.466796875
449.66,433.05,0.408203125
451.11,433.05,0.3232421875

423.66,437.38,0.1962890625
422.21,438.83,0.2939453125
423.66,443.16,0.3876953125
427.99,448.94,0.4345703125
432.33,460.5,0.478515625
433.77,467.72,0.46484375
433.77,469.16,0.4580078125
433.77,467.72,0.2607421875
433.77,460.5,0.103515625
433.77,453.27,0.185546875
435.21,448.94,0.3154296875
440.99,446.05,0.4033203125
449.66,441.72,0.4462890625
464.11,437.38,0.4521484375
469.89,435.94,0.453125
471.33,437.38,0.4765625
471.33,441.72,0.5
469.89,448.94,0.54296875
461.22,463.39,0.55859375
456.88,469.16,0.55859375
451.11,470.61,0.5107421875
445.33,466.28,0.341796875
440.99,457.61,0.1650390625
439.55,453.27,0.0361328125

423.66,437.38,0.1416015625
435.21,430.16,0.2041015625
435.21,435.94,0.4306640625
435.21,444.6,0.4873046875
438.1,456.16,0.5078125
438.1,461.94,0.515625
438.1,460.5,0.4189453125
438.1,454.72,0.3095703125
439.55,447.49,0.216796875
439.55,438.83,0.05859375
439.55,437.38,0.078125
439.55,441.72,0.361328125
440.99,450.38,0.4130859375
440.99,453.27,0.4072265625
440.99,454.72,0.40625
439.55,454.72,0.2978515625
435.21,453.27,0.283203125
427.99,451.83,0.3046875
426.55,451.83,0.33203125
426.55,454.72,0.4248046875
429.44,459.05,0.4560546875
435.21,460.5,0.48046875
440.99,460.5,0.4892578125
445.33,459.05,0.4970703125
449.66,453.27,0.455078125
452.55,446.05,0.3720703125
452.55,443.16,0.3876953125
452.55,441.72,0.4130859375
452.55,446.05,0.52734375
452.55,454.72,0.5595703125
454.0,457.61,0.5302734375
455.44,459.05,0.2822265625

297.97,434.49,0.005859375
305.19,444.6,0.3671875
315.3,459.05,0.4521484375
328.31,473.5,0.46875
342.75,483.61,0.4638671875
361.53,489.39,0.3564453125
368.76,489.39,0.193359375

334.09,480.72,0.236328125
344.2,490.84,0.3154296875
368.76,506.73,0.3916015625
383.21,512.51,0.400390625
394.76,516.84,0.37109375
399.1,518.28,0.26171875

325.42,418.6,0.158203125
328.31,425.82,0.392578125
335.53,437.38,0.458984375
345.64,451.83,0.501953125
360.09,464.83,0.453125
365.87,467.72,0.2705078125

315.3,420.05,0.005859375
313.86,420.05,0.0029296875
321.08,430.16,0.4775390625
332.64,444.6,0.541015625
347.09,459.05,0.599609375
361.53,470.61,0.6083984375
374.54,476.39,0.6162109375
386.09,477.83,0.515625
387.54,473.5,0.271484375

543.57,425.82,0.0068359375
542.12,427.27,0.4560546875
536.34,438.83,0.462890625
533.45,443.16,0.443359375
530.56,447.49,0.25390625

306.64,297.25,0.2685546875
313.86,317.47,0.4541015625
336.98,339.14,0.5576171875
364.42,359.37,0.6142578125
388.98,376.7,0.6240234375
416.43,388.26,0.6298828125
426.55,388.26,0.5751953125
427.99,383.93,0.41015625
426.55,379.59,0.2451171875

331.2,333.36,0.0068359375
341.31,344.92,0.3359375
361.53,360.81,0.4658203125
386.09,375.26,0.4833984375
404.88,383.93,0.4736328125
416.43,388.26,0.2744140625

396.21,381.04,0.0009765625
401.99,383.93,0.1796875
410.65,385.37,0.1171875

540.68,318.92,0.3466796875
540.68,323.25,0.5283203125
539.23,333.36,0.57421875
529.12,356.48,0.607421875
520.45,369.48,0.6162109375
513.23,375.26,0.595703125
510.34,376.7,0.5419921875
520.45,365.15,0.1728515625

549.35,342.03,0.021484375
549.35,346.37,0.466796875
539.23,365.15,0.591796875
527.67,375.26,0.556640625
517.56,381.04,0.3173828125

469.89,486.5,0.021484375
487.22,486.5,0.3095703125
495.89,482.17,0.28125
527.67,463.39,0.2900390625
543.57,450.38,0.0458984375

