436.89,170.71,0.07999999999999999
444.12,170.71,0.07999999999999999
449.91,170.71,0.039999999999999994

486.08,162.03,0.07999999999999999
481.74,162.03,0.07999999999999999
478.84,162.03,0.003

379.02,166.37,0.07999999999999999
383.36,166.37,0.027639526367187497
396.38,164.92,0.051632751464843744
406.51,163.47,0.06705343627929687
416.64,163.47,0.07316442871093749
432.55,163.47,0.07992385864257813
441.23,164.92,0.08496722412109374
470.16,166.37,0.09397479248046875
491.86,166.37,0.0920377197265625
500.54,166.37,0.06607025146484374
506.33,167.81,0.010491973876953125

442.68,455.7,0.07999999999999999
447.02,455.7,0.04475
449.91,455.7,0.033
457.14,457.14,0.0
461.48,457.14,0.0
467.27,457.14,0.0
474.5,457.14,0.012872711181640623
490.42,457.14,0.02221536254882812
500.54,458.59,0.022058197021484375
509.22,458.59,0.021901031494140622
513.56,458.59,0.02182244873046875

468.72,455.7,0.07999999999999999
470.16,455.7,0.04831298828125
481.74,454.25,0.029409759521484374
487.52,454.25,0.035428955078125
499.1,455.7,0.038676513671874996
510.67,455.7,0.05475070190429687
520.8,455.7,0.055920654296875
548.28,460.04,0.048123321533203124
552.62,460.04,0.04724368286132812

368.9,598.92,0.07999999999999999
374.68,598.92,0.01671438598632812
384.81,598.92,0.0
407.96,598.92,0.04484841918945312
418.08,601.81,0.029056884765624996
426.76,603.25,0.00841363525390625
434.0,603.25,0.00075970458984375
436.89,603.25,0.0
431.1,603.25,0.0
423.87,603.25,0.0023168029785156246
416.64,603.25,0.0038276062011718746

350.09,609.04,0.07999999999999999
352.98,609.04,0.012179412841796874
360.22,609.04,0.0249820556640625
370.34,609.04,0.05441482543945312
384.81,607.59,0.07941650390624999
400.72,606.15,0.08744973754882812
418.08,606.15,0.08714123535156248
435.44,606.15,0.053386840820312496
441.23,606.15,0.04694140625

436.89,163.47,0.07999999999999999
438.34,162.03,0.029224029541015623
438.34,160.58,0.026088348388671873
439.78,159.13,0.028622344970703123
436.89,160.58,0.06824053955078124
434.0,163.47,0.07501126098632813
425.32,167.81,0.08907202148437499
419.53,170.71,0.09264529418945312
413.74,176.49,0.09567984008789061
410.85,180.83,0.09292535400390624
402.17,193.85,0.09197763061523437
396.38,202.53,0.0911866455078125
389.15,215.55,0.08869805908203124
383.36,227.12,0.08870809936523437
380.47,240.14,0.0723179931640625
379.02,256.06,0.05367840576171874
379.02,277.76,0.03275631713867187
381.92,295.12,0.009632659912109374
383.36,302.35,0.0006044921875

380.47,316.82,0.07999999999999999
381.92,318.26,0.035869354248046874
381.92,321.16,0.046920135498046876
383.36,324.05,0.05679626464843749
383.36,326.94,0.05706307983398437
383.36,331.28,0.06338186645507811
380.47,338.52,0.06995050048828125
374.68,344.3,0.07694097900390624
368.9,351.54,0.08465017700195311
360.22,357.32,0.09139920043945313
350.09,364.56,0.09187326049804688
345.75,367.45,0.09609793090820312
338.52,370.34,0.06626446533203124
334.18,370.34,0.04082492065429687
328.39,371.79,0.0019619140625

532.37,172.15,0.07999999999999999
533.82,172.15,0.026093536376953122
536.71,172.15,0.04148547363281249
541.05,172.15,0.05120693969726562
545.39,172.15,0.05207077026367187
551.18,173.6,0.058604736328125
556.96,176.49,0.067093994140625
561.3,177.94,0.07532119750976561
565.64,180.83,0.07639062499999999
569.98,183.73,0.07920120239257812
572.88,183.73,0.07120193481445312
574.32,185.17,0.05265460205078125
574.32,186.62,0.0018685302734374998

555.52,190.96,0.07999999999999999
555.52,189.51,0.017625
555.52,188.07,0.015710601806640623
556.96,186.62,0.018622100830078123
558.41,188.07,0.022306243896484373
561.3,192.41,0.028738067626953124
562.75,201.08,0.03417745971679687
567.09,214.1,0.03816680908203125
569.98,231.46,0.038276245117187496
572.88,245.93,0.03865966796874999
577.22,258.95,0.038709716796875
580.11,267.63,0.03789227294921875
581.56,271.97,0.025523651123046876
583.0,271.97,0.024673065185546874

581.56,284.99,0.07999999999999999

581.56,286.44,0.07999999999999999
580.11,286.44,0.000375

580.11,279.2,0.07999999999999999
577.22,280.65,0.051022216796875
574.32,284.99,0.05847421264648437
569.98,290.78,0.06103695678710937
568.54,293.67,0.06749411010742187
565.64,298.01,0.05496487426757812
564.2,300.9,0.014386871337890622

565.64,399.28,0.07999999999999999
564.2,409.4,0.034027038574218745
555.52,429.66,0.04027301025390625
543.94,445.57,0.042784759521484375
539.6,449.91,0.04380484008789062
538.16,451.36,0.043062713623046874
539.6,449.91,0.036299224853515624
541.05,447.02,0.025534912109375

565.64,324.05,0.07999999999999999
565.64,322.6,0.07999999999999999
565.64,321.16,0.02416363525390625
565.64,319.71,0.0061676025390625
565.64,318.26,0.006033203125
565.64,316.82,0.00307330322265625

568.54,305.24,0.07999999999999999
568.54,306.69,0.07999999999999999
568.54,308.14,0.010064453125000001
568.54,309.58,0.011818664550781248
572.88,319.71,0.029476287841796872
575.77,324.05,0.03492596435546875
580.11,328.39,0.04184024047851562
583.0,332.73,0.0482528076171875
584.45,337.07,0.04892645263671874
585.9,338.52,0.04839016723632812
585.9,341.41,0.0534180908203125
584.45,341.41,0.04964047241210937
583.0,341.41,0.04026788330078125
578.66,337.07,0.030003845214843745
572.88,329.84,0.024572601318359373
568.54,322.6,0.0227755126953125
565.64,318.26,0.0247205810546875
564.2,315.37,0.04196875
562.75,315.37,0.059564392089843744
562.75,318.26,0.06864962768554687
565.64,321.16,0.06708197021484374
571.43,325.5,0.05628512573242187
574.32,331.28,0.055547576904296875
578.66,337.07,0.06506408691406249
581.56,342.86,0.06594143676757812
584.45,345.75,0.06638931274414062
585.9,348.64,0.065941650390625
587.34,351.54,0.060208709716796864
587.34,352.98,0.059418823242187495
587.34,354.43,0.033082489013671876

585.9,352.98,0.07999999999999999
587.34,352.98,0.0006249999999999999
587.34,354.43,0.0006249999999999999

588.79,354.43,0.07999999999999999
581.56,358.77,0.07028802490234375
569.98,366.0,0.09028497314453124
564.2,370.34,0.09194226074218749
564.2,371.79,0.014585784912109375
567.09,370.34,0.0

568.54,373.24,0.07999999999999999
568.54,371.79,0.0009391479492187499
568.54,370.34,0.0009043884277343749
569.98,370.34,0.0009151611328125
568.54,370.34,0.001131317138671875
568.54,371.79,0.001141815185546875
567.09,373.24,0.0012464294433593749

565.64,371.79,0.07999999999999999
565.64,373.24,0.03386187744140624
565.64,374.68,0.03698858642578125
565.64,376.13,0.03943679809570312
567.09,379.02,0.035625
567.09,380.47,0.03706719970703125
567.09,379.02,0.03568276977539062
565.64,377.58,0.035495452880859375
564.2,374.68,0.0354793701171875
562.75,373.24,0.03546707153320312
562.75,371.79,0.042282745361328124
562.75,370.34,0.053610473632812496
562.75,371.79,0.066480224609375
562.75,376.13,0.07344458007812499
562.75,379.02,0.08146429443359375
562.75,381.92,0.08346649169921874
564.2,384.81,0.08336529541015625
564.2,386.26,0.08465139770507811
564.2,387.7,0.07688775634765624
564.2,389.15,0.06741616821289062
564.2,390.6,0.053107788085937496
564.2,389.15,0.04694619750976563
562.75,386.26,0.04029190063476562
562.75,384.81,0.040898437499999996
562.75,380.47,0.04061294555664062
562.75,379.02,0.039710113525390625
562.75,380.47,0.05099807739257812
562.75,383.36,0.05789669799804687
564.2,386.26,0.06113265991210937
564.2,389.15,0.061980560302734376
565.64,390.6,0.061604827880859366
565.64,392.04,0.06078970336914062
565.64,390.6,0.04449652099609375
564.2,387.7,0.03381649780273437
562.75,381.92,0.023565002441406246
561.3,380.47,0.026836944580078122
561.3,379.02,0.03377188110351562
562.75,380.47,0.04337539672851562
564.2,380.47,0.04407003784179687
564.2,381.92,0.04310159301757812
565.64,383.36,0.04247106933593749
565.64,384.81,0.04170391845703125
565.64,386.26,0.04778506469726562
565.64,387.7,0.06373880004882812
564.2,389.15,0.06600866699218749
564.2,390.6,0.06855081176757812
562.75,392.04,0.0740174560546875
561.3,393.49,0.08060302734375
561.3,394.94,0.08756024169921874
559.86,396.38,0.09538299560546874
559.86,397.83,0.011148742675781248
559.86,399.28,0.005142028808593749
558.41,402.17,0.020426971435546875
558.41,403.62,0.03169564819335937
558.41,405.06,0.046953002929687494
556.96,407.96,0.05598895263671875
556.96,409.4,0.060212219238281246
556.96,410.85,0.0677872314453125
556.96,409.4,0.06105480957031249
556.96,407.96,0.05153915405273437
556.96,403.62,0.04134060668945312
556.96,400.72,0.036903106689453125
558.41,399.28,0.03911459350585937
558.41,397.83,0.04142715454101562
558.41,400.72,0.07870394897460936
558.41,403.62,0.08199365234375
558.41,407.96,0.08601968383789062
558.41,410.85,0.09053216552734374
558.41,412.3,0.092014892578125
558.41,413.74,0.09195266723632811
558.41,415.19,0.09488229370117186
556.96,415.19,0.08936135864257812
555.52,416.64,0.08958251953124999
554.07,418.08,0.08962499999999998
552.62,419.53,0.08962499999999998
551.18,422.42,0.08511087036132811
549.73,423.87,0.07560916137695312
548.28,425.32,0.07214395141601562
549.73,423.87,0.01845587158203125
551.18,422.42,0.025252990722656247
551.18,420.98,0.024139007568359374
552.62,420.98,0.032465026855468745
551.18,420.98,0.053537933349609365
549.73,422.42,0.06601333618164062
549.73,423.87,0.06792001342773436
548.28,425.32,0.07360653686523437
546.84,426.76,0.08000961303710936
545.39,429.66,0.08270440673828124
543.94,434.0,0.08674960327148437
542.5,439.78,0.09097216796874999
541.05,444.12,0.09330609130859374
539.6,448.46,0.09484381103515625
539.6,451.36,0.09772903442382812
539.6,454.25,0.09494885253906249
539.6,455.7,0.09380682373046874
539.6,457.14,0.09314315795898437
538.16,458.59,0.09267333984375
538.16,460.04,0.08979931640625
538.16,461.48,0.08786297607421875
536.71,462.93,0.08689236450195312
535.26,462.93,0.08036807250976562
535.26,464.38,0.07663189697265624
533.82,464.38,0.07371743774414062
532.37,464.38,0.06933355712890625
530.92,465.82,0.05360757446289063
528.03,465.82,0.033234130859374995
523.69,467.27,0.02279400634765625
519.35,467.27,0.013144897460937499
516.46,467.27,0.007648132324218748

435.44,386.26,0.07999999999999999
435.44,387.7,0.019999999999999997
436.89,390.6,0.0

435.44,377.58,0.07999999999999999
435.44,380.47,0.07999999999999999
438.34,389.15,0.009022216796875
439.78,394.94,0.01144921875
441.23,397.83,0.012210357666015624
441.23,399.28,0.012071594238281249
442.68,399.28,0.011923858642578123
441.23,397.83,0.013671539306640624
439.78,394.94,0.01351885986328125
436.89,389.15,0.013478179931640624
434.0,380.47,0.013215087890625
432.55,377.58,0.016150543212890625
432.55,376.13,0.033069824218749995
432.55,377.58,0.03429940795898437
434.0,384.81,0.046396667480468744
436.89,393.49,0.05487069702148437
438.34,400.72,0.056829925537109374
439.78,406.51,0.04722640991210937
441.23,410.85,0.05017819213867187
444.12,413.74,0.026922454833984373

444.12,415.19,0.07999999999999999
445.57,416.64,0.017249999999999998
449.91,418.08,0.028268310546874998
455.7,420.98,0.04241156005859374
464.38,423.87,0.05100390625
465.82,425.32,0.05308868408203125
470.16,426.76,0.06012585449218749
474.5,431.1,0.0654864501953125
478.84,434.0,0.07082791137695311
483.18,436.89,0.06908703613281249
487.52,439.78,0.0732698974609375
491.86,441.23,0.06976150512695313
496.2,442.68,0.06510665893554686
500.54,444.12,0.059218078613281246
503.44,444.12,0.05986782836914062
506.33,445.57,0.055967041015624996
509.22,445.57,0.05534979248046874
510.67,447.02,0.05045846557617187
512.12,447.02,0.04328460693359375
513.56,447.02,0.035777740478515625
513.56,448.46,0.032105285644531245
515.01,448.46,0.011771942138671875

413.74,329.84,0.07999999999999999
409.4,332.73,0.026659118652343747
407.96,339.96,0.011788482666015624
409.4,345.75,0.010365447998046874
410.85,350.09,0.001187103271484375

422.42,361.66,0.07999999999999999
422.42,363.11,0.05089138793945312
420.98,363.11,0.048626617431640616
419.53,364.56,0.05643118286132812
418.08,367.45,0.053850128173828116
415.19,370.34,0.05823632812499999
413.74,371.79,0.061538330078124995
412.3,371.79,0.06525057983398437
412.3,370.34,0.015837432861328125
410.85,364.56,0.0
410.85,361.66,0.0

413.74,300.9,0.07999999999999999
412.3,298.01,0.07999999999999999
410.85,296.56,0.03973574829101562
409.4,298.01,0.04446685791015625
409.4,300.9,0.047139984130859375
406.51,306.69,0.03976123046875
403.62,313.92,0.04028973388671875
400.72,321.16,0.04042718505859375
399.28,328.39,0.041111450195312496
399.28,332.73,0.03885974121093749
399.28,335.62,0.025231262207031247
397.83,337.07,0.0
396.38,338.52,0.0

394.94,339.96,0.07999999999999999
393.49,339.96,0.07999999999999999
393.49,341.41,0.041249999999999995
393.49,342.86,0.02157110595703125
393.49,344.3,0.028141204833984374
394.94,347.2,0.03859075927734375
396.38,351.54,0.04872979736328125
399.28,357.32,0.05860104370117187
405.06,363.11,0.06834927368164062
409.4,367.45,0.07079290771484374
412.3,368.9,0.07532131958007811
413.74,371.79,0.07328366088867187
415.19,371.79,0.07075839233398437
413.74,371.79,0.0691507568359375
412.3,368.9,0.02715447998046875
410.85,363.11,0.0040198974609375

397.83,312.48,0.07999999999999999
396.38,311.03,0.07999999999999999
393.49,308.14,0.058018005371093744
392.04,306.69,0.04080255126953125
392.04,305.24,0.050889099121093746
393.49,303.8,0.03893048095703125
396.38,302.35,0.03832043457031249
396.38,300.9,0.03770159912109374
397.83,300.9,0.03647610473632812
399.28,299.46,0.04153140258789063
400.72,299.46,0.042952362060546874
403.62,298.01,0.04560379028320312
406.51,298.01,0.04862921142578125
410.85,296.56,0.05419302368164062
413.74,296.56,0.057864135742187496
416.64,296.56,0.058868896484374995
419.53,298.01,0.062066528320312495
420.98,299.46,0.06302786254882813
422.42,300.9,0.06640396118164062
425.32,303.8,0.06839675903320312
428.21,305.24,0.0682509765625
428.21,306.69,0.06786672973632812
425.32,305.24,0.0066954040527343744

413.74,303.8,0.07999999999999999
410.85,303.8,0.075125
409.4,306.69,0.0605517578125
407.96,309.58,0.05583053588867187
406.51,313.92,0.05885989379882812
403.62,321.16,0.061156555175781245
400.72,326.94,0.06012509155273437
399.28,329.84,0.05924252319335937
400.72,326.94,0.02789013671875
400.72,325.5,0.01340704345703125
402.17,324.05,0.0

407.96,311.03,0.07999999999999999
406.51,311.03,0.0604375
409.4,311.03,0.04283697509765625
418.08,313.92,0.0510235595703125
422.42,315.37,0.05266140747070312
423.87,318.26,0.056627380371093744
425.32,318.26,0.058922698974609375
423.87,316.82,0.008354675292968749

439.78,305.24,0.07999999999999999
438.34,306.69,0.048562499999999995
441.23,305.24,0.022931396484374998
444.12,303.8,0.024925018310546873
447.02,302.35,0.025585571289062498
451.36,299.46,0.02666326904296875
457.14,298.01,0.02733966064453125
460.04,295.12,0.029099792480468747
462.93,293.67,0.030277740478515624
461.48,295.12,0.029900604248046875
457.14,296.56,0.014019165039062498
452.8,299.46,0.00028421020507812496
448.46,299.46,0.0

447.02,290.78,0.07999999999999999
448.46,290.78,0.049312499999999995
451.36,289.33,0.018625
457.14,284.99,0.017326141357421873
468.72,276.31,0.0038073425292968746
471.61,273.42,0.0008439331054687499

478.84,263.29,0.07999999999999999
478.84,261.84,0.03528125
477.4,261.84,0.02858294677734375
474.5,263.29,0.04439553833007812
468.72,266.18,0.05400747680664062
461.48,269.08,0.05940866088867187
449.91,273.42,0.06502597045898437
439.78,277.76,0.06813107299804687
434.0,280.65,0.06567395019531248
432.55,280.65,0.05861236572265625
436.89,277.76,0.0018278503417968749
444.12,273.42,0.0

478.84,251.72,0.07999999999999999
483.18,247.38,0.05189688110351562
483.18,245.93,0.03470004272460937
478.84,245.93,0.0669117431640625
473.06,247.38,0.07332876586914062
464.38,250.27,0.06405859374999999
457.14,253.16,0.07074557495117188
452.8,254.61,0.05221917724609375
451.36,254.61,0.023775604248046874
454.25,251.72,0.0035178222656249997
458.59,248.82,0.0

487.52,230.02,0.07999999999999999
490.42,228.57,0.07999999999999999
490.42,227.12,0.05143667602539062
487.52,228.57,0.04584259033203125
483.18,231.46,0.027756835937499995
478.84,232.91,0.03264059448242187
475.95,234.36,0.020466369628906248
475.95,232.91,0.019906341552734373
477.4,231.46,0.0
477.4,230.02,0.0

491.86,219.89,0.07999999999999999
494.76,217.0,0.04754132080078125
496.2,215.55,0.01426287841796875
497.65,214.1,0.016558868408203125
500.54,212.66,0.01687603759765625
500.54,211.21,0.017925933837890626
499.1,211.21,0.01757757568359375
494.76,211.21,0.022308197021484375
491.86,211.21,0.02363134765625
487.52,211.21,0.04388272094726562
483.18,211.21,0.05919354248046874
480.29,211.21,0.05996658325195312
478.84,211.21,0.05964413452148437
480.29,209.76,0.04808218383789062
484.63,209.76,0.03940158081054687
491.86,206.87,0.03628363037109375
499.1,205.42,0.03646286010742187
504.88,203.98,0.03760733032226562
509.22,202.53,0.036876220703125
512.12,202.53,0.03512661743164062
513.56,202.53,0.028156433105468746
510.67,202.53,0.02363458251953125
506.33,203.98,0.019081085205078126
501.99,205.42,0.01130950927734375
499.1,206.87,0.0040565490722656245
497.65,206.87,6.005859374999999e-05
496.2,206.87,0.004751617431640625
499.1,205.42,0.013770416259765625
501.99,205.42,0.014593231201171874
503.44,205.42,0.014623260498046874
504.88,205.42,0.010423645019531249

501.99,205.42,0.07999999999999999
501.99,206.87,0.026755218505859373
499.1,209.76,0.028767761230468748
494.76,217.0,0.034921142578124995
490.42,227.12,0.041890716552734374
486.08,240.14,0.04329269409179687
483.18,253.16,0.04293557739257812
481.74,264.74,0.04434243774414062
481.74,273.42,0.042087158203124996
481.74,279.2,0.04207766723632812
480.29,283.54,0.042285522460937496
478.84,286.44,0.04485302734375
475.95,287.88,0.04499212646484375
473.06,289.33,0.028412353515624995
470.16,289.33,0.0122210693359375
468.72,289.33,0.0005161743164062499

449.91,302.35,0.07999999999999999
448.46,303.8,0.07999999999999999
447.02,303.8,0.05245980834960937
445.57,303.8,0.029417022705078122
452.8,303.8,0.054198089599609374
458.59,303.8,0.06428311157226563
461.48,303.8,0.07072927856445313
467.27,302.35,0.0744000244140625
471.61,299.46,0.08231768798828125
477.4,293.67,0.07595715332031248
483.18,289.33,0.07138729858398436
488.97,282.1,0.05760476684570313
493.31,277.76,0.04541909790039062
494.76,271.97,0.03605194091796875
497.65,267.63,0.026501678466796873
499.1,261.84,0.03809686279296875
500.54,254.61,0.032132965087890625
503.44,247.38,0.02419573974609375
503.44,241.59,0.0208673095703125
504.88,238.7,0.020805236816406246
504.88,235.8,0.022571197509765623
504.88,231.46,0.032233917236328125
504.88,228.57,0.041513793945312495
504.88,225.68,0.044262756347656244
504.88,222.78,0.04421139526367187
504.88,219.89,0.04816268920898437
503.44,217.0,0.051114349365234374
503.44,214.1,0.053332641601562494
504.88,211.21,0.05482644653320312
507.78,208.32,0.05449945068359375
509.22,208.32,0.053867553710937495
513.56,206.87,0.061126342773437495
519.35,206.87,0.062331695556640615
529.48,203.98,0.06858218383789062
533.82,203.98,0.06739962768554687
542.5,203.98,0.06694317626953125
548.28,203.98,0.066428466796875
552.62,205.42,0.06635940551757813
554.07,205.42,0.05822396850585937
554.07,206.87,0.05755978393554687
552.62,205.42,0.04842282104492187
551.18,203.98,0.017890106201171874
551.18,205.42,0.0
552.62,206.87,0.0
554.07,206.87,0.03197637939453125
555.52,208.32,0.04829022216796875
556.96,209.76,0.05565054321289062
558.41,209.76,0.055478881835937494
558.41,211.21,0.05593978881835937
558.41,209.76,0.0627021484375
556.96,209.76,0.041675323486328124
555.52,208.32,0.03082949829101562
558.41,205.42,0.08131442260742187
565.64,199.64,0.07843453979492188
572.88,195.3,0.0723118896484375
572.88,193.85,0.06047232055664062
572.88,196.75,0.005674591064453125
568.54,201.08,0.0
567.09,203.98,0.0
565.64,203.98,0.013870941162109374
567.09,201.08,0.06402194213867188
571.43,198.19,0.06592919921875
572.88,196.75,0.062291625976562494
575.77,193.85,0.062296264648437495
577.22,193.85,0.06608609008789063
578.66,192.41,0.06805053710937499
578.66,190.96,0.07026123046874999
577.22,190.96,0.0709263916015625
575.77,189.51,0.07140252685546875
572.88,188.07,0.07096286010742187
568.54,186.62,0.06792843627929686
562.75,183.73,0.050248535156249996
555.52,182.28,0.04376568603515625
548.28,179.39,0.043303161621093746
543.94,177.94,0.04421157836914062
539.6,175.05,0.04818710327148437
536.71,172.15,0.05440689086914062
536.71,170.71,0.05606112670898437
536.71,169.26,0.05693145751953125
538.16,169.26,0.07430850219726562
541.05,170.71,0.088630126953125
545.39,172.15,0.09969665527343749
548.28,175.05,0.1087484130859375
552.62,177.94,0.11059240722656248
556.96,180.83,0.11487048339843749
562.75,182.28,0.12079217529296873
565.64,183.73,0.11380462646484374
568.54,186.62,0.11446646118164061
569.98,188.07,0.113896728515625
567.09,186.62,0.12995971679687499
564.2,183.73,0.11324826049804687
559.86,182.28,0.10034332275390624
549.73,176.49,0.06585836791992186
541.05,173.6,0.05895004272460937
535.26,170.71,0.06150363159179687
529.48,166.37,0.06973971557617187
522.24,164.92,0.07401580810546875
513.56,163.47,0.07579330444335937
506.33,162.03,0.07591702270507812
501.99,160.58,0.07656393432617187
496.2,160.58,0.0641197509765625
493.31,160.58,0.06213760375976562
491.86,160.58,0.06017715454101562
493.31,160.58,0.026512969970703123
496.2,160.58,0.010482208251953125
499.1,160.58,0.004886138916015624
500.54,162.03,0.0
503.44,162.03,0.0
503.44,160.58,0.05272634887695312
501.99,159.13,0.06094110107421875
497.65,157.69,0.06940377807617187
494.76,157.69,0.07457717895507812
483.18,157.69,0.08315402221679687
470.16,159.13,0.09111773681640624
454.25,162.03,0.08788458251953124
441.23,163.47,0.09206961059570312
429.66,163.47,0.09521472167968749
416.64,164.92,0.0966875
406.51,167.81,0.08784841918945312
397.83,170.71,0.07718667602539062
393.49,173.6,0.07426065063476563
390.6,173.6,0.0671693115234375
392.04,175.05,0.021241912841796873
394.94,175.05,0.0
396.38,175.05,0.0

409.4,164.92,0.07999999999999999
409.4,163.47,0.009123962402343748
409.4,162.03,0.010998840332031249
407.96,162.03,0.01820068359375
406.51,162.03,0.021819580078124998
405.06,162.03,0.025554626464843747
405.06,160.58,0.03141497802734375
403.62,160.58,0.0377327880859375
402.17,164.92,0.047718505859374996
399.28,167.81,0.04917935180664062
399.28,170.71,0.04915771484375
400.72,170.71,0.03971054077148437
402.17,167.81,0.026743255615234374
403.62,166.37,0.0259659423828125
405.06,163.47,0.025738525390624996
406.51,160.58,0.022507843017578123
406.51,157.69,0.023340759277343748
406.51,156.24,0.025053253173828123
406.51,154.79,0.027633911132812498
405.06,156.24,0.05611141967773437
399.28,163.47,0.06186920166015625
390.6,175.05,0.06549758911132812
379.02,192.41,0.06891854858398437
367.45,212.66,0.07103811645507811
355.88,232.91,0.07077197265625
347.2,250.27,0.0683428955078125
339.96,261.84,0.06580737304687499
337.07,269.08,0.06493939208984374
335.62,270.52,0.05941632080078125
335.62,271.97,0.04973324584960937
337.07,270.52,0.012362091064453126
337.07,271.97,0.0
335.62,274.86,0.0009075317382812499
335.62,276.31,0.004852172851562499
335.62,277.76,0.005577545166015625
335.62,279.2,0.005722686767578125
337.07,284.99,0.013623748779296873
338.52,292.22,0.023960357666015623
341.41,300.9,0.0330697021484375
347.2,312.48,0.045463531494140626
354.43,332.73,0.0640108642578125
358.77,345.75,0.0676051025390625
363.11,361.66,0.0662535400390625
364.56,371.79,0.06467840576171874
366.0,377.58,0.05739169311523437
366.0,379.02,0.041986968994140624
366.0,376.13,0.036136993408203116
363.11,367.45,0.020117187499999998
360.22,355.88,0.011117187499999999
354.43,342.86,0.0013136596679687498
350.09,329.84,0.005535675048828125
347.2,319.71,0.0
342.86,309.58,0.002577606201171875
339.96,306.69,0.004090484619140624
339.96,305.24,0.003723480224609375
337.07,305.24,0.018663330078125
335.62,305.24,0.04552120971679687
337.07,308.14,0.05480404663085937
339.96,313.92,0.06306610107421874
342.86,324.05,0.06831109619140624
344.3,331.28,0.07241098022460937
345.75,344.3,0.0764534912109375
347.2,352.98,0.07986480712890624
350.09,361.66,0.08123815917968749
352.98,370.34,0.08048489379882812
355.88,376.13,0.07973092651367188
358.77,380.47,0.07881130981445311
360.22,383.36,0.07832968139648436
363.11,384.81,0.07812499999999999
366.0,386.26,0.07812499999999999
367.45,387.7,0.07812499999999999
370.34,389.15,0.07812499999999999
371.79,389.15,0.07772528076171875
374.68,389.15,0.07768838500976562
377.58,387.7,0.077670166015625
381.92,386.26,0.07764974975585938
386.26,386.26,0.07025793457031249
393.49,383.36,0.046302978515624996
397.83,380.47,0.03857659912109375
402.17,377.58,0.0306102294921875
405.06,376.13,0.02004830932617187
406.51,376.13,0.021954742431640625
407.96,376.13,0.02330401611328125
406.51,376.13,0.06462164306640625
405.06,376.13,0.09514801025390625
403.62,376.13,0.10292791748046874
402.17,377.58,0.09847125244140624
399.28,377.58,0.08135409545898437
399.28,370.34,0.02933343505859375

393.49,173.6,0.07999999999999999
396.38,172.15,0.024953796386718748
399.28,170.71,0.019719940185546875
402.17,169.26,0.018311981201171872
403.62,167.81,0.01700827026367187
406.51,166.37,0.008773040771484374
407.96,166.37,0.0016979370117187497

412.3,164.92,0.07999999999999999
413.74,164.92,0.05611895751953125
413.74,166.37,0.036383941650390626
412.3,166.37,0.0364873046875
412.3,164.92,0.050000396728515625
412.3,163.47,0.05190878295898437
410.85,163.47,0.06374615478515624
407.96,164.92,0.0679107666015625
402.17,169.26,0.07171444702148437
394.94,175.05,0.07537545776367187
386.26,180.83,0.07894067382812499
379.02,188.07,0.09138150024414061
373.24,195.3,0.092061767578125
366.0,205.42,0.09361322021484375
357.32,218.44,0.09181329345703125
351.54,227.12,0.08986697387695311
347.2,234.36,0.08908807373046874
345.75,240.14,0.089
347.2,240.14,0.044609252929687496
351.54,234.36,0.0030038146972656246
354.43,230.02,0.001452850341796875

419.53,164.92,0.07999999999999999
420.98,164.92,0.04656249999999999
422.42,164.92,0.021484375
425.32,164.92,0.005733123779296875
428.21,163.47,0.011109283447265623
429.66,163.47,0.022278991699218747
429.66,162.03,0.048868530273437495
426.76,160.58,0.08010299682617186
420.98,160.58,0.09571676635742188
415.19,160.58,0.10470083618164062
409.4,160.58,0.11691635131835937
400.72,160.58,0.12943374633789062
392.04,160.58,0.1355753479003906
390.6,160.58,0.12942572021484375
389.15,160.58,0.11740451049804687
387.7,162.03,0.11633987426757812
383.36,166.37,0.10592010498046875
379.02,170.71,0.10564089965820313
374.68,175.05,0.10708438110351562
370.34,179.39,0.1184613037109375
364.56,190.96,0.12407247924804687
357.32,205.42,0.12820108032226563
352.98,218.44,0.12940170288085937
348.64,237.25,0.12730911254882812
345.75,254.61,0.12501144409179688
342.86,274.86,0.11801144409179685
339.96,292.22,0.10806317138671874
338.52,302.35,0.10318124389648436
338.52,309.58,0.10471829223632811
338.52,312.48,0.1014310302734375
338.52,315.37,0.09885964965820312
339.96,316.82,0.07333367919921875
339.96,315.37,0.06447366333007812
339.96,312.48,0.05584115600585937
338.52,306.69,0.033092193603515625
338.52,303.8,0.017826141357421874
338.52,302.35,0.011674774169921874
337.07,305.24,0.011316864013671874
337.07,308.14,0.0017040710449218747

396.38,162.03,0.07999999999999999
393.49,162.03,0.014343475341796873
394.94,162.03,0.03104483032226562
400.72,160.58,0.031642333984375
402.17,160.58,0.031704772949218744

363.11,383.36,0.07999999999999999
361.66,383.36,0.07999999999999999
360.22,383.36,0.04480783081054687
358.77,381.92,0.01852069091796875
358.77,380.47,0.03792572021484375
360.22,380.47,0.04492532348632812
361.66,380.47,0.04951571655273437
363.11,380.47,0.0574210205078125
364.56,380.47,0.06276727294921874
366.0,381.92,0.07543759155273436
367.45,383.36,0.07843817138671874
368.9,384.81,0.08726400756835936
368.9,386.26,0.09140481567382812
370.34,387.7,0.09414389038085937
370.34,389.15,0.0976317138671875
371.79,389.15,0.09796902465820312
371.79,390.6,0.10003280639648436
373.24,392.04,0.10207998657226562
374.68,392.04,0.10342996215820312
374.68,393.49,0.10776376342773436
376.13,392.04,0.13354141235351563
376.13,390.6,0.13158200073242188
377.58,389.15,0.12934240722656248
379.02,390.6,0.13093566894531247
379.02,392.04,0.14571237182617186
379.02,394.94,0.16539196777343748
377.58,396.38,0.17817996215820311
376.13,400.72,0.18264385986328122
374.68,403.62,0.18357147216796874
371.79,409.4,0.18110330200195313
370.34,415.19,0.1737616271972656
367.45,420.98,0.15002270507812498
366.0,425.32,0.11880603027343749
366.0,426.76,0.09032638549804686
364.56,428.21,0.059706970214843745
364.56,429.66,0.041479583740234374
363.11,429.66,0.034542724609375
363.11,428.21,0.039668487548828124
363.11,426.76,0.047124237060546866
363.11,423.87,0.04739862060546875
364.56,420.98,0.04525643920898437
364.56,419.53,0.045505432128906245
361.66,422.42,0.04563592529296875
358.77,428.21,0.04630487060546875
355.88,434.0,0.04567828369140625
351.54,436.89,0.0305889892578125
348.64,439.78,0.027513031005859372
347.2,439.78,0.01609417724609375
345.75,439.78,0.0034941101074218747

357.32,389.15,0.07999999999999999
357.32,387.7,0.008046722412109374
357.32,386.26,0.02265475463867187
358.77,386.26,0.03830181884765625
360.22,389.15,0.0703878173828125
360.22,392.04,0.09049145507812499
360.22,394.94,0.10476763916015625
360.22,397.83,0.1146424560546875
360.22,402.17,0.12066741943359374
357.32,407.96,0.12607672119140623
354.43,415.19,0.13453729248046875
350.09,422.42,0.13447140502929686
345.75,428.21,0.14068441772460935
342.86,432.55,0.14624160766601563
337.07,438.34,0.14986514282226562
332.73,441.23,0.14917169189453122
328.39,444.12,0.14854852294921875
325.5,445.57,0.14893505859374997
324.05,447.02,0.13948825073242185
322.6,447.02,0.11578250122070312
321.16,447.02,0.11041146850585937
319.71,445.57,0.09787750244140624
321.16,444.12,0.0
322.6,442.68,0.0

332.73,432.55,0.07999999999999999
331.28,434.0,0.04673458862304687
328.39,434.0,0.050227416992187496
326.94,435.44,0.05702926635742187
322.6,435.44,0.062342895507812496
319.71,435.44,0.06267611694335938
318.26,435.44,0.06214678955078125
315.37,434.0,0.062907958984375
313.92,432.55,0.0622427978515625
312.48,432.55,0.059339233398437496
312.48,434.0,0.017498809814453124
313.92,435.44,0.0

316.82,441.23,0.07999999999999999
315.37,441.23,0.07999999999999999
313.92,442.68,0.0439375
312.48,444.12,0.007875
309.58,444.12,0.006544158935546874
309.58,445.57,0.006122344970703125
308.14,445.57,0.006156890869140624
309.58,445.57,0.006097381591796874
311.03,444.12,0.006286773681640624
313.92,442.68,0.006375
316.82,442.68,0.006375
318.26,441.23,0.014175567626953123
319.71,441.23,0.024576629638671875
318.26,441.23,0.07668286132812499
315.37,441.23,0.11566531372070311
309.58,442.68,0.14097250366210937
303.8,444.12,0.15706668090820314
290.78,449.91,0.17456942749023435
279.2,457.14,0.17840802001953124
270.52,462.93,0.16108917236328124
264.74,467.27,0.14166607666015624
261.84,470.16,0.11230731201171874
260.4,473.06,0.07161392211914062
261.84,473.06,0.015148681640625
261.84,474.5,0.0030927429199218747

264.74,501.99,0.07999999999999999
261.84,500.54,0.022066345214843748
261.84,499.1,0.011625091552734374
260.4,497.65,0.012972839355468748

261.84,494.76,0.07999999999999999
261.84,496.2,0.07999999999999999
260.4,496.2,0.025827728271484374
260.4,494.76,0.0063857116699218746
260.4,493.31,0.004716033935546875
260.4,491.86,0.004479003906249999
260.4,490.42,0.004213592529296875
261.84,487.52,0.00345556640625
261.84,486.08,0.0032418823242187497
261.84,484.63,0.011153167724609375
261.84,483.18,0.01838470458984375
263.29,483.18,0.021586273193359373
263.29,481.74,0.022598907470703124
264.74,480.29,0.0204713134765625
266.18,480.29,0.02091162109375
269.08,478.84,0.02103253173828125
271.97,475.95,0.01973138427734375
273.42,474.5,0.017734619140625
274.86,473.06,0.01724481201171875
276.31,473.06,0.016969055175781247
276.31,471.61,0.025089416503906246
274.86,477.4,0.055932739257812496
271.97,486.08,0.067536865234375
267.63,500.54,0.07179437255859375
264.74,517.9,0.073326904296875
261.84,530.92,0.08080426025390625
260.4,541.05,0.08645938110351561
260.4,546.84,0.08602761840820312
260.4,548.28,0.08507119750976562
260.4,543.94,0.06562316894531249
260.4,538.16,0.04315179443359375
260.4,533.82,0.019318145751953123
260.4,528.03,0.0

261.84,548.28,0.07999999999999999
263.29,548.28,0.005078125
270.52,551.18,0.04071893310546875
280.65,554.07,0.04800961303710938
295.12,556.96,0.07141433715820313
313.92,562.75,0.08536621093749999
331.28,568.54,0.08627294921874999
348.64,571.43,0.08675714111328124
358.77,574.32,0.08978082275390625
366.0,578.66,0.08400360107421874
371.79,583.0,0.07939212036132812
374.68,584.45,0.07701446533203124
374.68,585.9,0.06460333251953125
373.24,585.9,0.01323040771484375

366.0,588.79,0.07999999999999999
367.45,590.24,0.020749999999999998
368.9,593.13,0.001

355.88,584.45,0.07999999999999999
358.77,584.45,0.014725921630859375
360.22,585.9,0.03345083618164062
368.9,590.24,0.05862582397460937
379.02,597.47,0.09217239379882812
383.36,600.36,0.10603704833984375
387.7,601.81,0.10397640991210937
390.6,606.15,0.11064144897460935
392.04,606.15,0.10956484985351563
392.04,609.04,0.11356332397460937
393.49,610.49,0.11019470214843749
393.49,611.93,0.10702487182617186

286.44,565.64,0.07999999999999999
284.99,565.64,0.049561645507812495
284.99,567.09,0.039397064208984374
286.44,568.54,0.04322061157226562
292.22,571.43,0.0637254638671875
300.9,574.32,0.08021765136718749
309.58,580.11,0.10030404663085936
319.71,585.9,0.10534841918945312
331.28,593.13,0.11632040405273436
344.3,598.92,0.12641864013671875
357.32,603.25,0.12200683593749999
366.0,604.7,0.12250418090820311
379.02,609.04,0.12262527465820311
383.36,611.93,0.1229407043457031
387.7,616.27,0.12748284912109373
390.6,617.72,0.1299275817871094
392.04,619.17,0.13369497680664064
392.04,617.72,0.08328930664062499
393.49,617.72,0.020644958496093747
393.49,616.27,0.0

396.38,620.61,0.07999999999999999
396.38,622.06,0.03370028686523437
397.83,620.61,0.045062683105468744
399.28,617.72,0.011618988037109373
399.28,616.27,0.00214373779296875

402.17,614.83,0.07999999999999999
400.72,614.83,0.05968075561523437
402.17,613.38,0.05361831665039062
403.62,611.93,0.06060049438476561
405.06,609.04,0.05742208862304687
406.51,606.15,0.06076507568359375
407.96,603.25,0.065271240234375
409.4,598.92,0.06939077758789063
409.4,596.02,0.06759732055664062
410.85,591.68,0.07065798950195312
412.3,587.34,0.07503012084960936
412.3,584.45,0.08091989135742188
412.3,580.11,0.08166342163085938
413.74,575.77,0.08420770263671874
413.74,571.43,0.08387908935546874
413.74,569.98,0.08221737670898437
413.74,567.09,0.08606332397460938
413.74,565.64,0.0939498291015625
413.74,564.2,0.10753402709960937
413.74,562.75,0.11098965454101561
412.3,562.75,0.07166799926757812

318.26,454.25,0.07999999999999999
321.16,455.7,0.048999999999999995
328.39,458.59,0.047797882080078125
337.07,462.93,0.06352203369140624
347.2,471.61,0.07397799682617187
355.88,478.84,0.07398440551757812
370.34,490.42,0.07916400146484374
374.68,497.65,0.08350125122070312
384.81,509.22,0.0865009765625
396.38,522.24,0.09018951416015625
405.06,530.92,0.08674822998046874
407.96,535.26,0.08748666381835936
410.85,541.05,0.08728280639648438
412.3,542.5,0.08757150268554686
412.3,543.94,0.08149826049804687
412.3,542.5,0.03508648681640625
413.74,541.05,0.004151519775390624

500.54,461.48,0.07999999999999999
499.1,461.48,0.0050747070312499995
497.65,460.04,0.017383758544921874
499.1,460.04,0.00463189697265625
499.1,458.59,0.018973236083984373
497.65,458.59,0.03062222290039062
496.2,457.14,0.050844238281249995
494.76,457.14,0.07666720581054688
493.31,457.14,0.10128961181640624
491.86,455.7,0.11317181396484374
490.42,455.7,0.12191934204101561
490.42,457.14,0.054999664306640626
491.86,457.14,0.0212567138671875
491.86,458.59,0.0064721679687499995
493.31,458.59,0.013679992675781249
494.76,458.59,0.021273406982421875
494.76,457.14,0.0233609619140625
496.2,457.14,0.029335571289062497
496.2,455.7,0.07207879638671874
494.76,457.14,0.096989013671875
491.86,457.14,0.10238342285156249
490.42,457.14,0.10931634521484375
488.97,458.59,0.10636141967773437
487.52,460.04,0.10526171875
486.08,461.48,0.10513458251953124
484.63,462.93,0.1045
483.18,464.38,0.1045
481.74,464.38,0.1045
481.74,465.82,0.10124307250976562
484.63,465.82,0.0

503.44,455.7,0.07999999999999999
501.99,455.7,0.087114990234375
500.54,455.7,0.08678439331054687
499.1,455.7,0.09792315673828124
496.2,457.14,0.08655853271484375
494.76,458.59,0.08633660888671875
491.86,460.04,0.0842293701171875
490.42,460.04,0.084580810546875
488.97,460.04,0.08409570312499999
487.52,461.48,0.08711419677734375
486.08,461.48,0.09073965454101561
484.63,461.48,0.09637417602539063
484.63,462.93,0.11161264038085936
483.18,464.38,0.11515701293945312
480.29,467.27,0.12725860595703126
478.84,470.16,0.13663351440429686
477.4,474.5,0.1409208984375
475.95,477.4,0.14449212646484372
474.5,481.74,0.14391976928710937
473.06,486.08,0.14247286987304686
473.06,488.97,0.14285073852539062
471.61,490.42,0.14325576782226562
470.16,493.31,0.1443802185058594
468.72,493.31,0.14550048828125
468.72,494.76,0.14517053222656248
467.27,496.2,0.14494198608398434
465.82,497.65,0.14487499999999998
462.93,499.1,0.14487499999999998
461.48,499.1,0.14487499999999998
458.59,500.54,0.1433790283203125
455.7,501.99,0.1283406982421875
451.36,504.88,0.10125241088867186
448.46,504.88,0.07223822021484375
445.57,506.33,0.057845245361328124
442.68,507.78,0.04302536010742187
444.12,507.78,0.007722869873046874
445.57,506.33,0.0
447.02,506.33,0.0
448.46,506.33,0.001256500244140625
449.91,506.33,0.0037330627441406247
452.8,504.88,0.014314086914062498
454.25,504.88,0.019245819091796873
454.25,503.44,0.029723785400390623
454.25,501.99,0.05170986938476562
455.7,500.54,0.04378030395507813
457.14,499.1,0.05002822875976562
458.59,496.2,0.05123358154296875
460.04,496.2,0.04983529663085937
457.14,496.2,0.12906161499023439
451.36,499.1,0.15305078125
447.02,500.54,0.1661924133300781
444.12,501.99,0.17352767944335937
442.68,503.44,0.18614270019531248
441.23,504.88,0.15602169799804685
439.78,507.78,0.1435833740234375
438.34,509.22,0.1362901611328125
438.34,510.67,0.10623983764648437
436.89,512.12,0.10847430419921875
438.34,510.67,0.06308273315429687
439.78,509.22,0.061169555664062486
439.78,507.78,0.09335369873046874
435.44,512.12,0.1297301025390625
434.0,516.46,0.13270980834960935
428.21,523.69,0.13355230712890626
423.87,530.92,0.1335482482910156
420.98,535.26,0.12808200073242187
418.08,541.05,0.11110858154296874
416.64,543.94,0.09897149658203123
415.19,545.39,0.07286068725585937
416.64,543.94,0.02789205932617187
419.53,538.16,0.00471026611328125
422.42,533.82,0.0

428.21,533.82,0.07999999999999999
426.76,533.82,0.07999999999999999
425.32,532.37,0.023581939697265623
423.87,529.48,0.047252044677734376
422.42,528.03,0.08228338623046874
422.42,526.58,0.09584588623046875
420.98,525.14,0.11539816284179687
419.53,523.69,0.13596408081054687
419.53,525.14,0.15800909423828124
419.53,526.58,0.15314727783203122
420.98,535.26,0.16438378906249998
422.42,542.5,0.172697021484375
423.87,548.28,0.17434933471679687
426.76,551.18,0.17354116821289062
428.21,555.52,0.1640465087890625
428.21,556.96,0.15050512695312498
425.32,555.52,0.1446695556640625
422.42,552.62,0.13207415771484377
419.53,548.28,0.12693807983398436
416.64,543.94,0.12504977416992188
415.19,541.05,0.13747055053710935
415.19,539.6,0.15688925170898435
415.19,541.05,0.1771216125488281
418.08,545.39,0.18280441284179685
420.98,551.18,0.1937845458984375
422.42,556.96,0.2067764892578125
423.87,561.3,0.21430075073242189
425.32,564.2,0.21611785888671875
425.32,565.64,0.21420349121093749
425.32,567.09,0.2141795959472656
425.32,568.54,0.21989556884765624
425.32,571.43,0.21963568115234375
423.87,574.32,0.22008038330078125
422.42,581.56,0.21774267578125
420.98,590.24,0.21706951904296873
419.53,597.47,0.21462030029296875
418.08,604.7,0.2057001953125
416.64,609.04,0.1905669250488281
415.19,611.93,0.16762826538085937
415.19,613.38,0.15036538696289062
413.74,613.38,0.11987661743164062
412.3,614.83,0.09506304931640625
409.4,614.83,0.026333526611328123
407.96,614.83,0.0

394.94,611.93,0.07999999999999999
394.94,613.38,0.07999999999999999
393.49,613.38,0.07900097656249999
397.83,617.72,0.127125
403.62,620.61,0.14804260253906248
407.96,623.51,0.17339355468749998
412.3,626.4,0.14764093017578123
413.74,627.85,0.12311334228515625

499.1,164.92,0.07999999999999999
497.65,164.92,0.05832485961914062
497.65,166.37,0.04127398681640625

497.65,163.47,0.07999999999999999
497.65,162.03,0.049561279296875
503.44,169.26,0.05200601196289062
516.46,185.17,0.07444692993164062
526.58,195.3,0.0771585693359375
535.26,208.32,0.06881253051757812
543.94,222.78,0.05785006713867187
549.73,235.8,0.042484527587890626
554.07,245.93,0.04155554199218749
556.96,253.16,0.046283691406249994
558.41,256.06,0.045259521484374995
558.41,257.5,0.04024160766601562
559.86,257.5,0.025986206054687495
558.41,257.5,0.023990203857421875
558.41,256.06,0.026110809326171873
556.96,256.06,0.027200988769531247
556.96,254.61,0.0242213134765625
556.96,253.16,0.01940728759765625
558.41,253.16,0.021983612060546873
558.41,254.61,0.0196865234375
559.86,254.61,0.02930630493164062
559.86,256.06,0.008963409423828124
561.3,256.06,0.00042724609375
561.3,254.61,0.0017454528808593748
561.3,256.06,0.0019651489257812497
562.75,257.5,0.00185137939453125
562.75,258.95,0.00185528564453125
564.2,260.4,0.0034462585449218748
564.2,261.84,0.004660064697265625
565.64,261.84,0.00497747802734375
564.2,261.84,0.003069122314453125
562.75,260.4,0.002495147705078125

543.94,218.44,0.07999999999999999
543.94,219.89,0.0220625
546.84,222.78,0.006943115234375
554.07,234.36,0.00901611328125
556.96,238.7,0.004431610107421875

558.41,250.27,0.07999999999999999
558.41,248.82,0.009999999999999998
559.86,251.72,0.07097335815429687
562.75,254.61,0.09909072875976561
564.2,258.95,0.12232019042968749
565.64,261.84,0.14629586791992186
567.09,264.74,0.16091854858398438
568.54,267.63,0.16431591796874997
569.98,270.52,0.18186767578125
569.98,271.97,0.17227743530273434
568.54,271.97,0.11130068969726563
568.54,269.08,0.04430163574218749
567.09,267.63,0.0

562.75,257.5,0.07999999999999999
561.3,256.06,0.07999999999999999
561.3,254.61,0.07908081054687499
564.2,257.5,0.12623779296875
564.2,261.84,0.1556827392578125
565.64,267.63,0.20922042846679687
567.09,269.08,0.22306671142578124
567.09,270.52,0.24793795776367183
567.09,273.42,0.2335237121582031
567.09,274.86,0.2326952209472656
567.09,276.31,0.2351402893066406
567.09,277.76,0.23181161499023437
567.09,279.2,0.24188015747070313
567.09,280.65,0.25167269897460937
567.09,282.1,0.25790325927734375
567.09,283.54,0.2515990600585937
567.09,286.44,0.22654180908203125
567.09,287.88,0.12713070678710936
567.09,289.33,0.0

567.09,289.33,0.07999999999999999
567.09,290.78,0.0623125
567.09,292.22,0.06155761718749999
567.09,293.67,0.038919494628906245
567.09,292.22,0.0
567.09,290.78,0.0
567.09,289.33,0.006356231689453124
567.09,287.88,0.024775726318359375
567.09,289.33,0.016772705078125
568.54,289.33,0.02294635009765625
568.54,287.88,0.02301617431640625
568.54,286.44,0.021956787109375
568.54,284.99,0.017996551513671872
568.54,283.54,0.026333282470703125
568.54,282.1,0.03441094970703125
567.09,282.1,0.07722714233398437
567.09,283.54,0.14808685302734376
567.09,284.99,0.17927813720703123
568.54,286.44,0.20958325195312497
568.54,287.88,0.22810803222656248
568.54,289.33,0.23469064331054684
568.54,290.78,0.22729986572265626
567.09,292.22,0.2290947265625
565.64,293.67,0.2182158813476562
564.2,295.12,0.1785313720703125
562.75,295.12,0.13763937377929686
561.3,295.12,0.0105009765625
559.86,295.12,0.0
561.3,295.12,0.005736755371093749
561.3,296.56,0.00487982177734375
561.3,298.01,0.07919964599609375
561.3,299.46,0.1127559814453125
559.86,300.9,0.11984332275390625
558.41,302.35,0.1138428955078125
556.96,302.35,0.09037905883789063
555.52,302.35,0.03655133056640625
555.52,300.9,0.0

561.3,299.46,0.07999999999999999
562.75,299.46,0.0041176147460937505
562.75,298.01,0.015426788330078125
561.3,298.01,0.04064270019531249
559.86,299.46,0.056440673828124996
558.41,299.46,0.04773870849609375
556.96,299.46,0.037870208740234376
555.52,299.46,0.03592919921875
555.52,298.01,0.040625885009765626
554.07,299.46,0.03458343505859375
554.07,300.9,0.0068349304199218745
552.62,300.9,0.014020050048828125
552.62,299.46,0.019054107666015625
554.07,299.46,0.00313763427734375
554.07,300.9,0.09208901977539062
552.62,300.9,0.11509927368164062
551.18,300.9,0.13080404663085937
549.73,302.35,0.13734500122070312
548.28,302.35,0.14482867431640623
546.84,303.8,0.15687057495117188
543.94,305.24,0.1587821350097656
542.5,306.69,0.15967691040039061
541.05,306.69,0.16393399047851562
538.16,308.14,0.15719610595703126
536.71,308.14,0.13605075073242187
535.26,309.58,0.09474624633789062
533.82,309.58,0.05413284301757812
533.82,311.03,0.03887484741210937
532.37,311.03,0.02198004150390625
530.92,311.03,0.015164398193359373
529.48,311.03,0.039485626220703125
529.48,312.48,0.06133584594726563
530.92,311.03,0.03311541748046875
532.37,311.03,0.014366485595703124

542.5,315.37,0.07999999999999999
541.05,315.37,0.039999999999999994
538.16,315.37,0.0
536.71,313.92,0.0
535.26,312.48,0.0
533.82,312.48,0.023491821289062496
536.71,313.92,0.149761474609375
539.6,315.37,0.16520864868164062
543.94,318.26,0.17711825561523437
546.84,321.16,0.18660058593749998
549.73,322.6,0.18270217895507812
551.18,324.05,0.1742388916015625
549.73,322.6,0.07232916259765625
548.28,321.16,0.0
548.28,319.71,0.0

552.62,309.58,0.07999999999999999
551.18,315.37,0.20502944946289062
551.18,321.16,0.21680743408203124
551.18,319.71,0.13646218872070312
551.18,315.37,0.07369183349609375
552.62,311.03,0.010875
552.62,308.14,0.0
552.62,306.69,0.0
552.62,308.14,0.17086856079101562
552.62,311.03,0.21025
551.18,315.37,0.2417510070800781
549.73,319.71,0.267375
549.73,321.16,0.25691488647460936
549.73,322.6,0.22688293457031247
549.73,321.16,0.20331405639648434
549.73,318.26,0.10275506591796875
549.73,313.92,0.023999969482421873
549.73,311.03,0.0
549.73,309.58,0.0
549.73,306.69,0.0

549.73,305.24,0.07999999999999999
548.28,309.58,0.18448846435546873
548.28,312.48,0.20025796508789062
546.84,315.37,0.2146025390625
546.84,316.82,0.22298562622070311
546.84,318.26,0.19872628784179686
546.84,316.82,0.12216119384765625
546.84,315.37,0.05287939453125
548.28,311.03,0.0
549.73,308.14,0.0

558.41,303.8,0.07999999999999999
558.41,302.35,0.019999999999999997
559.86,302.35,0.0290076904296875
561.3,300.9,0.046730987548828117
561.3,302.35,0.06744631958007812
561.3,303.8,0.10528829956054686
561.3,305.24,0.1462552795410156
559.86,306.69,0.18137567138671873
559.86,308.14,0.1861101684570312
558.41,308.14,0.2007499084472656
558.41,309.58,0.1749595031738281
559.86,308.14,0.06177542114257813
559.86,309.58,0.04020635986328125
561.3,309.58,0.03409066772460937
561.3,311.03,0.04719384765625
561.3,312.48,0.08299591064453125
561.3,313.92,0.09972052001953123
561.3,312.48,0.09265054321289062
559.86,312.48,0.089550537109375
559.86,311.03,0.10577825927734374
561.3,311.03,0.16942999267578124
562.75,313.92,0.18782562255859372
564.2,316.82,0.18469076538085938
565.64,318.26,0.1861063537597656
569.98,326.94,0.13754330444335938
572.88,332.73,0.11303060913085937
575.77,335.62,0.01856658935546875
575.77,334.18,0.0
575.77,332.73,0.0

565.64,309.58,0.07999999999999999
565.64,308.14,0.07999999999999999
564.2,306.69,0.050374999999999996
562.75,303.8,0.06510220336914062
561.3,302.35,0.12622848510742185
561.3,300.9,0.1354232482910156
561.3,302.35,0.18911056518554686
561.3,303.8,0.20205136108398436
562.75,306.69,0.21063351440429687
564.2,308.14,0.22572933959960936
568.54,319.71,0.23869985961914061
569.98,321.16,0.24236383056640626
577.22,334.18,0.24770681762695312
578.66,335.62,0.24941497802734375
580.11,339.96,0.2488392639160156
581.56,339.96,0.24688101196289064
583.0,342.86,0.24495816040039065
583.0,344.3,0.24275671386718747
584.45,345.75,0.19840390014648437
584.45,344.3,0.08498782348632812
584.45,342.86,0.050500976562499994
583.0,339.96,0.014749969482421873
581.56,338.52,0.0

535.26,303.8,0.07999999999999999
536.71,303.8,0.04656488037109375
538.16,303.8,0.028269622802734373
538.16,302.35,0.13825421142578126
536.71,303.8,0.17349273681640626
533.82,303.8,0.19854690551757812
530.92,303.8,0.22907452392578123
526.58,306.69,0.2631043701171875
523.69,308.14,0.27944958496093747
523.69,309.58,0.27136587524414063
523.69,311.03,0.0815009765625
523.69,309.58,0.020587158203125
525.14,309.58,0.0

529.48,309.58,0.07999999999999999
529.48,311.03,0.00075
529.48,312.48,0.127875
530.92,313.92,0.14441235351562498
535.26,315.37,0.15859490966796871
542.5,319.71,0.18305645751953126
545.39,322.6,0.1778354797363281
548.28,325.5,0.16523788452148438
549.73,325.5,0.13516473388671874
551.18,325.5,0.06632894897460936
551.18,324.05,0.024463378906249996

577.22,335.62,0.07999999999999999
577.22,334.18,0.07999999999999999
575.77,334.18,0.07999999999999999
575.77,332.73,0.03999642944335938
577.22,335.62,0.15584408569335936
580.11,339.96,0.17177288818359374
584.45,344.3,0.18939901733398437
585.9,347.2,0.19098510742187497
587.34,352.98,0.200651611328125
587.34,354.43,0.1951376037597656
588.79,355.88,0.19421469116210938
588.79,357.32,0.18229278564453125
588.79,355.88,0.11486651611328125
588.79,354.43,0.05826992797851562
588.79,352.98,0.0
588.79,351.54,0.0
587.34,351.54,0.0069261474609375
587.34,354.43,0.20351046752929688
588.79,357.32,0.22020623779296872
588.79,358.77,0.2198191223144531
588.79,360.22,0.21245352172851562

571.43,325.5,0.07999999999999999
572.88,328.39,0.12750482177734374
574.32,332.73,0.15631890869140622
577.22,337.07,0.1811042785644531
578.66,341.41,0.2149173889160156
583.0,350.09,0.25333551025390627
584.45,354.43,0.2605424499511718
585.9,358.77,0.2680244140625
587.34,360.22,0.2700311279296875
587.34,361.66,0.2683594970703125
587.34,363.11,0.26942581176757807
587.34,364.56,0.27125366210937496
587.34,366.0,0.2723040161132812
587.34,367.45,0.2692786865234375
585.9,368.9,0.2565935363769531
584.45,368.9,0.2525309448242188
583.0,368.9,0.2094676818847656
581.56,368.9,0.14882601928710937
580.11,367.45,0.07137826538085938
580.11,366.0,0.04215341186523437
580.11,364.56,0.0
581.56,364.56,0.0
581.56,363.11,0.0
583.0,363.11,0.0
583.0,364.56,0.0064683837890625
583.0,366.0,0.11585351562499999
581.56,367.45,0.18537115478515623
580.11,367.45,0.20931637573242184
578.66,366.0,0.23832080078124998
575.77,366.0,0.25217196655273433
574.32,366.0,0.2647515869140625
572.88,366.0,0.26060125732421874
571.43,366.0,0.272750244140625
569.98,366.0,0.2694533996582031
568.54,366.0,0.28028619384765624
567.09,366.0,0.28640429687499996
565.64,366.0,0.2873126220703125
564.2,366.0,0.2938499450683594
562.75,367.45,0.29454220581054685
561.3,367.45,0.2936427307128906
559.86,370.34,0.2965036315917968
555.52,373.24,0.28757678222656247
554.07,376.13,0.2788589782714843
551.18,377.58,0.2794635009765625
549.73,377.58,0.24665393066406247
551.18,376.13,0.12020187377929686
552.62,373.24,0.03588055419921875
554.07,371.79,0.022315765380859373

555.52,363.11,0.07999999999999999
554.07,363.11,0.07999999999999999
552.62,363.11,0.09419760131835936
552.62,364.56,0.15600100708007814
551.18,366.0,0.2375010070800781
551.18,367.45,0.2606260070800781
551.18,368.9,0.2686260070800781
549.73,368.9,0.273375
551.18,368.9,0.1656531982421875
551.18,367.45,0.09707824707031248

558.41,367.45,0.07999999999999999
561.3,367.45,0.005956237792968749
564.2,367.45,0.0022551269531249996

551.18,355.88,0.07999999999999999
551.18,357.32,0.1497510070800781
549.73,360.22,0.197625
549.73,361.66,0.221625
549.73,364.56,0.2460430908203125
551.18,367.45,0.26271420288085934
552.62,370.34,0.2770191650390625
554.07,371.79,0.27247302246093746
555.52,371.79,0.27792233276367184
556.96,371.79,0.2717410583496094
558.41,371.79,0.25968563842773434
559.86,371.79,0.13671945190429688
561.3,370.34,0.014364593505859374

574.32,361.66,0.07999999999999999
574.32,363.11,0.037718749999999995
575.77,364.56,0.046963623046875
577.22,364.56,0.06954965209960937
580.11,364.56,0.08699594116210936
581.56,364.56,0.1078554992675781

559.86,374.68,0.07999999999999999
558.41,374.68,0.038066314697265624
558.41,373.24,0.032205413818359375
558.41,371.79,0.06487091064453124
558.41,373.24,0.17652868652343748
558.41,376.13,0.18584115600585938
559.86,377.58,0.19378118896484375
561.3,379.02,0.19985089111328125
562.75,384.81,0.20083407592773436
564.2,386.26,0.19925204467773436
564.2,384.81,0.12487768554687499
562.75,383.36,0.09049801635742186
561.3,381.92,0.07737503051757813
559.86,380.47,0.06520965576171874
559.86,379.02,0.06300680541992187
558.41,379.02,0.1033360595703125
558.41,377.58,0.11790554809570312
558.41,376.13,0.1855712890625
559.86,377.58,0.2398592529296875
559.86,380.47,0.24954818725585937
561.3,383.36,0.2658550109863281
562.75,384.81,0.264681884765625
564.2,386.26,0.26124221801757813
564.2,387.7,0.26685522460937494
564.2,389.15,0.2946301574707031
564.2,390.6,0.187541259765625
562.75,392.04,0.11804690551757811
561.3,392.04,0.03524639892578125

561.3,376.13,0.07999999999999999
559.86,374.68,0.065250732421875
559.86,376.13,0.09700100708007811
558.41,374.68,0.15712600708007812
558.41,376.13,0.18662499999999999
558.41,377.58,0.23171234130859372
559.86,381.92,0.25236337280273435
561.3,384.81,0.25923327636718746
562.75,387.7,0.26565536499023434
562.75,390.6,0.27777267456054683
564.2,392.04,0.27606625366210935
565.64,393.49,0.2857400207519531
565.64,394.94,0.28367938232421874
565.64,393.49,0.08711459350585937
564.2,390.6,0.02574996948242187
562.75,387.7,0.006625976562499999
561.3,386.26,0.05366275024414062
561.3,387.7,0.1970481262207031
562.75,389.15,0.2241522521972656
562.75,390.6,0.2434740600585937
564.2,392.04,0.25165682983398435
564.2,393.49,0.2565080871582031
564.2,394.94,0.2604631652832031
562.75,394.94,0.32039212036132814
561.3,397.83,0.3325776062011719
559.86,397.83,0.3351904907226562
558.41,399.28,0.3371234130859375
556.96,400.72,0.3372685546875
556.96,402.17,0.19354434204101562
558.41,399.28,0.0

561.3,393.49,0.07999999999999999
561.3,394.94,0.17637499999999998
559.86,396.38,0.23774899291992185
558.41,396.38,0.25886117553710936
556.96,396.38,0.2740694885253906
555.52,397.83,0.2893348693847656
554.07,400.72,0.30248211669921876
554.07,402.17,0.27313815307617184
554.07,400.72,0.20038598632812496
554.07,402.17,0.17554815673828122
555.52,400.72,0.07169863891601562
555.52,399.28,0.06613796997070312
555.52,400.72,0.06365927124023436
555.52,399.28,0.08081863403320312
555.52,400.72,0.13782928466796876
554.07,400.72,0.14297235107421874
554.07,402.17,0.15507266235351563
554.07,400.72,0.0
555.52,400.72,0.0
556.96,399.28,0.021901031494140622
558.41,397.83,0.0006195983886718749
559.86,396.38,0.000667266845703125
561.3,394.94,0.0024287109375
558.41,394.94,0.1784342346191406
555.52,397.83,0.20766400146484373
554.07,399.28,0.2536557006835938
549.73,402.17,0.2781162414550781
545.39,405.06,0.28588961791992185
541.05,406.51,0.24240057373046872
538.16,406.51,0.21293609619140624
538.16,407.96,0.16180914306640623
539.6,407.96,0.016374999999999997
542.5,406.51,0.0

561.3,397.83,0.07999999999999999
559.86,397.83,0.0016953125

541.05,400.72,0.07999999999999999
539.6,400.72,0.02083267211914062
538.16,399.28,0.0
539.6,397.83,0.002253814697265625
539.6,396.38,0.009366699218749998
539.6,394.94,0.023798431396484375
539.6,396.38,0.11748858642578125
538.16,399.28,0.16467465209960935
536.71,402.17,0.19504159545898436
533.82,406.51,0.2211047668457031
530.92,410.85,0.2359548645019531
529.48,413.74,0.23355725097656246
530.92,413.74,0.12749722290039062
533.82,410.85,0.026853393554687497
533.82,409.4,0.00942669677734375

556.96,405.06,0.07999999999999999
555.52,405.06,0.071847900390625
555.52,406.51,0.21462499999999998
555.52,407.96,0.22645565795898437
555.52,410.85,0.23748385620117188
556.96,412.3,0.24911972045898437
556.96,413.74,0.24619879150390622
556.96,415.19,0.18123004150390623
556.96,412.3,0.0

543.94,407.96,0.07999999999999999
542.5,407.96,0.066639404296875
541.05,407.96,0.11622134399414061
542.5,407.96,0.20890451049804684
545.39,410.85,0.2340256652832031
549.73,413.74,0.24453753662109373
551.18,415.19,0.24298840332031252
554.07,418.08,0.2372682189941406
555.52,419.53,0.23509677124023437
552.62,418.08,0.03371145629882812

558.41,392.04,0.07999999999999999
558.41,390.6,0.06966986083984375
556.96,390.6,0.20737292480468747
555.52,390.6,0.21253070068359375
549.73,394.94,0.26411508178710935
543.94,397.83,0.2717933959960937
541.05,399.28,0.1918597412109375
541.05,400.72,0.0232623291015625

542.5,403.62,0.07999999999999999
541.05,402.17,0.07334298706054687
539.6,402.17,0.09761923217773437
541.05,400.72,0.18037472534179685
543.94,400.72,0.198167236328125
546.84,397.83,0.2000940246582031
549.73,396.38,0.20299169921875
552.62,394.94,0.21446093749999998
554.07,392.04,0.21967877197265623
556.96,389.15,0.21906607055664062
558.41,387.7,0.22552755737304686
558.41,389.15,0.1934261779785156
559.86,390.6,0.1988965148925781
561.3,392.04,0.20721615600585935
562.75,393.49,0.206958984375
564.2,393.49,0.20689923095703122
565.64,392.04,0.08909173583984374

549.73,394.94,0.07999999999999999
546.84,396.38,0.1900212707519531
541.05,400.72,0.2682610778808594
536.71,403.62,0.28199389648437495
536.71,402.17,0.011486053466796875

552.62,422.42,0.07999999999999999
552.62,420.98,0.054093749999999996
551.18,422.42,0.16928292846679688
548.28,422.42,0.21339236450195312
545.39,423.87,0.24370120239257811
543.94,423.87,0.24421026611328123
543.94,426.76,0.22192819213867185
542.5,426.76,0.18947286987304685
542.5,425.32,0.15365081787109372
543.94,425.32,0.08350796508789061
546.84,423.87,0.03619094848632812
548.28,423.87,0.01948342895507812
549.73,422.42,0.025289916992187498
549.73,420.98,0.13267575073242185
548.28,422.42,0.20241461181640624
546.84,422.42,0.23229934692382812
545.39,423.87,0.2658742980957031
543.94,423.87,0.27039639282226563
543.94,425.32,0.25874603271484375
543.94,426.76,0.22915203857421873
542.5,426.76,0.21676715087890622
542.5,428.21,0.195482666015625
543.94,428.21,0.06253924560546875
543.94,426.76,0.0914483642578125
543.94,428.21,0.14535003662109375
542.5,429.66,0.1521744384765625
541.05,431.1,0.131379638671875
541.05,432.55,0.09897860717773438

538.16,405.06,0.07999999999999999
536.71,405.06,0.0038784179687499994

536.71,405.06,0.07999999999999999
536.71,403.62,0.052588989257812496
535.26,403.62,0.04523776245117187
533.82,403.62,0.06814743041992187
532.37,406.51,0.0752569580078125
530.92,407.96,0.09162017822265625
530.92,410.85,0.10213885498046875
528.03,415.19,0.11757257080078125
528.03,418.08,0.12767529296875
528.03,419.53,0.1257370910644531
528.03,420.98,0.11618014526367186
529.48,423.87,0.09845489501953124
530.92,425.32,0.07686331176757813
530.92,426.76,0.05549734497070312
532.37,426.76,0.0

536.71,429.66,0.07999999999999999
538.16,431.1,0.03453125
539.6,431.1,0.03809124755859375
541.05,431.1,0.046414245605468744
543.94,431.1,0.0444066162109375
545.39,431.1,0.03345620727539062
545.39,429.66,0.025055389404296875
543.94,429.66,0.05855075073242187
543.94,431.1,0.08288812255859375
543.94,432.55,0.13714120483398437
543.94,434.0,0.14714233398437498
543.94,435.44,0.16107772827148437
542.5,438.34,0.17326876831054688
542.5,439.78,0.18446655273437498
542.5,442.68,0.19890795898437497
542.5,445.57,0.20897702026367185
542.5,447.02,0.20940579223632813
542.5,448.46,0.20727658081054684
542.5,447.02,0.12359356689453124
542.5,442.68,0.08542031860351562
542.5,439.78,0.05884609985351562
542.5,436.89,0.04103823852539062
542.5,435.44,0.046315826416015615
542.5,434.0,0.0705584716796875
542.5,432.55,0.10703811645507812
542.5,434.0,0.30743798828124996
542.5,436.89,0.3205
542.5,441.23,0.3323368530273437
542.5,444.12,0.34780374145507814
542.5,447.02,0.34177648925781245
542.5,449.91,0.3392932434082031
542.5,451.36,0.33590673828125
542.5,452.8,0.3258733215332031
542.5,454.25,0.2621269836425781
541.05,455.7,0.26319946289062496
541.05,457.14,0.2631759338378906
538.16,458.59,0.2630533142089843
536.71,460.04,0.2611502075195313
533.82,460.04,0.21052160644531248
532.37,460.04,0.04162448120117187

541.05,447.02,0.07999999999999999
541.05,445.57,0.005294647216796875
542.5,445.57,0.04587908935546874
542.5,444.12,0.019176666259765624
542.5,442.68,0.0181513671875
542.5,441.23,0.014528350830078125
542.5,439.78,0.0025841369628906248
541.05,439.78,0.008810882568359374
541.05,441.23,0.11925906372070312
541.05,444.12,0.15009976196289063
541.05,447.02,0.17380422973632811
541.05,449.91,0.1854281311035156
542.5,451.36,0.1795295715332031
542.5,454.25,0.19071127319335937
541.05,455.7,0.23406585693359375
539.6,457.14,0.23440972900390622
536.71,458.59,0.2446380920410156
535.26,460.04,0.25633166503906246
532.37,461.48,0.25689532470703125
530.92,462.93,0.2205482482910156
529.48,462.93,0.2042578125

448.46,416.64,0.07999999999999999
447.02,416.64,0.07999999999999999
444.12,416.64,0.07485763549804687
447.02,418.08,0.0898331298828125
462.93,426.76,0.11837530517578124
474.5,435.44,0.12495437622070311
488.97,442.68,0.12519085693359372
500.54,448.46,0.12292419433593749
509.22,452.8,0.1096507873535156
517.9,457.14,0.09901611328125
520.8,460.04,0.08769857788085937
525.14,462.93,0.08186581420898437
526.58,462.93,0.08203732299804686
525.14,461.48,0.0635137939453125
520.8,460.04,0.0419630126953125
515.01,457.14,0.0272918701171875
506.33,452.8,0.012808135986328123
499.1,448.46,0.0
494.76,445.57,0.0187442626953125
493.31,444.12,0.04343829345703124
493.31,442.68,0.06472872924804687
497.65,444.12,0.08491387939453125
504.88,447.02,0.12020785522460936
513.56,449.91,0.1296325988769531
522.24,452.8,0.12290820312499999
528.03,455.7,0.07594720458984375
529.48,457.14,0.034095428466796876

410.85,361.66,0.07999999999999999
412.3,361.66,0.043531249999999994

426.76,383.36,0.07999999999999999
426.76,381.92,0.057187499999999995
423.87,381.92,0.10199844360351562
426.76,381.92,0.21248666381835937
429.66,381.92,0.21699020385742185
431.1,383.36,0.22406417846679688
431.1,384.81,0.24118014526367185
429.66,384.81,0.2506322631835937
428.21,384.81,0.24377371215820312
429.66,387.7,0.2881534423828125
432.55,390.6,0.2775274963378906
432.55,396.38,0.2758659362792969
434.0,400.72,0.27562499999999995
434.0,402.17,0.27562499999999995
435.44,403.62,0.21870578002929686
435.44,402.17,0.15135766601562498
435.44,397.83,0.10553225708007812
434.0,394.94,0.067875
431.1,389.15,0.017375
431.1,386.26,0.0

429.66,380.47,0.07999999999999999
429.66,379.02,0.05623434448242187
429.66,377.58,0.045062255859375
429.66,376.13,0.09859326171874999
428.21,376.13,0.17039141845703124
426.76,377.58,0.20586175537109372
425.32,377.58,0.22655923461914063
425.32,379.02,0.23385955810546874
423.87,379.02,0.23550750732421874
422.42,380.47,0.23383154296874997
422.42,381.92,0.2323278198242187
422.42,383.36,0.23219464111328125
422.42,381.92,0.13717388916015624
422.42,379.02,0.05783059692382812
423.87,376.13,0.016248992919921875
423.87,374.68,0.007999969482421874
425.32,373.24,0.020101165771484374
423.87,373.24,0.1892724914550781
422.42,374.68,0.2295010070800781
420.98,376.13,0.25687499999999996
419.53,379.02,0.2825458984375
418.08,380.47,0.30812353515624996
416.64,381.92,0.32499542236328127
415.19,381.92,0.32457833862304686
413.74,381.92,0.3209564819335937
412.3,381.92,0.30928051757812497
410.85,380.47,0.29735400390624994
409.4,379.02,0.2860427551269531
409.4,376.13,0.263916259765625
407.96,373.24,0.2199482727050781
406.51,371.79,0.19736730957031248
406.51,368.9,0.18539685058593747
403.62,364.56,0.18011212158203124
402.17,361.66,0.16631723022460937
402.17,358.77,0.14849951171875
400.72,357.32,0.139824951171875
400.72,355.88,0.1321795959472656
400.72,354.43,0.14758941650390625
400.72,352.98,0.14902139282226562
400.72,351.54,0.1392261962890625
400.72,350.09,0.15454702758789063
400.72,348.64,0.16652520751953123
400.72,347.2,0.14626263427734373
400.72,345.75,0.14760519409179687
400.72,344.3,0.1502473449707031
399.28,344.3,0.15007556152343748
399.28,342.86,0.15287066650390624
399.28,341.41,0.1557938232421875
397.83,339.96,0.1574266357421875
397.83,338.52,0.15731939697265623
397.83,335.62,0.15797442626953126
397.83,334.18,0.15945043945312498
396.38,332.73,0.1642436828613281
396.38,331.28,0.16564788818359372
396.38,328.39,0.16772967529296873
396.38,325.5,0.16620321655273437
397.83,322.6,0.16615972900390624
397.83,319.71,0.16589993286132812
399.28,316.82,0.16583691406249998
400.72,313.92,0.16582681274414063
402.17,311.03,0.1658585510253906
403.62,309.58,0.16575
405.06,308.14,0.16466540527343748
406.51,306.69,0.15688702392578124
409.4,303.8,0.11412429809570312
412.3,303.8,0.06764547729492186
415.19,303.8,0.0144136962890625

400.72,318.26,0.07999999999999999
399.28,318.26,0.07999999999999999
399.28,319.71,0.04990625
397.83,321.16,0.039874999999999994
396.38,321.16,0.06128558349609374
396.38,319.71,0.07862069702148436
396.38,316.82,0.12396868896484374
397.83,313.92,0.16055911254882813
400.72,311.03,0.18761203002929686
403.62,308.14,0.1902315979003906
407.96,303.8,0.18822119140625
410.85,302.35,0.18381283569335935
413.74,300.9,0.18167730712890626
416.64,300.9,0.19286532592773437
419.53,302.35,0.2049822998046875
422.42,303.8,0.20786544799804685
423.87,305.24,0.2074497375488281
425.32,308.14,0.17942437744140624
426.76,309.58,0.12465530395507812
426.76,311.03,0.05100534057617187

418.08,308.14,0.07999999999999999
416.64,306.69,0.07399948120117188
415.19,306.69,0.11149899291992187
418.08,305.24,0.15272994995117187
420.98,306.69,0.16135043334960938
425.32,309.58,0.18138143920898436
429.66,313.92,0.17448959350585935
432.55,318.26,0.1621927490234375
434.0,324.05,0.11184732055664062
434.0,326.94,0.040035888671875

410.85,319.71,0.07999999999999999
410.85,318.26,0.035466949462890626
410.85,316.82,0.0213114013671875
412.3,315.37,0.024529479980468748
412.3,313.92,0.11956381225585937
410.85,313.92,0.159132568359375
409.4,313.92,0.17378585815429687
407.96,316.82,0.16462670898437498
405.06,321.16,0.16197711181640626
403.62,325.5,0.1331578674316406
403.62,328.39,0.07169296264648437
403.62,329.84,0.04715328979492187
405.06,328.39,0.0

406.51,324.05,0.07999999999999999
406.51,322.6,0.07999999999999999
406.51,321.16,0.04912380981445313
407.96,318.26,0.035686187744140625
409.4,316.82,0.0641343994140625
410.85,315.37,0.095527587890625
413.74,313.92,0.11786004638671875
416.64,313.92,0.14397726440429687
419.53,313.92,0.16573931884765622
423.87,316.82,0.1879322814941406
426.76,321.16,0.20126486206054686
428.21,326.94,0.19016912841796874
429.66,329.84,0.16888137817382812
429.66,331.28,0.1165198974609375
429.66,329.84,0.0
428.21,326.94,0.0

442.68,313.92,0.07999999999999999
441.23,315.37,0.07999999999999999
439.78,315.37,0.055156005859374996
439.78,316.82,0.040465026855468746
438.34,318.26,0.05646395874023437
436.89,318.26,0.0982149658203125
438.34,318.26,0.15198507690429686
439.78,318.26,0.1623196105957031
442.68,316.82,0.17875006103515625
447.02,316.82,0.19203759765624998
449.91,315.37,0.20226937866210937
452.8,315.37,0.19718142700195312
451.36,315.37,0.11597738647460937
448.46,315.37,0.08668582153320313
444.12,315.37,0.07275302124023436
442.68,315.37,0.06164013671874999
441.23,315.37,0.06070068359374999
442.68,315.37,0.06315869140625
445.57,313.92,0.07253958129882812
449.91,312.48,0.06617886352539061
457.14,309.58,0.041160308837890625
461.48,306.69,0.018872802734375

491.86,276.31,0.07999999999999999
490.42,276.31,0.07999999999999999
488.97,276.31,0.0083731689453125
487.52,276.31,0.003630401611328125

483.18,280.65,0.07999999999999999
481.74,280.65,0.041937499999999996
480.29,283.54,0.015259613037109373
478.84,283.54,0.04258267211914062
477.4,284.99,0.10247256469726562
478.84,284.99,0.18485745239257811
481.74,280.65,0.22124999999999997
486.08,276.31,0.24937399291992188
488.97,273.42,0.26099999999999995
493.31,266.18,0.27947528076171874
494.76,263.29,0.2961083984375
494.76,258.95,0.3236291198730468
496.2,254.61,0.3340307312011719
496.2,250.27,0.3362093505859375
497.65,247.38,0.3541313781738281
497.65,243.04,0.33361849975585933
496.2,240.14,0.31362322998046877
494.76,237.25,0.27779034423828125
494.76,234.36,0.2134339904785156
496.2,231.46,0.13800100708007812
496.2,230.02,0.08837597656249999
497.65,228.57,0.058249999999999996
499.1,227.12,0.0351259765625
499.1,225.68,0.01301751708984375
500.54,225.68,0.019292816162109375
500.54,224.23,0.1908267822265625
500.54,219.89,0.21799999999999997
503.44,215.55,0.22395010375976562
507.78,211.21,0.221765869140625
509.22,209.76,0.2266753234863281
512.12,206.87,0.23350781249999997
520.8,201.08,0.20354354858398438
525.14,198.19,0.11292730712890625

520.8,205.42,0.07999999999999999
522.24,205.42,0.15324444580078123
526.58,205.42,0.1835477600097656
530.92,206.87,0.22869647216796873
536.71,209.76,0.2658760070800781
542.5,214.1,0.29074999999999995
551.18,219.89,0.3289173583984375
554.07,222.78,0.3325635070800781
554.07,224.23,0.34380371093749995
554.07,225.68,0.33044482421874993
554.07,222.78,0.08320788574218749
554.07,221.34,0.0
554.07,219.89,0.0

556.96,224.23,0.07999999999999999
556.96,227.12,0.07999999999999999

551.18,221.34,0.07999999999999999
549.73,219.89,0.0006249999999999999
549.73,218.44,0.0006249999999999999
551.18,218.44,0.10439120483398437
551.18,219.89,0.11800167846679686
551.18,221.34,0.12216143798828125
551.18,219.89,0.08700225830078125
551.18,218.44,0.0769085693359375
549.73,217.0,0.07129293823242186
551.18,217.0,0.07386636352539061
549.73,217.0,0.12496676635742186
548.28,215.55,0.11347900390624999
546.84,214.1,0.11064773559570311
546.84,212.66,0.12546093749999998
548.28,212.66,0.21534802246093748
549.73,214.1,0.23268664550781248
549.73,215.55,0.24535488891601562
551.18,218.44,0.2642511901855469
552.62,222.78,0.26745471191406245
554.07,227.12,0.2818042907714844
556.96,232.91,0.25995611572265626
558.41,238.7,0.24336676025390624
558.41,243.04,0.2205243225097656
559.86,247.38,0.17062640380859373
559.86,245.93,0.026089996337890622
559.86,244.48,0.0

549.73,225.68,0.07999999999999999
548.28,222.78,0.07999999999999999
549.73,224.23,0.17649899291992188
552.62,227.12,0.20048236083984375
554.07,232.91,0.22032592773437498
556.96,237.25,0.23996179199218748
558.41,243.04,0.2581614074707031
559.86,247.38,0.27420321655273433
559.86,254.61,0.27071826171874996
559.86,258.95,0.2579408874511719
559.86,260.4,0.25193701171875
561.3,261.84,0.2107078857421875
561.3,260.4,0.031187988281249995
561.3,258.95,0.035577667236328124
561.3,260.4,0.1346131591796875
561.3,261.84,0.16482342529296873
561.3,263.29,0.18157623291015623
561.3,264.74,0.1910001525878906
562.75,267.63,0.20407476806640626
562.75,269.08,0.21752416992187498
564.2,270.52,0.23503219604492187
564.2,273.42,0.24550314331054687
565.64,276.31,0.24731527709960935
565.64,277.76,0.24997491455078122
567.09,280.65,0.24998211669921877
568.54,282.1,0.24384570312499998
568.54,283.54,0.24525292968749995
568.54,284.99,0.18901251220703125
568.54,282.1,0.0310009765625
567.09,280.65,0.0
565.64,279.2,0.0
562.75,274.86,0.0
561.3,273.42,0.0
561.3,271.97,0.0412431640625
564.2,273.42,0.191125
565.64,274.86,0.22049899291992187
567.09,277.76,0.24855084228515623
568.54,280.65,0.27717272949218746
568.54,283.54,0.2978921813964844
568.54,284.99,0.31136859130859373
568.54,289.33,0.3183141174316406
567.09,292.22,0.32050979614257813
564.2,293.67,0.21760726928710936
562.75,295.12,0.078495361328125

558.41,247.38,0.07999999999999999
558.41,241.59,0.0
558.41,238.7,0.086255859375
558.41,241.59,0.19285229492187497
558.41,245.93,0.2228854064941406
558.41,251.72,0.25327105712890624
558.41,256.06,0.28270922851562497
558.41,257.5,0.3067135314941406
558.41,260.4,0.3120172729492187
558.41,261.84,0.31991497802734375
558.41,263.29,0.31206121826171873
559.86,264.74,0.32249649047851564
561.3,266.18,0.33207681274414064
562.75,267.63,0.3340351257324219
564.2,270.52,0.3375462341308593
565.64,274.86,0.34215814208984374
567.09,280.65,0.31964276123046875
568.54,287.88,0.20742218017578123
569.98,290.78,0.14166259765625

558.41,218.44,0.07999999999999999
556.96,218.44,0.051495880126953116
556.96,217.0,0.17855685424804688
558.41,215.55,0.18416064453124997
559.86,212.66,0.1692997131347656
561.3,211.21,0.13580419921874998
561.3,209.76,0.10529315185546874
562.75,209.76,0.08759133911132812
561.3,211.21,0.05510525512695312
559.86,215.55,0.04998028564453125
558.41,218.44,0.05553402709960937
556.96,221.34,0.07424356079101561
555.52,222.78,0.10719024658203123
554.07,224.23,0.12167974853515624
554.07,225.68,0.15801962280273438
552.62,225.68,0.18386547851562499
552.62,227.12,0.2088165283203125
552.62,225.68,0.2229083557128906
555.52,222.78,0.23355700683593747
556.96,219.89,0.2276575012207031
559.86,215.55,0.2172473449707031
562.75,211.21,0.184256591796875
565.64,208.32,0.13693234252929687
567.09,206.87,0.07715383911132812
567.09,209.76,0.0
565.64,212.66,0.0
564.2,215.55,0.0
562.75,218.44,0.0
559.86,221.34,0.0
558.41,224.23,0.019857574462890625
558.41,225.68,0.04509835815429687
556.96,227.12,0.08546749877929687
556.96,228.57,0.112435546875
556.96,227.12,0.1944720458984375
556.96,225.68,0.211396484375
556.96,224.23,0.23124459838867187
556.96,222.78,0.23664791870117186
558.41,221.34,0.23778399658203123
559.86,219.89,0.24188385009765626
562.75,218.44,0.25418399047851564
562.75,215.55,0.26542529296875
564.2,214.1,0.2697738342285156
565.64,212.66,0.27466748046875
567.09,211.21,0.2650654907226562
567.09,209.76,0.2684290466308593
568.54,208.32,0.25630294799804687
568.54,206.87,0.25457504272460935
568.54,205.42,0.2544938049316406
568.54,203.98,0.2531178588867187
568.54,199.64,0.22092550659179688
567.09,196.75,0.180920166015625
565.64,193.85,0.11387869262695312
562.75,189.51,0.03144174194335938
559.86,186.62,0.0
558.41,186.62,0.0

539.6,172.15,0.07999999999999999
539.6,173.6,0.07999999999999999
542.5,175.05,0.1258595275878906
545.39,176.49,0.15644808959960935
549.73,182.28,0.1977196350097656
554.07,186.62,0.21816143798828125
558.41,190.96,0.24565280151367183
561.3,195.3,0.24574346923828125
564.2,198.19,0.25146066284179686
565.64,201.08,0.2618212585449219
567.09,202.53,0.2643489074707031
568.54,202.53,0.25754113769531245
568.54,201.08,0.06751138305664062
567.09,199.64,0.0

548.28,179.39,0.07999999999999999
546.84,177.94,0.0012499999999999998
543.94,176.49,0.0012499999999999998
539.6,175.05,0.010652435302734374
535.26,173.6,0.014002838134765624
532.37,172.15,0.035135314941406245
530.92,172.15,0.0645965576171875
529.48,172.15,0.10408114624023437
530.92,172.15,0.159824951171875
535.26,173.6,0.19694152832031248
539.6,176.49,0.22446438598632812
545.39,179.39,0.24970489501953122
549.73,183.73,0.26060278320312497
555.52,186.62,0.267530029296875
559.86,189.51,0.26732028198242186
562.75,192.41,0.26021163940429687
565.64,192.41,0.24819879150390622
567.09,193.85,0.2315514221191406
568.54,193.85,0.2311990966796875
569.98,193.85,0.23775781249999997
569.98,195.3,0.24693441772460936
571.43,195.3,0.24878573608398433
571.43,196.75,0.25047357177734375
572.88,198.19,0.2532681884765625
572.88,201.08,0.2726448059082031
572.88,202.53,0.2916418762207031
572.88,205.42,0.31130297851562494
571.43,208.32,0.31359527587890623
569.98,212.66,0.2918761596679687
565.64,217.0,0.2851685180664062
561.3,219.89,0.14530795288085935
558.41,218.44,0.011637481689453125

536.71,172.15,0.07999999999999999
535.26,173.6,0.1277638244628906
535.26,172.15,0.15782568359375
532.37,172.15,0.1946443176269531
530.92,172.15,0.20870501708984374
529.48,170.71,0.2205589599609375
528.03,170.71,0.22920837402343747
526.58,169.26,0.23263146972656248
523.69,169.26,0.24215948486328123
522.24,167.81,0.2538190002441406
520.8,166.37,0.2573194580078125
519.35,164.92,0.24958520507812496
517.9,163.47,0.2535196228027343
516.46,163.47,0.2579155883789062
515.01,163.47,0.2609498596191406
513.56,162.03,0.26216586303710937
512.12,162.03,0.25992944335937496
509.22,162.03,0.25927334594726564
504.88,162.03,0.26503341674804687
499.1,162.03,0.2659194641113281
490.42,163.47,0.2590240783691406
477.4,163.47,0.25941412353515625
458.59,169.26,0.13994976806640624
448.46,172.15,0.06807699584960937

493.31,167.81,0.07999999999999999
494.76,167.81,0.07999999999999999
497.65,166.37,0.012499999999999999
501.99,163.47,0.0414720458984375
503.44,163.47,0.12384817504882811
500.54,162.03,0.20774899291992185
496.2,162.03,0.24725
488.97,162.03,0.2748739929199219
473.06,162.03,0.3122916564941406
461.48,162.03,0.3107382202148437
444.12,163.47,0.29717294311523434
429.66,164.92,0.2874041748046875
412.3,166.37,0.27486474609374995
397.83,167.81,0.2729794006347656
384.81,172.15,0.27165625
374.68,177.94,0.27280661010742185
367.45,182.28,0.2732445373535156
363.11,186.62,0.2677989807128906
357.32,190.96,0.21865524291992186
355.88,193.85,0.176255859375
358.77,193.85,0.0426259765625
363.11,190.96,0.007750976562499999
366.0,189.51,0.0

376.13,183.73,0.07999999999999999
377.58,183.73,0.07999999999999999
377.58,182.28,0.034590240478515624
377.58,180.83,0.03614517211914062
377.58,182.28,0.03310549926757812
376.13,183.73,0.03419784545898437
374.68,186.62,0.03444793701171875
373.24,189.51,0.03427655029296874

387.7,177.94,0.07999999999999999
389.15,176.49,0.039325164794921874
389.15,175.05,0.0642056884765625
386.26,175.05,0.11057498168945312
384.81,177.94,0.1298841552734375
380.47,183.73,0.16980950927734373
374.68,190.96,0.20846530151367187
370.34,199.64,0.23784808349609374
364.56,211.21,0.24379800415039063
360.22,224.23,0.25727990722656247
355.88,235.8,0.252699462890625
351.54,247.38,0.23611300659179685
348.64,260.4,0.23510317993164062
347.2,271.97,0.2341239013671875
347.2,283.54,0.21007418823242185
347.2,290.78,0.183051513671875
347.2,293.67,0.1546429748535156
347.2,298.01,0.09687414550781248
347.2,299.46,0.06601104736328126
348.64,299.46,0.018311981201171872
348.64,298.01,0.015055389404296874
348.64,295.12,0.010914764404296874
348.64,287.88,0.004180023193359374

360.22,227.12,0.07999999999999999
364.56,218.44,0.06337548828125
367.45,206.87,0.058277954101562494
370.34,199.64,0.06387796020507812
370.34,196.75,0.08518954467773436
368.9,196.75,0.11584747314453124
364.56,206.87,0.14815167236328125
357.32,221.34,0.21217514038085936
350.09,240.14,0.2621260070800781
344.3,261.84,0.2880635070800781
339.96,282.1,0.30550048828125
338.52,298.01,0.3138116455078125
338.52,311.03,0.3196928405761718
338.52,324.05,0.30075634765625
339.96,332.73,0.2901606140136718
342.86,339.96,0.27755477905273435
344.3,344.3,0.262312744140625
347.2,350.09,0.25990728759765624
350.09,358.77,0.27680163574218747
355.88,368.9,0.27840597534179684
361.66,377.58,0.26371441650390626
367.45,386.26,0.1982539367675781
370.34,389.15,0.1496734924316406
371.79,390.6,0.14399472045898437
373.24,392.04,0.111423828125
376.13,393.49,0.05862399291992187
377.58,393.49,0.007124999999999999
377.58,392.04,0.0
374.68,390.6,0.0
373.24,387.7,0.0
370.34,384.81,0.006043243408203124
368.9,381.92,0.02023348999023437
367.45,381.92,0.07337417602539062
368.9,383.36,0.11609445190429687
368.9,386.26,0.1382730712890625
370.34,387.7,0.14044372558593748
371.79,389.15,0.14192382812499998
371.79,390.6,0.1337599792480469
371.79,392.04,0.13418417358398435
371.79,393.49,0.13390228271484375
371.79,394.94,0.1327412109375
373.24,396.38,0.127072021484375
374.68,396.38,0.12527227783203124
376.13,394.94,0.12946221923828125
377.58,392.04,0.13141528320312498
380.47,389.15,0.12119082641601563
383.36,384.81,0.09527624511718749
389.15,377.58,0.08778131103515625
394.94,371.79,0.0879757080078125
399.28,367.45,0.080009033203125
400.72,366.0,0.08289547729492186
400.72,364.56,0.07589898681640625
400.72,363.11,0.07122192382812499
397.83,361.66,0.04881793212890624
396.38,360.22,0.044028503417968747

380.47,188.07,0.07999999999999999
380.47,186.62,0.07999999999999999
380.47,185.17,0.03931249999999999
381.92,182.28,0.07483489990234375
374.68,190.96,0.13706329345703122
368.9,202.53,0.1715600891113281
363.11,217.0,0.1944123840332031
352.98,238.7,0.21551275634765624
347.2,256.06,0.21814791870117187
344.3,267.63,0.21164193725585934
341.41,277.76,0.20569616699218748
339.96,284.99,0.22051995849609374
339.96,289.33,0.23104110717773435
341.41,293.67,0.2391960754394531
342.86,298.01,0.25245944213867183
344.3,303.8,0.27089080810546873
345.75,311.03,0.28616589355468747
348.64,318.26,0.29987411499023436
351.54,326.94,0.31315948486328127
355.88,335.62,0.3249652099609375
360.22,345.75,0.33460159301757814
363.11,354.43,0.3385711669921875
367.45,363.11,0.33412350463867185
368.9,368.9,0.330921142578125
371.79,373.24,0.30839953613281246
373.24,376.13,0.27294476318359373
374.68,377.58,0.24140512084960936
373.24,373.24,0.057499999999999996
371.79,367.45,0.017998992919921873
368.9,358.77,0.0
366.0,351.54,3.1097412109375e-05
363.11,344.3,0.005648406982421875
360.22,338.52,0.018653747558593746
358.77,335.62,0.060249053955078125
357.32,335.62,0.11997631835937499
358.77,338.52,0.15296954345703123
361.66,347.2,0.20100100708007812
364.56,358.77,0.241
366.0,366.0,0.26075100708007815
368.9,376.13,0.2863505554199219
370.34,381.92,0.2944346923828125
371.79,386.26,0.285029541015625
373.24,387.7,0.2702901306152344
373.24,390.6,0.2672033081054687
374.68,390.6,0.26613815307617184
376.13,390.6,0.2597286682128906
379.02,390.6,0.23886334228515624
380.47,389.15,0.20717910766601563
384.81,384.81,0.14114157104492187
387.7,381.92,0.08686676025390624
387.7,380.47,0.0

366.0,371.79,0.07999999999999999
368.9,368.9,0.07020001220703125
370.34,370.34,0.09673187255859374
368.9,376.13,0.20915234375
366.0,381.92,0.2482510070800781
363.11,390.6,0.28225100708007805
355.88,402.17,0.30962600708007815
347.2,415.19,0.351125
338.52,425.32,0.3722341613769531
331.28,434.0,0.3608507385253906
324.05,436.89,0.28781680297851564
321.16,436.89,0.2129481506347656
319.71,436.89,0.10258001708984375

415.19,380.47,0.07999999999999999
416.64,380.47,0.021485839843749997
418.08,381.92,0.07070242309570311
418.08,384.81,0.10680331420898437
420.98,392.04,0.14281930541992185
423.87,402.17,0.17187738037109374
425.32,416.64,0.15511984252929686
428.21,441.23,0.06552474975585937
428.21,445.57,0.030898315429687497

426.76,407.96,0.07999999999999999
428.21,407.96,0.013589660644531248
429.66,407.96,0.005356292724609375
429.66,412.3,0.003922088623046874
431.1,416.64,0.0007265930175781249
431.1,422.42,0.004135650634765625
431.1,429.66,0.0077193908691406245
432.55,439.78,0.008122406005859374
434.0,445.57,0.004071411132812499
434.0,447.02,0.004010925292968749

434.0,455.7,0.07999999999999999
432.55,458.59,0.06602883911132812
432.55,460.04,0.027986175537109373
432.55,462.93,0.03158840942382812
432.55,465.82,0.02346746826171875
432.55,468.72,0.029526885986328123
432.55,471.61,0.029736724853515625
432.55,474.5,0.028264495849609373
432.55,477.4,0.017261962890625
432.55,483.18,0.009693084716796873
432.55,487.52,0.005413787841796875
432.55,491.86,0.009930145263671874
434.0,494.76,0.011308746337890623
434.0,499.1,0.010799316406249999
434.0,501.99,0.012093475341796873
434.0,503.44,0.011902923583984374
434.0,504.88,0.011842712402343749
434.0,501.99,0.007800140380859375
434.0,500.54,0.0060614624023437496
434.0,497.65,0.0061297607421874995
434.0,496.2,0.004995391845703125
434.0,494.76,0.00643408203125
434.0,491.86,0.006490570068359375
434.0,490.42,0.00798187255859375
434.0,488.97,0.011508911132812499
434.0,487.52,0.01178839111328125
434.0,484.63,0.0118724365234375
434.0,480.29,0.005909118652343749
434.0,478.84,0.0045451965332031245
434.0,475.95,0.00268896484375
434.0,473.06,0.0043224792480468744
434.0,470.16,0.004239532470703125
434.0,467.27,0.00687811279296875
434.0,465.82,0.01349444580078125
434.0,468.72,0.06952011108398437
434.0,473.06,0.0992208251953125
434.0,477.4,0.11977185058593749
434.0,484.63,0.13585653686523438
435.44,491.86,0.1494931945800781
435.44,500.54,0.16762295532226562
436.89,510.67,0.183651611328125
436.89,520.8,0.20219430541992187
436.89,529.48,0.22723300170898436
436.89,533.82,0.23646932983398436
436.89,536.71,0.24283306884765624
438.34,536.71,0.24612963867187498
438.34,538.16,0.2097035217285156
438.34,536.71,0.06032568359375
438.34,535.26,0.018625976562499997
438.34,532.37,0.0
438.34,530.92,0.0
438.34,529.48,0.0
438.34,528.03,0.0
436.89,528.03,0.061558776855468754
436.89,529.48,0.13472756958007812
436.89,532.37,0.16507736206054685
436.89,536.71,0.16770822143554687
436.89,539.6,0.16842306518554687
438.34,545.39,0.16066351318359373
438.34,549.73,0.16859844970703125
438.34,551.18,0.12298645019531249
438.34,549.73,0.011422393798828123
438.34,545.39,0.0
438.34,542.5,0.0

436.89,507.78,0.07999999999999999
435.44,506.33,0.11296093749999998
435.44,516.46,0.1651682434082031
436.89,530.92,0.18940771484375
436.89,542.5,0.20361950683593746
436.89,558.41,0.2200122375488281
436.89,567.09,0.21874639892578124
436.89,568.54,0.16228979492187498
436.89,567.09,0.03294967651367187

407.96,389.15,0.07999999999999999
409.4,394.94,0.07999999999999999
409.4,396.38,0.05918127441406249
410.85,420.98,0.07037167358398437
413.74,442.68,0.07889724731445312
416.64,468.72,0.08017175292968749
419.53,494.76,0.07875430297851561
422.42,515.01,0.08644378662109375
425.32,532.37,0.08172372436523437
428.21,543.94,0.08304605102539062
429.66,552.62,0.07514578247070312
431.1,558.41,0.06019601440429687
431.1,561.3,0.05002200317382812
429.66,559.86,0.028529327392578123
429.66,554.07,0.01286407470703125
429.66,548.28,0.0032618408203125
429.66,543.94,0.006688659667968749
429.66,542.5,0.009852142333984374
429.66,546.84,0.09805422973632812
431.1,552.62,0.14131561279296875
432.55,558.41,0.16570190429687498
432.55,562.75,0.1694407043457031
434.0,562.75,0.10744345092773436
435.44,562.75,0.06129486083984374

454.25,515.01,0.07999999999999999
454.25,513.56,0.01804119873046875
454.25,512.12,0.034480438232421876
454.25,510.67,0.039044342041015624
454.25,512.12,0.03952853393554687
454.25,513.56,0.04135562133789062
454.25,516.46,0.04681634521484375
454.25,519.35,0.04904800415039062
454.25,522.24,0.048819671630859374
454.25,523.69,0.048250885009765626
454.25,525.14,0.03669805908203125
454.25,523.69,0.022499633789062497
454.25,522.24,0.02210543823242187
454.25,519.35,0.018226257324218748
454.25,516.46,0.017237091064453123
454.25,513.56,0.023074859619140624
454.25,512.12,0.029827636718749998
454.25,510.67,0.0324873046875
454.25,509.22,0.03524612426757812
454.25,510.67,0.03231918334960937
454.25,512.12,0.03234353637695313
454.25,513.56,0.017373840332031248
455.7,513.56,0.006490570068359375
455.7,512.12,0.006285400390624999
455.7,510.67,0.024736541748046875
455.7,509.22,0.029773529052734376
455.7,507.78,0.044048614501953125
454.25,510.67,0.13794015502929685
454.25,515.01,0.14991287231445313
452.8,522.24,0.16200799560546872
451.36,530.92,0.17551727294921873
449.91,536.71,0.1989915771484375
448.46,542.5,0.20794210815429687
447.02,549.73,0.20263555908203124
445.57,554.07,0.16607427978515624
445.57,556.96,0.10514431762695312
444.12,556.96,0.06747659301757812
445.57,554.07,0.0

445.57,516.46,0.07999999999999999
445.57,515.01,0.07999999999999999
445.57,516.46,0.11238891601562499
445.57,519.35,0.14573052978515624
445.57,525.14,0.1763150939941406
444.12,530.92,0.19936169433593748
442.68,539.6,0.2188253173828125
442.68,546.84,0.22474746704101561
442.68,554.07,0.23127255249023435
442.68,561.3,0.20268539428710936
442.68,564.2,0.1662433166503906
441.23,565.64,0.14147183227539062
441.23,564.2,0.09436889648437499
442.68,561.3,0.05294705200195313
444.12,559.86,0.0033700561523437498

445.57,562.75,0.07999999999999999
447.02,559.86,0.13065112304687498
449.91,552.62,0.07588983154296874
452.8,548.28,0.022104705810546875

497.65,455.7,0.07999999999999999
499.1,455.7,0.010328125
500.54,454.25,0.0048927001953124995
501.99,452.8,0.006587005615234375
503.44,452.8,0.015898193359374996
504.88,451.36,0.029228363037109375
506.33,451.36,0.05657498168945312
504.88,451.36,0.1972546691894531
500.54,454.25,0.24352893066406248
493.31,457.14,0.28775
490.42,458.59,0.28611660766601565
486.08,460.04,0.26910299682617184
483.18,461.48,0.23272091674804685
481.74,462.93,0.20407220458984374
481.74,464.38,0.16563177490234374
483.18,464.38,0.00375
483.18,465.82,0.0
481.74,467.27,0.005899169921874999
480.29,468.72,0.08138339233398437
478.84,470.16,0.08428076171875
475.95,474.5,0.09494891357421875
473.06,478.84,0.13278225708007813
471.61,483.18,0.16861877441406248
470.16,487.52,0.1824151916503906
468.72,491.86,0.17827703857421875
468.72,493.31,0.17443051147460936
468.72,494.76,0.14774267578124997
467.27,494.76,0.13459185791015624
467.27,496.2,0.13055926513671873
465.82,496.2,0.14164825439453124
464.38,496.2,0.1573536682128906
462.93,496.2,0.1688828125
460.04,496.2,0.17790548706054687
457.14,497.65,0.17889657592773436
449.91,500.54,0.17453741455078123
448.46,501.99,0.1563736572265625
445.57,501.99,0.13957864379882812
444.12,501.99,0.07364389038085936

406.51,376.13,0.07999999999999999
406.51,374.68,0.043721618652343745
405.06,371.79,0.00851715087890625
405.06,368.9,0.00949755859375
405.06,367.45,0.019960906982421874
405.06,366.0,0.03028536987304687
403.62,366.0,0.051189392089843744
403.62,367.45,0.05958334350585937
402.17,371.79,0.07125189208984374
402.17,376.13,0.08321801757812498
402.17,390.6,0.10278079223632812
402.17,409.4,0.11366238403320311
405.06,431.1,0.12008489990234375
409.4,461.48,0.08959039306640625
412.3,490.42,0.026905670166015624
413.74,497.65,0.0159168701171875

