217.34,115.61,0.1455078125
224.28,115.61,0.3828125
226.59,115.61,0.4033203125
231.21,115.61,0.435546875
238.15,115.61,0.455078125
245.09,115.61,0.4677734375
254.34,115.61,0.478515625
263.58,115.61,0.4853515625
282.08,113.29,0.4921875
295.95,113.29,0.49609375
309.83,110.98,0.5029296875
337.57,110.98,0.5107421875
356.07,110.98,0.5146484375
374.57,108.67,0.517578125
393.06,108.67,0.51953125
411.56,108.67,0.5205078125
430.06,108.67,0.5224609375
453.18,108.67,0.5234375
467.05,108.67,0.5224609375
480.92,108.67,0.5224609375
490.17,108.67,0.521484375
501.73,108.67,0.5205078125
508.67,108.67,0.521484375
515.61,108.67,0.521484375
520.23,110.98,0.5185546875
527.17,110.98,0.517578125
531.79,110.98,0.5146484375
534.1,110.98,0.5126953125
536.42,110.98,0.5078125
538.73,110.98,0.5
541.04,110.98,0.490234375
538.73,110.98,0.0888671875

219.65,120.23,0.068359375
219.65,117.92,0.3193359375
217.34,117.92,0.3408203125
212.72,117.92,0.3505859375
210.4,117.92,0.3515625
205.78,122.54,0.341796875
203.47,127.17,0.2939453125
203.47,129.48,0.2138671875

203.47,131.79,0.0400390625
203.47,136.42,0.154296875
203.47,141.04,0.1591796875
203.47,145.66,0.15625
203.47,147.98,0.134765625

203.47,143.35,0.0986328125
201.16,136.42,0.0986328125
201.16,131.79,0.109375
201.16,129.48,0.119140625
201.16,127.17,0.1298828125
201.16,124.86,0.146484375
201.16,127.17,0.318359375
201.16,129.48,0.3408203125
201.16,134.1,0.3623046875
201.16,138.73,0.3828125
201.16,147.98,0.404296875
203.47,154.91,0.4169921875
205.78,161.85,0.4267578125
208.09,171.1,0.4345703125
210.4,180.35,0.4423828125
212.72,201.16,0.453125
212.72,212.72,0.4580078125
212.72,228.9,0.46484375
215.03,242.77,0.474609375
217.34,265.9,0.478515625
219.65,279.77,0.48046875
219.65,293.64,0.482421875
224.28,307.51,0.4853515625
224.28,321.39,0.48828125
226.59,339.88,0.48828125
228.9,349.13,0.48828125
228.9,356.07,0.4892578125
228.9,360.69,0.4892578125
231.21,365.32,0.48828125
231.21,367.63,0.486328125
231.21,365.32,0.427734375
231.21,363.01,0.26953125

527.17,101.73,0.0009765625
536.42,99.42,0.380859375
538.73,99.42,0.38671875
541.04,99.42,0.3876953125
545.66,99.42,0.390625
550.29,101.73,0.392578125
552.6,104.05,0.390625
554.91,108.67,0.3642578125
557.23,110.98,0.359375
557.23,113.29,0.31640625

550.29,110.98,0.03125
541.04,108.67,0.1650390625
538.73,108.67,0.169921875
536.42,106.36,0.162109375
534.1,106.36,0.154296875
534.1,104.05,0.1552734375
531.79,104.05,0.1572265625
531.79,106.36,0.1923828125
531.79,108.67,0.1953125
531.79,113.29,0.1708984375
531.79,115.61,0.1279296875

531.79,113.29,0.03515625
531.79,106.36,0.1337890625
531.79,104.05,0.1708984375
529.48,104.05,0.2314453125
529.48,108.67,0.3271484375
529.48,113.29,0.3466796875
527.17,120.23,0.3681640625
527.17,127.17,0.3857421875
527.17,143.35,0.4052734375
529.48,152.6,0.41796875
529.48,166.47,0.4287109375
529.48,187.28,0.455078125
529.48,203.47,0.466796875
529.48,219.65,0.4736328125
529.48,238.15,0.478515625
529.48,256.65,0.482421875
529.48,272.83,0.48828125
529.48,298.27,0.4921875
529.48,314.45,0.4912109375
529.48,326.01,0.490234375
529.48,342.2,0.4833984375
531.79,351.45,0.470703125
531.79,353.76,0.4560546875
531.79,356.07,0.4091796875
531.79,353.76,0.154296875

568.79,113.29,0.0966796875
573.41,117.92,0.18359375
573.41,122.54,0.185546875
575.72,131.79,0.1669921875
575.72,134.1,0.0927734375

578.03,122.54,0.14453125
578.03,129.48,0.2978515625
578.03,136.42,0.322265625
578.03,150.29,0.3505859375
580.35,166.47,0.369140625
582.66,178.03,0.37890625
582.66,201.16,0.4130859375
582.66,217.34,0.4384765625
582.66,233.53,0.451171875
582.66,252.02,0.458984375
580.35,275.14,0.470703125
580.35,293.64,0.4765625
578.03,309.83,0.482421875
578.03,326.01,0.486328125
578.03,342.2,0.4873046875
578.03,363.01,0.4873046875
578.03,372.25,0.4873046875
578.03,381.5,0.4873046875
578.03,390.75,0.4873046875
578.03,397.69,0.4873046875
578.03,402.31,0.486328125
578.03,397.69,0.4267578125
578.03,395.38,0.14453125

224.28,127.17,0.14453125
221.97,127.17,0.197265625
221.97,129.48,0.2021484375
221.97,134.1,0.2041015625
221.97,143.35,0.1953125
224.28,150.29,0.03515625

224.28,127.17,0.095703125
224.28,129.48,0.2431640625
224.28,134.1,0.26953125
224.28,143.35,0.3017578125
226.59,157.23,0.3291015625
228.9,166.47,0.337890625
231.21,180.35,0.341796875
233.53,196.53,0.349609375
235.84,221.97,0.3564453125
238.15,240.46,0.365234375
240.46,258.96,0.3740234375
242.77,275.14,0.37890625
245.09,291.33,0.3818359375
247.4,316.76,0.3837890625
249.71,330.64,0.3857421875
249.71,344.51,0.38671875
252.02,356.07,0.3857421875
254.34,369.94,0.384765625
254.34,376.88,0.380859375
254.34,381.5,0.373046875
256.65,386.13,0.359375
256.65,388.44,0.3505859375
256.65,390.75,0.328125
256.65,388.44,0.1591796875
256.65,386.13,0.1484375
254.34,383.82,0.2109375
252.02,381.5,0.2333984375
252.02,379.19,0.18359375

249.71,376.88,0.1279296875

226.59,402.31,0.1650390625
233.53,404.62,0.2099609375
240.46,404.62,0.2099609375
242.77,404.62,0.193359375

235.84,402.31,0.1845703125
247.4,404.62,0.357421875
256.65,404.62,0.3779296875
268.21,402.31,0.388671875
279.77,402.31,0.392578125
298.27,402.31,0.40625
314.45,402.31,0.4140625
328.32,402.31,0.4189453125
342.2,402.31,0.41796875
353.76,402.31,0.4150390625
369.94,402.31,0.3984375
374.57,402.31,0.3876953125
379.19,402.31,0.37109375
381.5,402.31,0.326171875
383.82,402.31,0.306640625
386.13,402.31,0.2802734375
388.44,402.31,0.216796875
390.75,402.31,0.1767578125
393.06,402.31,0.14453125

323.7,404.62,0.111328125
335.26,411.56,0.240234375
342.2,411.56,0.2900390625
351.45,411.56,0.3203125
360.69,409.25,0.3369140625
372.25,406.94,0.3544921875
379.19,404.62,0.373046875
386.13,402.31,0.3876953125
395.38,397.69,0.4033203125
400.0,395.38,0.4052734375
402.31,395.38,0.404296875
404.62,395.38,0.294921875

416.18,395.38,0.0224609375

416.18,395.38,0.142578125
406.94,395.38,0.1474609375
406.94,397.69,0.2060546875
409.25,397.69,0.251953125
411.56,397.69,0.27734375
413.87,397.69,0.2890625
416.18,400.0,0.30859375
423.12,402.31,0.3359375
425.43,402.31,0.3330078125
430.06,404.62,0.3212890625
434.68,404.62,0.29296875
439.31,406.94,0.267578125
441.62,406.94,0.23828125

441.62,409.25,0.04296875
443.93,409.25,0.306640625
446.24,409.25,0.3125
450.87,409.25,0.3359375
462.43,409.25,0.33984375
471.68,409.25,0.341796875
483.24,406.94,0.3408203125
497.11,404.62,0.3271484375
517.92,402.31,0.306640625
529.48,400.0,0.23046875
531.79,400.0,0.1845703125

457.8,409.25,0.2373046875
467.05,406.94,0.3349609375
476.3,404.62,0.3681640625
485.55,402.31,0.3857421875
499.42,400.0,0.3935546875
508.67,397.69,0.3935546875
517.92,397.69,0.3896484375
520.23,397.69,0.3876953125
522.54,397.69,0.3857421875
524.86,397.69,0.4169921875
524.86,400.0,0.34765625
527.17,400.0,0.0546875
527.17,402.31,0.2529296875
529.48,402.31,0.2158203125
529.48,404.62,0.072265625

524.86,402.31,0.1455078125
524.86,400.0,0.3193359375
527.17,402.31,0.34765625
529.48,406.94,0.3642578125
531.79,411.56,0.3662109375
531.79,416.18,0.3662109375
534.1,418.5,0.3623046875
534.1,420.81,0.3564453125
531.79,420.81,0.2060546875
531.79,423.12,0.0751953125

538.73,446.24,0.095703125
536.42,439.31,0.0556640625
536.42,436.99,0.0654296875
536.42,434.68,0.1083984375
536.42,436.99,0.228515625
536.42,441.62,0.244140625
536.42,446.24,0.27734375
536.42,457.8,0.3095703125
536.42,467.05,0.3154296875
536.42,476.3,0.3193359375
536.42,487.86,0.33203125
538.73,506.36,0.3408203125
538.73,520.23,0.341796875
538.73,536.42,0.3466796875
536.42,552.6,0.359375
534.1,568.79,0.376953125
531.79,591.91,0.390625
529.48,605.78,0.3955078125
527.17,619.65,0.4013671875
527.17,633.53,0.404296875
524.86,652.02,0.4052734375
524.86,661.27,0.40625
524.86,670.52,0.4072265625
524.86,675.14,0.40625
524.86,679.77,0.40625
524.86,684.39,0.40625
524.86,686.71,0.40234375
524.86,689.02,0.3798828125

536.42,529.48,0.0244140625
536.42,545.66,0.1240234375
536.42,557.23,0.126953125
536.42,571.1,0.12890625
536.42,584.97,0.1767578125
534.1,605.78,0.2412109375
534.1,619.65,0.2919921875
531.79,635.84,0.31640625
529.48,647.4,0.3330078125
527.17,665.9,0.3486328125
527.17,677.46,0.359375
524.86,686.71,0.3662109375
524.86,695.95,0.37109375
522.54,702.89,0.37109375
522.54,712.14,0.3828125
522.54,716.76,0.388671875
522.54,721.39,0.3896484375
522.54,723.7,0.3896484375
522.54,726.01,0.390625
524.86,726.01,0.412109375
527.17,728.32,0.4169921875
529.48,732.95,0.41796875
534.1,735.26,0.4208984375
538.73,737.57,0.421875
547.98,739.88,0.4287109375
561.85,742.2,0.4462890625
571.1,744.51,0.4482421875
578.03,746.82,0.4423828125
580.35,746.82,0.43359375

552.6,383.82,0.1865234375
557.23,383.82,0.3740234375
559.54,390.75,0.3779296875
561.85,397.69,0.375
566.47,404.62,0.357421875
571.1,411.56,0.328125
573.41,416.18,0.2412109375
573.41,423.12,0.1337890625

573.41,423.12,0.0380859375
571.1,420.81,0.0888671875
573.41,420.81,0.1572265625
573.41,423.12,0.16015625
573.41,427.75,0.16015625
573.41,432.37,0.1513671875
573.41,434.68,0.146484375
573.41,436.99,0.1142578125
571.1,439.31,0.0439453125

571.1,434.68,0.103515625
571.1,436.99,0.2734375
571.1,441.62,0.27734375
571.1,443.93,0.2802734375
568.79,453.18,0.2958984375
568.79,462.43,0.31640625
566.47,473.99,0.33203125
564.16,485.55,0.3369140625
559.54,506.36,0.3369140625
557.23,524.86,0.3359375
552.6,541.04,0.322265625
547.98,559.54,0.2802734375
543.35,578.03,0.2275390625
538.73,601.16,0.1708984375
536.42,610.4,0.1162109375

573.41,473.99,0.1044921875
573.41,483.24,0.2705078125
568.79,497.11,0.328125
566.47,508.67,0.3583984375
564.16,522.54,0.3857421875
561.85,538.73,0.408203125
557.23,557.23,0.4375
554.91,575.72,0.4609375
547.98,605.78,0.486328125
545.66,624.28,0.5
543.35,642.77,0.513671875
541.04,668.21,0.517578125
538.73,682.08,0.517578125
538.73,695.95,0.517578125
538.73,705.2,0.517578125
538.73,712.14,0.5146484375
538.73,721.39,0.51171875
538.73,723.7,0.51171875
538.73,726.01,0.5048828125
538.73,728.32,0.4208984375
538.73,730.64,0.41015625
541.04,730.64,0.3720703125
541.04,732.95,0.3720703125
545.66,735.26,0.35546875
547.98,737.57,0.3466796875
554.91,739.88,0.3466796875
559.54,742.2,0.34765625
566.47,746.82,0.34765625
575.72,749.13,0.3486328125
580.35,751.45,0.3408203125
582.66,753.76,0.3056640625
580.35,753.76,0.228515625

215.03,374.57,0.0595703125
215.03,369.94,0.12109375
215.03,367.63,0.15625
217.34,365.32,0.22265625
217.34,367.63,0.3779296875
217.34,372.25,0.4013671875
215.03,379.19,0.412109375
210.4,386.13,0.419921875
203.47,397.69,0.41796875
198.84,404.62,0.3876953125
196.53,409.25,0.34765625
196.53,416.18,0.2294921875
196.53,418.5,0.17578125

196.53,418.5,0.0908203125
198.84,420.81,0.248046875
198.84,423.12,0.267578125
198.84,427.75,0.2939453125
201.16,434.68,0.302734375
203.47,441.62,0.3076171875
205.78,450.87,0.3115234375
208.09,457.8,0.3134765625
210.4,467.05,0.3125
212.72,476.3,0.2880859375
215.03,483.24,0.2841796875
215.03,487.86,0.2822265625
215.03,490.17,0.2744140625

198.84,441.62,0.1416015625
201.16,450.87,0.30078125
203.47,457.8,0.33203125
205.78,464.74,0.3564453125
210.4,480.92,0.3828125
212.72,492.49,0.40625
215.03,508.67,0.427734375
219.65,524.86,0.4482421875
221.97,554.91,0.4677734375
224.28,575.72,0.4755859375
226.59,596.53,0.4814453125
228.9,617.34,0.49609375
231.21,638.15,0.5107421875
233.53,656.65,0.5166015625
240.46,684.39,0.5205078125
245.09,700.58,0.5205078125
247.4,714.45,0.5205078125
252.02,730.64,0.5185546875
254.34,737.57,0.5107421875
254.34,742.2,0.50390625
254.34,744.51,0.474609375
254.34,742.2,0.2509765625

245.09,441.62,0.134765625
245.09,432.37,0.1611328125
242.77,427.75,0.158203125
242.77,423.12,0.1953125
240.46,420.81,0.2392578125
240.46,418.5,0.265625
240.46,416.18,0.3095703125
238.15,416.18,0.3359375
238.15,418.5,0.34765625
238.15,427.75,0.3564453125
240.46,434.68,0.359375
240.46,443.93,0.3662109375
242.77,460.12,0.3798828125
245.09,471.68,0.3828125
245.09,483.24,0.3857421875
245.09,497.11,0.3876953125
247.4,520.23,0.4072265625
247.4,527.17,0.4111328125
249.71,552.6,0.4208984375
252.02,568.79,0.421875
254.34,584.97,0.4248046875
256.65,610.4,0.423828125
258.96,626.59,0.423828125
258.96,642.77,0.4248046875
258.96,656.65,0.423828125
261.27,670.52,0.423828125
263.58,686.71,0.4111328125
265.9,693.64,0.396484375
265.9,700.58,0.376953125
265.9,702.89,0.3623046875
265.9,705.2,0.3603515625
265.9,707.51,0.33984375
265.9,709.83,0.333984375
265.9,712.14,0.3349609375
265.9,714.45,0.3349609375
265.9,716.76,0.3408203125
265.9,719.08,0.341796875
265.9,721.39,0.3408203125
265.9,723.7,0.337890625
265.9,726.01,0.337890625
265.9,728.32,0.33984375
265.9,730.64,0.3408203125
265.9,732.95,0.3408203125
265.9,735.26,0.341796875
265.9,737.57,0.341796875
263.58,737.57,0.33984375

268.21,730.64,0.1064453125
265.9,739.88,0.3046875
263.58,744.51,0.33203125
261.27,751.45,0.3515625
258.96,756.07,0.361328125
254.34,760.69,0.326171875

252.02,719.08,0.1953125
252.02,728.32,0.318359375
252.02,735.26,0.345703125
249.71,737.57,0.3564453125
245.09,742.2,0.3798828125
242.77,746.82,0.400390625
235.84,753.76,0.4296875
228.9,758.38,0.4375
226.59,760.69,0.44140625
224.28,763.01,0.443359375
221.97,765.32,0.4462890625
224.28,767.63,0.4990234375
226.59,767.63,0.5166015625
231.21,767.63,0.5263671875
238.15,769.94,0.52734375
242.77,769.94,0.5263671875
249.71,767.63,0.505859375
254.34,765.32,0.4951171875
258.96,760.69,0.4853515625
258.96,758.38,0.455078125
258.96,756.07,0.455078125
258.96,753.76,0.427734375

527.17,746.82,0.017578125
524.86,746.82,0.158203125
524.86,744.51,0.009765625

524.86,728.32,0.0615234375
527.17,723.7,0.27734375
527.17,726.01,0.3251953125
524.86,728.32,0.34765625
522.54,732.95,0.3779296875
522.54,739.88,0.41015625
522.54,744.51,0.4375
522.54,746.82,0.4501953125
524.86,751.45,0.47265625
529.48,756.07,0.4853515625
534.1,760.69,0.4892578125
538.73,763.01,0.4951171875
541.04,765.32,0.49609375
547.98,769.94,0.5
550.29,772.25,0.501953125
554.91,772.25,0.5029296875
557.23,774.57,0.5029296875
561.85,774.57,0.50390625
566.47,774.57,0.4990234375
568.79,774.57,0.4990234375
571.1,774.57,0.4931640625
573.41,774.57,0.47265625
575.72,774.57,0.4580078125
575.72,772.25,0.482421875
575.72,769.94,0.486328125
575.72,763.01,0.4775390625
573.41,756.07,0.427734375
573.41,753.76,0.24609375

279.77,413.87,0.220703125

279.77,413.87,0.12890625
284.39,413.87,0.1416015625
286.71,413.87,0.1298828125

295.95,404.62,0.0888671875
293.64,406.94,0.376953125
291.33,409.25,0.4013671875
289.02,411.56,0.416015625
284.39,416.18,0.4267578125
282.08,420.81,0.4306640625
277.46,425.43,0.4345703125
272.83,432.37,0.431640625
270.52,439.31,0.412109375
270.52,446.24,0.3720703125
270.52,450.87,0.306640625
270.52,455.49,0.1953125
270.52,457.8,0.00390625

279.77,416.18,0.080078125
279.77,413.87,0.216796875
282.08,413.87,0.2333984375
282.08,411.56,0.2626953125
282.08,409.25,0.2685546875
282.08,411.56,0.4267578125
279.77,416.18,0.447265625
279.77,418.5,0.453125
277.46,425.43,0.4697265625
275.14,432.37,0.474609375
272.83,439.31,0.478515625
272.83,443.93,0.4814453125
270.52,450.87,0.4814453125
270.52,455.49,0.482421875
270.52,457.8,0.482421875
270.52,460.12,0.4833984375
270.52,462.43,0.4833984375
270.52,464.74,0.4833984375
270.52,467.05,0.4833984375
270.52,469.36,0.482421875
270.52,471.68,0.4833984375
270.52,473.99,0.4853515625
270.52,476.3,0.4853515625
270.52,478.61,0.484375
270.52,480.92,0.484375
270.52,483.24,0.4833984375
270.52,487.86,0.478515625
272.83,490.17,0.474609375
272.83,494.8,0.4697265625
272.83,497.11,0.466796875
272.83,501.73,0.4521484375
272.83,510.98,0.4375
272.83,520.23,0.423828125
272.83,527.17,0.4033203125
272.83,538.73,0.37890625
270.52,554.91,0.3359375
268.21,568.79,0.2890625
268.21,582.66,0.23828125
265.9,596.53,0.193359375
265.9,605.78,0.1396484375
265.9,608.09,0.080078125

272.83,448.55,0.1357421875
272.83,460.12,0.24609375
272.83,467.05,0.2880859375
272.83,473.99,0.3193359375
272.83,483.24,0.353515625
272.83,492.49,0.3720703125
272.83,506.36,0.4052734375
272.83,515.61,0.4208984375
275.14,524.86,0.4404296875
277.46,536.42,0.4658203125
279.77,552.6,0.4970703125
282.08,564.16,0.5107421875
284.39,575.72,0.5185546875
286.71,587.28,0.5263671875
286.71,598.84,0.53515625
289.02,617.34,0.5556640625
291.33,631.21,0.5673828125
291.33,642.77,0.5751953125
293.64,656.65,0.578125
293.64,675.14,0.580078125
293.64,686.71,0.5810546875
295.95,695.95,0.58203125
295.95,705.2,0.5830078125
295.95,712.14,0.5830078125
298.27,719.08,0.58203125
298.27,721.39,0.58203125
298.27,723.7,0.5810546875
298.27,726.01,0.4609375
298.27,728.32,0.4619140625
298.27,730.64,0.4619140625
298.27,732.95,0.4619140625
295.95,732.95,0.4619140625
295.95,735.26,0.4296875
293.64,735.26,0.388671875
293.64,737.57,0.322265625
291.33,737.57,0.314453125
291.33,739.88,0.26171875
289.02,739.88,0.2177734375
289.02,742.2,0.21875
286.71,744.51,0.232421875
286.71,746.82,0.28125
284.39,746.82,0.2998046875
286.71,746.82,0.4609375
289.02,746.82,0.4921875
291.33,746.82,0.5
293.64,746.82,0.5009765625
295.95,746.82,0.5
298.27,746.82,0.5009765625

314.45,404.62,0.1484375
309.83,406.94,0.341796875
307.51,411.56,0.345703125
305.2,416.18,0.3486328125
300.58,423.12,0.3515625
300.58,427.75,0.3544921875
298.27,434.68,0.3505859375
298.27,439.31,0.3271484375
298.27,443.93,0.30078125
298.27,446.24,0.2958984375
298.27,448.55,0.2978515625
298.27,450.87,0.2978515625
298.27,453.18,0.3017578125
298.27,455.49,0.3046875
298.27,460.12,0.330078125
298.27,464.74,0.345703125
298.27,471.68,0.35546875
298.27,476.3,0.3642578125
298.27,485.55,0.3837890625
298.27,492.49,0.3955078125
300.58,497.11,0.41015625
300.58,501.73,0.42578125
300.58,508.67,0.4375
300.58,517.92,0.4521484375
300.58,524.86,0.4580078125
300.58,534.1,0.4658203125
300.58,541.04,0.4755859375
300.58,550.29,0.4794921875
302.89,564.16,0.482421875
302.89,571.1,0.4873046875
302.89,580.35,0.4873046875
305.2,589.6,0.490234375
305.2,603.47,0.4921875
307.51,610.4,0.4931640625
307.51,619.65,0.4921875
309.83,628.9,0.4912109375
309.83,635.84,0.4921875
309.83,647.4,0.4931640625
309.83,654.34,0.494140625
309.83,661.27,0.494140625
309.83,668.21,0.494140625
309.83,675.14,0.4931640625
309.83,682.08,0.494140625
309.83,686.71,0.494140625
312.14,691.33,0.494140625
312.14,695.95,0.494140625
314.45,702.89,0.4912109375
314.45,705.2,0.4892578125
314.45,709.83,0.482421875
314.45,714.45,0.478515625
316.76,719.08,0.4619140625
316.76,721.39,0.4521484375
316.76,723.7,0.4267578125
316.76,726.01,0.40625
316.76,728.32,0.3388671875
314.45,728.32,0.142578125
312.14,730.64,0.0341796875
309.83,730.64,0.0859375
309.83,732.95,0.11328125
307.51,732.95,0.1748046875
305.2,732.95,0.2509765625
302.89,735.26,0.322265625
300.58,735.26,0.3583984375
298.27,737.57,0.392578125
300.58,737.57,0.462890625
305.2,735.26,0.4794921875
314.45,732.95,0.48046875
319.08,730.64,0.4462890625
321.39,728.32,0.361328125

573.41,372.25,0.0439453125
575.72,376.88,0.10546875
575.72,379.19,0.083984375

582.66,397.69,0.0419921875
578.03,390.75,0.1474609375
578.03,388.44,0.15234375
575.72,386.13,0.150390625
575.72,383.82,0.1376953125
575.72,381.5,0.0947265625

573.41,369.94,0.0517578125
571.1,367.63,0.1796875
573.41,369.94,0.3876953125
573.41,374.57,0.408203125
575.72,381.5,0.42578125
578.03,386.13,0.431640625
580.35,393.06,0.4326171875
582.66,397.69,0.4345703125
584.97,402.31,0.4345703125
587.28,409.25,0.4345703125
587.28,411.56,0.43359375
587.28,413.87,0.4296875
587.28,416.18,0.3896484375
587.28,418.5,0.2705078125
587.28,420.81,0.2822265625
587.28,418.5,0.1162109375
584.97,418.5,0.0654296875

580.35,404.62,0.05078125
578.03,395.38,0.0634765625
578.03,393.06,0.0771484375
578.03,390.75,0.0810546875
575.72,388.44,0.14453125
575.72,386.13,0.1669921875
575.72,383.82,0.30859375
578.03,386.13,0.4150390625
578.03,388.44,0.4228515625
580.35,395.38,0.4365234375
584.97,404.62,0.44921875
589.6,411.56,0.4501953125
591.91,418.5,0.451171875
594.22,425.43,0.4521484375
594.22,432.37,0.4521484375
594.22,436.99,0.451171875
594.22,441.62,0.4375
594.22,443.93,0.40234375
594.22,446.24,0.3564453125
594.22,448.55,0.2890625
594.22,450.87,0.2763671875
594.22,453.18,0.255859375
594.22,457.8,0.2080078125
594.22,467.05,0.1640625
594.22,471.68,0.1240234375

598.84,432.37,0.1337890625
598.84,430.06,0.3056640625
598.84,432.37,0.31640625
596.53,441.62,0.328125
596.53,443.93,0.3310546875
596.53,453.18,0.341796875
596.53,460.12,0.35546875
594.22,473.99,0.376953125
591.91,485.55,0.408203125
587.28,497.11,0.42578125
584.97,508.67,0.443359375
582.66,529.48,0.462890625
580.35,543.35,0.4697265625
578.03,557.23,0.4755859375
578.03,571.1,0.4833984375
575.72,584.97,0.4921875
571.1,605.78,0.5009765625
571.1,619.65,0.5009765625
568.79,631.21,0.50390625
568.79,642.77,0.50390625
566.47,656.65,0.5126953125
566.47,665.9,0.5166015625
566.47,672.83,0.5185546875
566.47,679.77,0.5185546875
566.47,684.39,0.5185546875
566.47,689.02,0.5185546875
566.47,691.33,0.5185546875
566.47,693.64,0.5185546875
566.47,695.95,0.5185546875

571.1,670.52,0.1201171875
568.79,679.77,0.2119140625
568.79,684.39,0.2548828125
568.79,689.02,0.28125
568.79,693.64,0.34765625
568.79,695.95,0.3544921875
568.79,700.58,0.3759765625
568.79,705.2,0.3876953125
568.79,707.51,0.3896484375
571.1,709.83,0.3935546875
573.41,709.83,0.3955078125
575.72,712.14,0.4052734375
578.03,712.14,0.4189453125
580.35,714.45,0.4365234375
582.66,714.45,0.4482421875
584.97,716.76,0.44921875
587.28,716.76,0.439453125
587.28,719.08,0.412109375
589.6,719.08,0.39453125
589.6,721.39,0.384765625
589.6,723.7,0.38671875
589.6,726.01,0.3896484375
587.28,726.01,0.4033203125
587.28,728.32,0.412109375
584.97,728.32,0.416015625
584.97,730.64,0.4169921875
582.66,730.64,0.4169921875
582.66,732.95,0.400390625
580.35,732.95,0.3095703125
578.03,732.95,0.193359375
575.72,732.95,0.11328125
573.41,732.95,0.0947265625
571.1,732.95,0.1533203125
568.79,730.64,0.1826171875
566.47,730.64,0.193359375
564.16,728.32,0.1953125
561.85,726.01,0.2021484375
564.16,728.32,0.4267578125
566.47,730.64,0.45703125
571.1,730.64,0.4677734375
573.41,732.95,0.474609375
575.72,732.95,0.46875

564.16,524.86,0.1025390625
566.47,513.29,0.1171875
568.79,510.98,0.123046875
568.79,506.36,0.1171875
568.79,504.05,0.1064453125
568.79,499.42,0.0966796875
568.79,497.11,0.0908203125

568.79,492.49,0.01171875
568.79,494.8,0.2158203125
568.79,497.11,0.2470703125
566.47,510.98,0.3232421875
566.47,520.23,0.3486328125
564.16,531.79,0.3642578125
564.16,545.66,0.37109375
564.16,557.23,0.3759765625
561.85,580.35,0.4111328125
559.54,596.53,0.4345703125
559.54,608.09,0.4462890625
557.23,621.97,0.46875
557.23,631.21,0.4755859375
554.91,638.15,0.478515625
554.91,647.4,0.4814453125
552.6,656.65,0.4853515625
550.29,668.21,0.4873046875
550.29,675.14,0.4892578125
550.29,679.77,0.4892578125
550.29,686.71,0.490234375
550.29,691.33,0.48828125
550.29,695.95,0.4873046875
550.29,700.58,0.486328125
550.29,705.2,0.4853515625
550.29,707.51,0.4833984375
550.29,712.14,0.4794921875
550.29,714.45,0.4765625
547.98,716.76,0.4599609375
547.98,719.08,0.4599609375
547.98,723.7,0.4453125
547.98,726.01,0.328125
550.29,723.7,0.015625

554.91,721.39,0.197265625
561.85,730.64,0.384765625
564.16,732.95,0.3857421875

215.03,131.79,0.134765625
215.03,124.86,0.2548828125
215.03,122.54,0.314453125
215.03,120.23,0.376953125
217.34,120.23,0.423828125
217.34,117.92,0.4345703125
219.65,117.92,0.4384765625
221.97,117.92,0.4423828125
224.28,117.92,0.447265625
226.59,117.92,0.44921875
228.9,117.92,0.4482421875
231.21,117.92,0.4482421875
233.53,117.92,0.44921875
235.84,117.92,0.4541015625
235.84,120.23,0.4541015625
238.15,122.54,0.451171875
238.15,124.86,0.4423828125
233.53,124.86,0.201171875
233.53,127.17,0.2255859375
231.21,127.17,0.279296875
233.53,127.17,0.390625
233.53,124.86,0.392578125
238.15,122.54,0.3935546875
245.09,120.23,0.390625
252.02,117.92,0.3798828125
261.27,117.92,0.3349609375
263.58,117.92,0.134765625

224.28,122.54,0.236328125
238.15,124.86,0.400390625
254.34,122.54,0.4208984375
275.14,122.54,0.42578125
293.64,120.23,0.427734375
312.14,120.23,0.423828125
332.95,120.23,0.41015625
356.07,120.23,0.3642578125
379.19,120.23,0.3203125
383.82,120.23,0.0341796875

252.02,191.91,0.099609375
268.21,191.91,0.134765625
279.77,191.91,0.16015625
295.95,189.6,0.19140625
309.83,189.6,0.1826171875

242.77,194.22,0.173828125
254.34,194.22,0.2177734375
263.58,194.22,0.2705078125
272.83,194.22,0.2958984375
284.39,194.22,0.330078125
293.64,194.22,0.3466796875
314.45,194.22,0.3564453125
328.32,194.22,0.3583984375
342.2,194.22,0.359375
358.38,194.22,0.359375
374.57,194.22,0.3583984375
397.69,194.22,0.3544921875
413.87,194.22,0.3515625
427.75,194.22,0.341796875
441.62,194.22,0.326171875
462.43,194.22,0.2919921875
476.3,194.22,0.263671875
487.86,194.22,0.263671875
499.42,194.22,0.2607421875
508.67,194.22,0.216796875
522.54,194.22,0.1982421875
529.48,194.22,0.197265625
536.42,194.22,0.203125
541.04,194.22,0.205078125
547.98,194.22,0.20703125

557.23,189.6,0.1337890625

265.9,279.77,0.1484375
265.9,282.08,0.2421875
272.83,282.08,0.255859375
282.08,282.08,0.291015625
291.33,282.08,0.2958984375
302.89,279.77,0.2958984375
321.39,279.77,0.251953125
323.7,279.77,0.2158203125

256.65,284.39,0.2099609375
270.52,286.71,0.3203125
279.77,286.71,0.353515625
298.27,286.71,0.3798828125
314.45,284.39,0.3818359375
332.95,284.39,0.3828125
353.76,282.08,0.388671875
386.13,282.08,0.3974609375
404.62,282.08,0.400390625
425.43,282.08,0.400390625
441.62,282.08,0.396484375
457.8,279.77,0.3876953125
471.68,279.77,0.3701171875
485.55,279.77,0.326171875
492.49,279.77,0.298828125
497.11,279.77,0.2841796875
499.42,277.46,0.26171875
501.73,277.46,0.251953125
504.05,275.14,0.26953125
506.36,275.14,0.275390625
513.29,275.14,0.3076171875
515.61,275.14,0.30859375
520.23,275.14,0.3095703125
522.54,275.14,0.3115234375
524.86,275.14,0.314453125
527.17,275.14,0.3271484375
529.48,275.14,0.3271484375
531.79,275.14,0.322265625
534.1,275.14,0.322265625
536.42,275.14,0.3212890625
538.73,275.14,0.2685546875

261.27,360.69,0.1416015625
265.9,360.69,0.1650390625
270.52,360.69,0.166015625
275.14,360.69,0.1591796875
279.77,360.69,0.111328125

261.27,360.69,0.138671875
277.46,363.01,0.3388671875
286.71,363.01,0.353515625
298.27,363.01,0.3583984375
314.45,363.01,0.3701171875
337.57,363.01,0.3779296875
356.07,363.01,0.3779296875
374.57,363.01,0.3935546875
393.06,363.01,0.4013671875
413.87,360.69,0.404296875
441.62,358.38,0.4052734375
460.12,358.38,0.404296875
476.3,356.07,0.4013671875
490.17,356.07,0.3896484375
508.67,356.07,0.3740234375
517.92,356.07,0.369140625
522.54,356.07,0.3603515625
524.86,356.07,0.3583984375
527.17,356.07,0.353515625
529.48,356.07,0.3525390625
531.79,356.07,0.3583984375
534.1,356.07,0.3583984375
536.42,353.76,0.3564453125
534.1,353.76,0.3447265625
534.1,356.07,0.3369140625
536.42,356.07,0.298828125
536.42,353.76,0.30859375
536.42,351.45,0.3271484375

531.79,108.67,0.14453125
531.79,106.36,0.2109375
531.79,104.05,0.181640625
531.79,106.36,0.3095703125
529.48,110.98,0.3173828125
527.17,113.29,0.30859375
527.17,115.61,0.171875

536.42,97.11,0.033203125
534.1,97.11,0.376953125
536.42,99.42,0.4716796875
541.04,101.73,0.498046875
547.98,106.36,0.53125
554.91,110.98,0.541015625
559.54,113.29,0.54296875
566.47,117.92,0.5439453125
568.79,120.23,0.544921875
573.41,124.86,0.5439453125
575.72,124.86,0.5439453125
575.72,127.17,0.5390625

559.54,154.91,0.029296875
557.23,154.91,0.25
559.54,154.91,0.3740234375
566.47,157.23,0.400390625
573.41,159.54,0.404296875
578.03,161.85,0.380859375
582.66,166.47,0.296875
584.97,166.47,0.220703125

561.85,166.47,0.05078125
561.85,164.16,0.0849609375
559.54,161.85,0.119140625
559.54,159.54,0.1416015625
559.54,157.23,0.162109375
557.23,157.23,0.171875
557.23,159.54,0.2138671875
557.23,164.16,0.2431640625
557.23,168.79,0.2529296875
559.54,175.72,0.2548828125
559.54,182.66,0.251953125
561.85,196.53,0.1962890625
561.85,208.09,0.158203125
561.85,219.65,0.0419921875

561.85,238.15,0.0400390625
561.85,245.09,0.048828125

559.54,221.97,0.103515625
557.23,212.72,0.048828125

557.23,184.97,0.0009765625

557.23,157.23,0.15234375
557.23,164.16,0.275390625
557.23,171.1,0.3154296875
559.54,180.35,0.3466796875
559.54,198.84,0.3740234375
561.85,212.72,0.3974609375
564.16,226.59,0.4111328125
564.16,242.77,0.431640625
564.16,256.65,0.447265625
564.16,277.46,0.4677734375
564.16,289.02,0.47265625
564.16,302.89,0.474609375
564.16,312.14,0.4765625
564.16,319.08,0.4765625
564.16,326.01,0.4755859375
564.16,328.32,0.4716796875
564.16,330.64,0.4609375
564.16,332.95,0.390625
564.16,330.64,0.2177734375

561.85,168.79,0.126953125
559.54,182.66,0.3564453125
559.54,191.91,0.38671875
559.54,203.47,0.4169921875
559.54,215.03,0.443359375
559.54,226.59,0.4619140625
559.54,245.09,0.482421875
559.54,258.96,0.5009765625
559.54,270.52,0.51171875
559.54,289.02,0.5244140625
559.54,300.58,0.5341796875
559.54,312.14,0.5400390625
559.54,321.39,0.5400390625
559.54,330.64,0.541015625
559.54,337.57,0.54296875
559.54,349.13,0.5419921875
559.54,351.45,0.54296875
559.54,356.07,0.5419921875
559.54,358.38,0.5419921875
559.54,360.69,0.54296875
559.54,358.38,0.3330078125
559.54,356.07,0.2880859375
559.54,353.76,0.3056640625
559.54,351.45,0.3359375
561.85,351.45,0.4375
564.16,349.13,0.4189453125
566.47,349.13,0.3896484375

552.6,349.13,0.1962890625
550.29,351.45,0.3837890625
554.91,351.45,0.482421875
559.54,351.45,0.5224609375
566.47,351.45,0.5419921875
571.1,351.45,0.548828125
575.72,351.45,0.5537109375
575.72,349.13,0.35546875
575.72,346.82,0.236328125

215.03,120.23,0.1474609375
212.72,117.92,0.2119140625
212.72,115.61,0.216796875
210.4,113.29,0.2158203125
210.4,110.98,0.1962890625
210.4,108.67,0.16796875
208.09,106.36,0.1796875
208.09,108.67,0.2958984375
208.09,113.29,0.3466796875
208.09,122.54,0.3701171875
208.09,131.79,0.3720703125
208.09,143.35,0.373046875
210.4,154.91,0.3359375
212.72,161.85,0.1982421875

208.09,108.67,0.1640625
208.09,117.92,0.31640625
208.09,124.86,0.34375
208.09,134.1,0.3603515625
210.4,143.35,0.37890625
212.72,157.23,0.4140625
212.72,171.1,0.4404296875
215.03,182.66,0.458984375
215.03,198.84,0.470703125
215.03,215.03,0.4833984375
217.34,238.15,0.4931640625
219.65,254.34,0.4970703125
221.97,268.21,0.5
224.28,284.39,0.501953125
226.59,305.2,0.5029296875
226.59,321.39,0.50390625
228.9,335.26,0.50390625
228.9,346.82,0.50390625
228.9,358.38,0.505859375
228.9,372.25,0.5048828125
228.9,379.19,0.50390625
228.9,383.82,0.5029296875
231.21,388.44,0.4970703125
231.21,390.75,0.48828125
231.21,388.44,0.4091796875
231.21,386.13,0.330078125

210.4,115.61,0.1806640625
208.09,115.61,0.4365234375
210.4,115.61,0.4619140625
215.03,115.61,0.5205078125
219.65,115.61,0.5478515625
224.28,117.92,0.5673828125
233.53,122.54,0.576171875
240.46,124.86,0.5771484375
247.4,127.17,0.5771484375
252.02,129.48,0.578125
254.34,129.48,0.57421875
256.65,129.48,0.5498046875
254.34,129.48,0.3369140625

372.25,147.98,0.2197265625
369.94,147.98,0.37890625
367.63,150.29,0.4228515625
367.63,152.6,0.447265625
365.32,152.6,0.453125
365.32,154.91,0.4609375
365.32,157.23,0.4619140625
365.32,159.54,0.4599609375
367.63,161.85,0.455078125
369.94,161.85,0.4326171875
374.57,164.16,0.3486328125
376.88,164.16,0.259765625
379.19,164.16,0.1796875
381.5,164.16,0.0673828125

383.82,157.23,0.05859375
381.5,150.29,0.1484375
381.5,147.98,0.1494140625
379.19,147.98,0.1533203125
374.57,147.98,0.158203125
372.25,147.98,0.0029296875

376.88,233.53,0.08984375
376.88,235.84,0.3701171875
376.88,238.15,0.4140625
374.57,240.46,0.41796875
374.57,242.77,0.4208984375
374.57,245.09,0.421875
374.57,249.71,0.4228515625
374.57,252.02,0.423828125
376.88,256.65,0.4189453125
379.19,256.65,0.4091796875
383.82,256.65,0.361328125
388.44,256.65,0.3154296875
393.06,254.34,0.1884765625
393.06,252.02,0.0986328125
393.06,249.71,0.037109375
393.06,247.4,0.0400390625
393.06,245.09,0.068359375
388.44,242.77,0.146484375
386.13,240.46,0.1669921875
383.82,240.46,0.1640625

383.82,328.32,0.30078125
383.82,332.95,0.4384765625
383.82,337.57,0.4375
386.13,342.2,0.4326171875
388.44,344.51,0.4228515625
393.06,346.82,0.3818359375
397.69,346.82,0.33984375
404.62,344.51,0.279296875
406.94,339.88,0.2314453125
406.94,335.26,0.201171875
406.94,332.95,0.1953125
404.62,330.64,0.2255859375
402.31,328.32,0.259765625
397.69,328.32,0.291015625
393.06,328.32,0.2919921875
390.75,328.32,0.2685546875

254.34,203.47,0.0615234375
252.02,203.47,0.1884765625
249.71,203.47,0.2021484375
247.4,205.78,0.21484375
245.09,208.09,0.2265625
240.46,208.09,0.2626953125
240.46,210.4,0.279296875
238.15,210.4,0.3271484375
238.15,208.09,0.412109375
240.46,208.09,0.4140625
245.09,205.78,0.416015625
247.4,205.78,0.4169921875
252.02,203.47,0.416015625
254.34,203.47,0.4130859375
256.65,203.47,0.39453125

242.77,203.47,0.01953125
240.46,198.84,0.1455078125
238.15,198.84,0.1962890625
238.15,196.53,0.2255859375
238.15,194.22,0.3642578125
240.46,194.22,0.4619140625
245.09,194.22,0.4794921875
249.71,194.22,0.486328125
258.96,191.91,0.48828125
261.27,191.91,0.4873046875
265.9,194.22,0.44140625
268.21,194.22,0.390625
268.21,196.53,0.33203125
265.9,196.53,0.1875

242.77,147.98,0.0732421875
242.77,145.66,0.3076171875
242.77,147.98,0.35546875
242.77,150.29,0.3779296875
242.77,152.6,0.3876953125
242.77,159.54,0.3935546875
245.09,168.79,0.3916015625
245.09,173.41,0.3564453125
245.09,178.03,0.2666015625

240.46,180.35,0.056640625
254.34,182.66,0.259765625
261.27,182.66,0.2607421875
270.52,184.97,0.25390625
289.02,187.28,0.21484375
302.89,187.28,0.232421875
319.08,189.6,0.2353515625
337.57,189.6,0.2216796875
358.38,187.28,0.150390625
360.69,187.28,0.1123046875

286.71,180.35,0.126953125
298.27,180.35,0.306640625
307.51,180.35,0.3466796875
319.08,180.35,0.353515625
330.64,180.35,0.3505859375
344.51,180.35,0.3505859375
369.94,180.35,0.349609375
386.13,180.35,0.34765625
404.62,180.35,0.33984375
420.81,182.66,0.3291015625
446.24,182.66,0.30859375
460.12,182.66,0.28125
471.68,182.66,0.2724609375
483.24,182.66,0.2724609375
492.49,182.66,0.2607421875
504.05,182.66,0.197265625
508.67,184.97,0.119140625
510.98,184.97,0.0712890625
513.29,184.97,0.0712890625
517.92,184.97,0.11328125
520.23,184.97,0.13671875

517.92,152.6,0.048828125
517.92,147.98,0.2646484375
517.92,150.29,0.365234375
517.92,152.6,0.3740234375
517.92,157.23,0.384765625
517.92,166.47,0.3935546875
517.92,173.41,0.3955078125
517.92,180.35,0.3974609375
515.61,189.6,0.38671875
515.61,194.22,0.35546875

249.71,131.79,0.17578125
263.58,131.79,0.27734375
270.52,131.79,0.2880859375
279.77,131.79,0.2919921875
289.02,131.79,0.29296875
305.2,131.79,0.287109375
319.08,131.79,0.291015625
332.95,131.79,0.2919921875
353.76,131.79,0.291015625
369.94,131.79,0.291015625
383.82,131.79,0.2822265625
397.69,131.79,0.2626953125
409.25,134.1,0.240234375
425.43,134.1,0.2158203125
436.99,134.1,0.2080078125
446.24,134.1,0.1953125
455.49,134.1,0.15234375
467.05,134.1,0.1298828125
473.99,134.1,0.111328125
480.92,134.1,0.03125
483.24,134.1,0.0341796875
485.55,134.1,0.103515625
487.86,134.1,0.1103515625
490.17,134.1,0.060546875
492.49,134.1,0.09765625
497.11,134.1,0.13671875
499.42,134.1,0.1220703125
504.05,134.1,0.12890625
506.36,134.1,0.1396484375
510.98,134.1,0.1923828125
513.29,136.42,0.2265625
517.92,136.42,0.244140625
522.54,136.42,0.255859375
527.17,136.42,0.2705078125
531.79,136.42,0.2734375
534.1,136.42,0.267578125

256.65,226.59,0.125
254.34,224.28,0.1494140625
254.34,231.21,0.3115234375
254.34,235.84,0.3125
256.65,242.77,0.31640625
256.65,249.71,0.3193359375
258.96,256.65,0.3193359375
261.27,263.58,0.314453125
261.27,268.21,0.302734375
261.27,272.83,0.2958984375
263.58,275.14,0.259765625

263.58,275.14,0.0078125
268.21,275.14,0.21484375
272.83,275.14,0.2626953125
277.46,275.14,0.287109375
282.08,275.14,0.298828125
289.02,275.14,0.3154296875
295.95,275.14,0.32421875
300.58,275.14,0.353515625
309.83,275.14,0.361328125
316.76,275.14,0.3671875
330.64,275.14,0.376953125
337.57,277.46,0.376953125
346.82,277.46,0.3759765625
356.07,277.46,0.3740234375
369.94,277.46,0.361328125
379.19,277.46,0.3544921875
383.82,277.46,0.33984375
390.75,277.46,0.3193359375
395.38,277.46,0.3154296875
404.62,277.46,0.314453125
411.56,277.46,0.314453125
416.18,277.46,0.3154296875
423.12,277.46,0.31640625
434.68,277.46,0.31640625
441.62,277.46,0.31640625
448.55,277.46,0.31640625
455.49,277.46,0.314453125
462.43,277.46,0.3095703125
473.99,275.14,0.2763671875
480.92,275.14,0.2646484375
487.86,272.83,0.26171875
492.49,272.83,0.24609375
499.42,270.52,0.1640625
501.73,270.52,0.1171875

265.9,219.65,0.1142578125
272.83,219.65,0.328125
282.08,219.65,0.3583984375
291.33,219.65,0.373046875
302.89,219.65,0.37890625
316.76,219.65,0.3798828125
337.57,219.65,0.3798828125
351.45,219.65,0.380859375
363.01,219.65,0.380859375
376.88,219.65,0.380859375
388.44,219.65,0.380859375
404.62,219.65,0.3818359375
416.18,219.65,0.380859375
425.43,219.65,0.380859375
434.68,219.65,0.380859375
448.55,219.65,0.37109375
455.49,219.65,0.365234375
462.43,217.34,0.359375
467.05,217.34,0.353515625
471.68,217.34,0.349609375
478.61,217.34,0.337890625
480.92,217.34,0.3359375
485.55,217.34,0.3232421875
490.17,217.34,0.322265625
494.8,217.34,0.310546875
497.11,217.34,0.236328125
499.42,217.34,0.2109375
501.73,217.34,0.251953125
504.05,217.34,0.25390625
506.36,217.34,0.2158203125
508.67,217.34,0.1845703125
510.98,217.34,0.2060546875
513.29,217.34,0.1728515625
515.61,217.34,0.1162109375
515.61,219.65,0.248046875
515.61,221.97,0.2529296875
515.61,224.28,0.2607421875
515.61,231.21,0.306640625
515.61,235.84,0.345703125
515.61,240.46,0.3505859375
515.61,245.09,0.353515625
515.61,249.71,0.353515625
517.92,256.65,0.349609375
520.23,258.96,0.3486328125
520.23,261.27,0.3447265625
517.92,263.58,0.333984375
515.61,265.9,0.3134765625
515.61,268.21,0.2646484375

258.96,305.2,0.189453125
261.27,305.2,0.3486328125
261.27,307.51,0.3525390625
261.27,312.14,0.359375
261.27,319.08,0.3623046875
261.27,326.01,0.3623046875
261.27,332.95,0.3603515625
261.27,344.51,0.287109375
263.58,349.13,0.203125

265.9,346.82,0.12890625
265.9,351.45,0.0400390625

265.9,346.82,0.001953125
268.21,356.07,0.0732421875
270.52,356.07,0.1533203125
275.14,356.07,0.1689453125
282.08,356.07,0.1708984375
289.02,356.07,0.138671875

272.83,358.38,0.1630859375
282.08,358.38,0.3046875
295.95,358.38,0.3369140625
305.2,356.07,0.3427734375
319.08,356.07,0.3427734375
330.64,356.07,0.34375
351.45,356.07,0.34375
367.63,353.76,0.3515625
381.5,353.76,0.3544921875
397.69,353.76,0.35546875
411.56,353.76,0.35546875
427.75,353.76,0.3564453125
450.87,353.76,0.35546875
464.74,351.45,0.3564453125
476.3,351.45,0.35546875
487.86,351.45,0.3466796875
501.73,349.13,0.318359375
508.67,349.13,0.302734375
510.98,349.13,0.3017578125
513.29,349.13,0.298828125
515.61,346.82,0.2841796875

284.39,305.2,0.1796875
291.33,305.2,0.3173828125
302.89,305.2,0.3544921875
312.14,305.2,0.3662109375
326.01,305.2,0.3662109375
344.51,305.2,0.361328125
360.69,305.2,0.357421875
374.57,305.2,0.3486328125
386.13,305.2,0.3271484375
397.69,305.2,0.2958984375
409.25,305.2,0.2666015625
425.43,302.89,0.2265625
436.99,302.89,0.1982421875
446.24,302.89,0.162109375
455.49,302.89,0.1484375
460.12,302.89,0.1376953125
467.05,302.89,0.1552734375
471.68,302.89,0.181640625
478.61,302.89,0.185546875
485.55,302.89,0.15234375
490.17,302.89,0.15625
497.11,302.89,0.18359375
499.42,302.89,0.2001953125
504.05,302.89,0.2119140625
506.36,302.89,0.201171875
506.36,300.58,0.0439453125

515.61,298.27,0.1904296875
515.61,300.58,0.2705078125
515.61,302.89,0.291015625
513.29,305.2,0.302734375
513.29,309.83,0.3173828125
510.98,312.14,0.3212890625
510.98,316.76,0.32421875
510.98,321.39,0.3271484375
510.98,323.7,0.3291015625
510.98,328.32,0.34765625
510.98,332.95,0.3544921875
510.98,337.57,0.3662109375
510.98,339.88,0.369140625
510.98,342.2,0.37109375
510.98,344.51,0.37109375
510.98,346.82,0.37109375
510.98,349.13,0.37109375
510.98,351.45,0.37109375
510.98,353.76,0.369140625
510.98,356.07,0.3662109375
510.98,358.38,0.3583984375
513.29,358.38,0.1884765625
515.61,358.38,0.197265625

224.28,365.32,0.1591796875
224.28,360.69,0.298828125
226.59,360.69,0.3408203125
228.9,360.69,0.345703125
228.9,363.01,0.34765625
228.9,367.63,0.3515625
228.9,369.94,0.3525390625
224.28,374.57,0.353515625
221.97,381.5,0.353515625
219.65,388.44,0.333984375
217.34,388.44,0.31640625
217.34,390.75,0.2509765625

224.28,372.25,0.130859375
224.28,374.57,0.3837890625
224.28,376.88,0.4150390625
221.97,381.5,0.458984375
219.65,386.13,0.4970703125
217.34,388.44,0.5048828125
215.03,393.06,0.52734375
212.72,395.38,0.53125
210.4,397.69,0.5380859375
208.09,402.31,0.544921875
208.09,404.62,0.5458984375
205.78,406.94,0.5478515625
205.78,409.25,0.552734375
203.47,413.87,0.5634765625
201.16,416.18,0.5634765625
201.16,418.5,0.5673828125
201.16,420.81,0.568359375
198.84,423.12,0.5693359375
198.84,425.43,0.5732421875
198.84,427.75,0.578125
196.53,427.75,0.5810546875
196.53,430.06,0.5810546875
196.53,432.37,0.5830078125
196.53,434.68,0.583984375
196.53,436.99,0.5849609375
196.53,439.31,0.5849609375
196.53,441.62,0.5859375
196.53,443.93,0.5859375
196.53,446.24,0.5869140625
196.53,448.55,0.5869140625
196.53,450.87,0.5869140625
196.53,455.49,0.5869140625
196.53,460.12,0.5859375
196.53,464.74,0.5625
196.53,469.36,0.515625
198.84,476.3,0.4287109375
198.84,480.92,0.3544921875

201.16,436.99,0.046875
201.16,430.06,0.130859375
201.16,427.75,0.134765625
203.47,425.43,0.140625
203.47,423.12,0.1640625
203.47,425.43,0.29296875
203.47,427.75,0.3271484375
203.47,430.06,0.3525390625
203.47,434.68,0.375
203.47,446.24,0.40625
203.47,455.49,0.421875
205.78,464.74,0.427734375
208.09,476.3,0.4306640625
212.72,494.8,0.4296875
212.72,510.98,0.421875
215.03,524.86,0.39453125
215.03,541.04,0.3193359375
215.03,545.66,0.109375

321.39,693.64,0.140625
337.57,693.64,0.2021484375
349.13,693.64,0.2412109375
365.32,693.64,0.2490234375
383.82,695.95,0.2490234375
404.62,698.27,0.2431640625
441.62,700.58,0.2470703125
469.36,700.58,0.248046875
499.42,700.58,0.2236328125
527.17,700.58,0.169921875
534.1,698.27,0.013671875

263.58,705.2,0.1943359375
252.02,712.14,0.322265625
240.46,719.08,0.3505859375
226.59,728.32,0.3701171875
208.09,737.57,0.3740234375
173.41,758.38,0.380859375
147.98,772.25,0.3974609375
129.48,783.82,0.4130859375
117.92,790.75,0.4189453125
115.61,793.06,0.4111328125
127.17,788.44,0.02734375

575.72,700.58,0.083984375
591.91,700.58,0.2060546875
605.78,700.58,0.2646484375
619.65,700.58,0.3203125
638.15,700.58,0.35546875
668.21,702.89,0.3681640625
689.02,702.89,0.3701171875
712.14,702.89,0.37109375
730.64,705.2,0.3701171875
753.76,705.2,0.3544921875
760.69,705.2,0.2900390625

270.52,55.49,0.1044921875
270.52,43.93,0.1259765625
270.52,34.68,0.1279296875
270.52,30.06,0.1416015625
270.52,25.43,0.1533203125
270.52,23.12,0.1552734375
268.21,18.5,0.16015625
268.21,20.81,0.1845703125
268.21,23.12,0.2265625
270.52,32.37,0.2646484375
270.52,41.62,0.2705078125
270.52,53.18,0.2744140625
270.52,69.36,0.2802734375
272.83,78.61,0.2802734375
272.83,87.86,0.2587890625
272.83,94.8,0.1826171875

332.95,608.09,0.181640625
353.76,608.09,0.185546875
367.63,608.09,0.1982421875
381.5,608.09,0.2138671875
395.38,608.09,0.2138671875
411.56,608.09,0.197265625
418.5,610.4,0.0322265625

589.6,605.78,0.1484375
601.16,605.78,0.1630859375
619.65,605.78,0.189453125
633.53,605.78,0.2314453125
652.02,605.78,0.26171875
672.83,608.09,0.2861328125
705.2,610.4,0.2919921875
728.32,612.72,0.2919921875
749.13,612.72,0.2919921875
772.25,615.03,0.232421875

205.78,617.34,0.1376953125
198.84,621.97,0.2158203125
194.22,624.28,0.2255859375
184.97,628.9,0.2314453125
171.1,635.84,0.203125
147.98,649.71,0.1630859375
127.17,658.96,0.158203125
104.05,670.52,0.158203125
80.92,679.77,0.1640625
55.49,691.33,0.1787109375
20.81,705.2,0.193359375
0.0,712.14,0.2041015625

