89.93,12.64,0.01953125
87.04,18.42,0.0224609375
76.93,38.65,0.1787109375
62.48,57.43,0.2158203125
48.04,79.1,0.234375
35.03,100.77,0.234375
27.81,113.77,0.1875
27.81,115.21,0.0341796875

81.26,11.2,0.021484375
81.26,12.64,0.0361328125
76.93,19.86,0.232421875
71.15,32.87,0.27734375
59.59,50.2,0.302734375
46.59,71.87,0.318359375
33.59,94.99,0.3271484375
20.59,116.66,0.3251953125
19.14,119.55,0.31640625
22.03,109.44,0.1806640625
30.7,92.1,0.017578125

58.15,51.65,0.0009765625
65.37,40.09,0.0361328125
65.37,40.09,0.189453125
62.48,45.87,0.2353515625
40.81,74.76,0.3076171875
23.48,97.88,0.322265625
10.47,115.21,0.3154296875
7.58,120.99,0.140625

731.38,3.97,0.0830078125
734.27,11.2,0.2451171875
741.49,19.86,0.2578125
753.05,42.98,0.3203125
768.94,70.43,0.3310546875
790.61,107.99,0.3203125
799.28,125.33,0.291015625

745.82,9.75,0.2060546875
748.71,19.86,0.234375
761.72,44.42,0.3232421875
777.61,74.76,0.3408203125

768.94,22.75,0.056640625
774.72,40.09,0.2197265625
794.94,90.65,0.314453125

362.98,27.09,0.0927734375
360.09,45.87,0.1064453125
351.42,86.32,0.205078125
344.2,144.11,0.232421875
342.75,168.67,0.2197265625
342.75,174.45,0.2109375

354.31,50.2,0.2421875
348.53,68.98,0.2431640625
335.53,116.66,0.2548828125
318.19,190.34,0.2255859375
315.3,206.23,0.1015625

321.08,460.5,0.23828125
318.19,474.94,0.2451171875
310.97,516.84,0.3515625
299.41,571.74,0.376953125
282.08,661.31,0.3740234375
273.41,711.87,0.36328125
266.19,749.44,0.345703125
258.96,774.0,0.3173828125
254.63,787.0,0.2880859375
253.18,782.66,0.125

318.19,516.84,0.2509765625
315.3,526.95,0.3232421875
312.42,541.4,0.32421875
306.64,580.41,0.4150390625
296.52,633.86,0.451171875
280.63,720.54,0.4521484375
271.96,765.33,0.435546875
266.19,795.67,0.412109375

258.96,800.0,0.04296875

182.39,48.76,0.18359375
179.5,61.76,0.2255859375
169.39,93.54,0.27734375
153.5,145.55,0.3154296875
131.83,207.67,0.310546875
111.6,266.91,0.3173828125
95.71,313.14,0.287109375
84.15,344.92,0.2353515625

63.93,525.51,0.310546875
52.37,563.07,0.2705078125
37.92,603.52,0.2880859375
19.14,656.98,0.3017578125
9.03,687.31,0.3046875
1.81,704.65,0.3017578125
1.81,704.65,0.1298828125

633.14,81.99,0.3330078125
637.47,100.77,0.3193359375
647.58,151.33,0.3310546875
657.7,203.34,0.33984375
669.26,261.13,0.3583984375
673.59,282.8,0.3681640625
675.03,291.47,0.33984375
675.03,285.69,0.248046875
675.03,278.47,0.0341796875

698.15,428.71,0.185546875
708.26,466.28,0.2734375
724.15,515.4,0.333984375
744.38,574.63,0.3603515625
773.27,662.75,0.3583984375
787.72,708.98,0.3525390625
796.39,742.21,0.359375

716.93,487.95,0.345703125
721.26,505.28,0.337890625
735.71,554.4,0.3515625
754.49,612.19,0.3662109375
773.27,671.42,0.341796875
790.61,719.1,0.2958984375

757.38,638.19,0.36328125
763.16,671.42,0.2421875
774.72,736.43,0.2412109375
784.83,785.55,0.2451171875

573.91,446.05,0.0791015625
572.46,446.05,0.296875
576.79,459.05,0.3505859375
589.8,489.39,0.4150390625
604.24,528.4,0.427734375
620.14,583.3,0.412109375
627.36,609.3,0.3603515625
630.25,626.64,0.23828125
630.25,629.53,0.126953125

586.91,466.28,0.123046875
588.35,486.5,0.30078125
597.02,519.73,0.3115234375
610.02,571.74,0.30859375
618.69,599.19,0.2275390625
623.02,615.08,0.087890625

586.91,480.72,0.2802734375
595.58,522.62,0.28515625
607.13,565.96,0.3125
617.25,603.52,0.275390625
627.36,626.64,0.12890625

170.84,298.69,0.1982421875
178.06,330.47,0.2509765625
189.62,369.48,0.3037109375
199.73,407.04,0.32421875
206.95,435.94,0.333984375
217.07,461.94,0.3515625
219.95,464.83,0.3193359375
219.95,457.61,0.2783203125
218.51,448.94,0.16796875

175.17,287.13,0.267578125
178.06,320.36,0.275390625
183.84,365.15,0.36328125
198.28,421.49,0.3974609375
205.51,444.6,0.400390625
211.29,456.16,0.3515625
211.29,457.61,0.2822265625
205.51,443.16,0.099609375
201.17,433.05,0.0166015625

185.28,363.7,0.1240234375
195.4,383.93,0.2431640625
209.84,415.71,0.326171875
222.84,447.49,0.3466796875
234.4,473.5,0.361328125
243.07,493.72,0.361328125
247.4,503.84,0.3095703125
245.96,498.06,0.1240234375

205.51,264.02,0.251953125
205.51,274.13,0.28515625
212.73,300.14,0.3671875
222.84,340.59,0.44140625
237.29,399.82,0.5087890625
244.51,427.27,0.5087890625
248.85,447.49,0.5166015625
250.29,454.72,0.5078125
250.29,453.27,0.462890625
240.18,434.49,0.3291015625
217.07,385.37,0.18359375
205.51,349.26,0.1337890625
201.17,321.81,0.1162109375
202.62,310.25,0.212890625
211.29,329.03,0.318359375
221.4,365.15,0.400390625
231.51,405.6,0.447265625
240.18,435.94,0.4736328125
248.85,459.05,0.427734375
250.29,454.72,0.2744140625
250.29,444.6,0.0498046875

277.74,177.34,0.0322265625
282.08,175.89,0.2470703125
292.19,170.11,0.25390625
349.98,154.22,0.3388671875
403.43,151.33,0.40625
454.0,151.33,0.412109375
488.67,154.22,0.384765625
508.89,160.0,0.2275390625

269.07,207.67,0.017578125
267.63,207.67,0.21484375
282.08,200.45,0.255859375
342.75,187.45,0.3564453125
407.77,181.67,0.4091796875
468.44,181.67,0.416015625
511.78,181.67,0.4189453125
537.79,183.12,0.37890625
547.9,190.34,0.1025390625

374.54,160.0,0.041015625
378.87,160.0,0.310546875
407.77,160.0,0.3251953125
475.67,162.89,0.4443359375
516.12,165.78,0.4619140625
545.01,170.11,0.4443359375
560.9,177.34,0.2646484375

611.47,213.45,0.1376953125
610.02,226.46,0.28515625
608.58,249.57,0.3974609375
607.13,287.13,0.49609375
598.47,359.37,0.5419921875
588.35,404.15,0.5703125
579.68,435.94,0.576171875
573.91,453.27,0.5849609375
572.46,457.61,0.5771484375
575.35,440.27,0.35546875
576.79,428.71,0.2158203125

614.36,253.91,0.2646484375
611.47,258.24,0.3056640625
607.13,275.58,0.4345703125
602.8,307.36,0.49609375
594.13,372.37,0.53515625
586.91,411.38,0.5517578125
581.13,440.27,0.5478515625
579.68,454.72,0.5478515625
579.68,447.49,0.421875
584.02,421.49,0.2294921875
586.91,404.15,0.01953125

615.8,256.79,0.2744140625
615.8,268.35,0.3037109375
614.36,304.47,0.4326171875
605.69,373.81,0.5078125
598.47,414.27,0.5234375
592.69,440.27,0.5263671875
592.69,447.49,0.52734375
594.13,434.49,0.2958984375
599.91,404.15,0.0400390625

612.91,353.59,0.041015625
614.36,349.26,0.080078125
615.8,362.26,0.2939453125
608.58,389.71,0.3037109375
597.02,418.6,0.0830078125

264.74,466.28,0.126953125
270.52,474.94,0.275390625
292.19,486.5,0.3642578125
332.64,502.39,0.44921875
386.09,515.4,0.5009765625
461.22,519.73,0.5087890625
500.23,511.06,0.4912109375
527.67,502.39,0.419921875
542.12,496.61,0.1796875

280.63,466.28,0.0322265625
277.74,466.28,0.046875
273.41,466.28,0.037109375
271.96,466.28,0.177734375
280.63,470.61,0.310546875
326.86,483.61,0.4677734375
378.87,495.17,0.5322265625
435.21,502.39,0.5634765625
482.89,502.39,0.5537109375
533.45,486.5,0.5126953125
553.68,473.5,0.3701171875
558.01,469.16,0.2236328125

345.64,508.17,0.21875
348.53,513.95,0.326171875
371.65,516.84,0.390625
412.1,516.84,0.474609375
481.44,511.06,0.533203125
523.34,498.06,0.5419921875
559.46,480.72,0.47265625
585.46,466.28,0.3046875
592.69,460.5,0.0

581.13,460.5,0.3408203125
556.57,473.5,0.435546875
532.01,483.61,0.498046875
498.78,493.72,0.509765625
455.44,503.84,0.5078125
387.54,509.62,0.4541015625
354.31,509.62,0.3330078125
332.64,506.73,0.06640625

261.85,459.05,0.1982421875
266.19,463.39,0.21875
305.19,482.17,0.3701171875
347.09,492.28,0.416015625
394.76,493.72,0.4091796875
438.1,492.28,0.4013671875
477.11,477.83,0.2734375
481.44,473.5,0.1728515625

283.52,490.84,0.2607421875
289.3,499.5,0.28125
313.86,508.17,0.361328125
355.76,515.4,0.3916015625
401.99,515.4,0.4072265625
438.1,506.73,0.3740234375
459.77,496.61,0.2177734375

312.42,483.61,0.37890625
312.42,490.84,0.38671875
336.98,505.28,0.41015625
381.76,519.73,0.453125
445.33,526.95,0.458984375
471.33,524.06,0.3017578125
478.56,521.17,0.0869140625

225.73,282.8,0.0546875
225.73,288.58,0.2470703125
241.63,307.36,0.28125
270.52,329.03,0.3681640625
329.75,359.37,0.427734375
370.2,366.59,0.4296875
407.77,365.15,0.392578125
436.66,356.48,0.271484375
446.77,350.7,0.0966796875

253.18,330.47,0.236328125
258.96,337.7,0.2509765625
280.63,347.81,0.3408203125
321.08,359.37,0.41015625
374.54,366.59,0.4560546875
426.55,369.48,0.4560546875
468.44,368.04,0.4453125
504.56,360.81,0.330078125
510.34,355.03,0.080078125

348.53,357.92,0.3173828125
387.54,370.93,0.33984375
432.33,372.37,0.392578125
475.67,365.15,0.40234375
533.45,342.03,0.2275390625

539.23,161.44,0.07421875
549.35,168.67,0.236328125
575.35,181.67,0.3076171875
599.91,191.78,0.3955078125
621.58,209.12,0.4150390625
625.91,222.12,0.3916015625
621.58,230.79,0.271484375
617.25,233.68,0.13671875

572.46,161.44,0.30859375
588.35,175.89,0.3271484375
604.24,194.67,0.4189453125
614.36,212.01,0.4189453125
621.58,227.9,0.302734375
621.58,233.68,0.125

507.45,149.89,0.2490234375
523.34,158.56,0.2939453125
560.9,180.23,0.453125
585.46,200.45,0.49609375
602.8,220.68,0.505859375
610.02,239.46,0.501953125
611.47,253.91,0.4658203125
601.35,262.57,0.1806640625

597.02,220.68,0.1064453125
605.69,227.9,0.330078125
612.91,242.35,0.46875
617.25,262.57,0.513671875
615.8,294.36,0.5087890625
608.58,313.14,0.47265625
598.47,320.36,0.3154296875
592.69,320.36,0.2158203125

605.69,285.69,0.28515625
604.24,294.36,0.294921875
599.91,304.47,0.322265625
582.57,329.03,0.02734375

224.29,333.36,0.0869140625
228.62,342.03,0.2978515625
251.74,356.48,0.3994140625
292.19,375.26,0.4814453125
370.2,396.93,0.525390625
422.21,402.71,0.533203125
465.55,401.26,0.47265625
495.89,392.6,0.30859375

271.96,359.37,0.263671875
273.41,362.26,0.27734375
309.53,379.59,0.3828125
354.31,395.49,0.466796875
404.88,407.04,0.505859375
451.11,408.49,0.4970703125
487.22,404.15,0.443359375
508.89,392.6,0.177734375

345.64,408.49,0.31640625
360.09,415.71,0.318359375
399.1,425.82,0.39453125
445.33,427.27,0.419921875
487.22,415.71,0.4326171875
521.9,398.37,0.4130859375
543.57,376.7,0.1845703125

494.45,372.37,0.2744140625
510.34,372.37,0.2900390625
545.01,363.7,0.3203125
566.68,352.14,0.205078125

296.52,149.89,0.017578125
271.96,200.45,0.02734375
245.96,249.57,0.013671875

293.63,103.66,0.19140625
273.41,147.0,0.1796875
240.18,220.68,0.2353515625
221.4,264.02,0.2744140625
208.4,295.8,0.2900390625
201.17,313.14,0.2705078125
205.51,307.36,0.193359375
209.84,298.69,0.0751953125

267.63,191.78,0.162109375
264.74,194.67,0.1748046875
261.85,200.45,0.19140625
251.74,216.34,0.2900390625
238.74,238.01,0.3505859375
218.51,275.58,0.40234375
209.84,294.36,0.421875
205.51,301.58,0.4033203125
206.95,295.8,0.3251953125
218.51,275.58,0.15625

250.29,187.45,0.2275390625
232.96,212.01,0.2646484375
217.07,239.46,0.35546875
204.06,266.91,0.400390625
195.4,288.58,0.4072265625
193.95,297.25,0.3916015625
198.28,290.02,0.2958984375
206.95,272.69,0.2177734375
214.18,253.91,0.1337890625
224.29,225.01,0.0166015625
227.18,213.45,0.02734375
227.18,212.01,0.0869140625
219.95,225.01,0.2431640625
209.84,245.24,0.3466796875
202.62,269.8,0.4248046875
195.4,300.14,0.46484375
195.4,313.14,0.4560546875
196.84,317.47,0.3486328125
204.06,310.25,0.1142578125

209.84,235.12,0.27734375
206.95,239.46,0.2783203125
202.62,255.35,0.3837890625
201.17,285.69,0.439453125
204.06,300.14,0.44921875
208.4,308.8,0.4072265625
211.29,311.69,0.2822265625
212.73,308.8,0.2001953125
208.4,291.47,0.046875
202.62,284.24,0.072265625
196.84,281.35,0.2099609375
193.95,284.24,0.294921875
201.17,303.02,0.4150390625
214.18,320.36,0.4580078125
228.62,336.25,0.46875
241.63,344.92,0.4658203125
248.85,349.26,0.4208984375
250.29,347.81,0.3447265625
243.07,339.14,0.2841796875
231.51,327.58,0.2626953125
221.4,320.36,0.2958984375
217.07,318.92,0.3603515625
225.73,324.7,0.3935546875
237.29,331.92,0.3876953125
248.85,337.7,0.3388671875
256.07,337.7,0.1142578125

219.95,259.68,0.208984375
214.18,266.91,0.3017578125
208.4,278.47,0.3828125
205.51,295.8,0.4306640625
205.51,320.36,0.45703125
208.4,352.14,0.4833984375
215.62,392.6,0.4814453125
219.95,407.04,0.47265625
221.4,409.93,0.4013671875
222.84,401.26,0.1494140625

193.95,297.25,0.2841796875
195.4,320.36,0.3115234375
204.06,355.03,0.4169921875
215.62,394.04,0.4521484375
227.18,425.82,0.4619140625
235.85,450.38,0.3896484375
237.29,451.83,0.2841796875

188.17,285.69,0.271484375
188.17,287.13,0.2841796875
188.17,291.47,0.3173828125
192.51,308.8,0.4248046875
208.4,357.92,0.53125
219.95,395.49,0.5576171875
230.07,427.27,0.5771484375
235.85,453.27,0.5810546875
240.18,469.16,0.587890625
241.63,472.05,0.509765625
234.4,457.61,0.4287109375
222.84,431.6,0.28515625
211.29,401.26,0.1845703125
196.84,356.48,0.0693359375
193.95,342.03,0.146484375
192.51,340.59,0.216796875
195.4,353.59,0.3583984375
205.51,381.04,0.451171875
221.4,427.27,0.5107421875
228.62,453.27,0.5283203125
234.4,469.16,0.529296875
234.4,473.5,0.521484375
230.07,457.61,0.3671875
219.95,431.6,0.271484375
211.29,401.26,0.23828125
205.51,378.15,0.2294921875
202.62,369.48,0.283203125
208.4,386.82,0.3984375
218.51,415.71,0.4677734375
228.62,444.6,0.486328125
235.85,470.61,0.4931640625
243.07,487.95,0.251953125

243.07,470.61,0.0556640625
248.85,479.28,0.35546875
267.63,493.72,0.458984375
297.97,508.17,0.51171875
352.87,519.73,0.5390625
390.43,519.73,0.5380859375
422.21,511.06,0.4990234375
445.33,498.06,0.3642578125
454.0,487.95,0.09765625

276.3,487.95,0.3544921875
308.08,495.17,0.408203125
345.64,498.06,0.4658203125
388.98,499.5,0.498046875
438.1,495.17,0.4443359375
455.44,490.84,0.2197265625

351.42,500.95,0.2900390625
360.09,509.62,0.39453125
403.43,518.28,0.4912109375
438.1,519.73,0.5234375
468.44,512.51,0.4892578125
488.67,503.84,0.2646484375

244.51,196.12,0.0341796875
245.96,194.67,0.208984375
257.52,183.12,0.31640625
282.08,171.56,0.40625
322.53,161.44,0.4794921875
374.54,157.11,0.515625
445.33,157.11,0.5283203125
474.22,160.0,0.517578125
491.56,164.33,0.4033203125
497.34,170.11,0.1650390625

335.53,154.22,0.2626953125
349.98,151.33,0.2763671875
380.32,149.89,0.3798828125
426.55,151.33,0.46484375
498.78,165.78,0.556640625
536.34,180.23,0.552734375
565.24,193.23,0.5556640625
582.57,201.9,0.521484375
589.8,206.23,0.3095703125

530.56,160.0,0.3056640625
540.68,164.33,0.3173828125
556.57,175.89,0.443359375
578.24,194.67,0.517578125
591.24,206.23,0.5322265625
598.47,214.9,0.53515625
601.35,219.23,0.515625
599.91,217.79,0.408203125
592.69,210.56,0.376953125
589.8,204.79,0.3798828125
589.8,201.9,0.412109375
592.69,201.9,0.4775390625
608.58,210.56,0.5419921875
620.14,225.01,0.56640625
628.8,240.9,0.5625
633.14,255.35,0.56640625
633.14,266.91,0.439453125
627.36,265.46,0.2314453125
623.02,259.68,0.037109375

621.58,223.57,0.2470703125
624.47,223.57,0.26953125
627.36,227.9,0.4208984375
630.25,242.35,0.4892578125
628.8,262.57,0.513671875
611.47,297.25,0.515625
589.8,318.92,0.369140625
568.13,333.36,0.0732421875

624.47,277.02,0.05078125
624.47,275.58,0.0751953125
624.47,277.02,0.3115234375
624.47,287.13,0.4130859375
624.47,304.47,0.4716796875
617.25,347.81,0.5439453125
608.58,381.04,0.5693359375
599.91,412.82,0.5869140625
594.13,434.49,0.5859375
594.13,444.6,0.5712890625
598.47,438.83,0.4580078125
602.8,422.93,0.3173828125
605.69,404.15,0.1416015625

617.25,282.8,0.2939453125
615.8,284.24,0.3115234375
612.91,295.8,0.41015625
611.47,318.92,0.4873046875
607.13,353.59,0.5283203125
598.47,412.82,0.5478515625
592.69,443.16,0.5556640625
591.24,460.5,0.5546875
591.24,459.05,0.48828125
592.69,444.6,0.412109375
595.58,424.38,0.3876953125
599.91,409.93,0.3818359375
599.91,404.15,0.3984375
599.91,412.82,0.44921875
597.02,430.16,0.4775390625
592.69,447.49,0.484375
588.35,460.5,0.498046875
586.91,467.72,0.49609375
585.46,466.28,0.341796875
585.46,459.05,0.2060546875
586.91,457.61,0.193359375
588.35,456.16,0.2021484375
584.02,460.5,0.3291015625
572.46,467.72,0.34375
556.57,476.39,0.333984375
540.68,483.61,0.2763671875
533.45,486.5,0.1669921875

319.64,168.67,0.046875
321.08,165.78,0.236328125
335.53,164.33,0.291015625
355.76,167.22,0.3828125
386.09,177.34,0.4306640625
400.54,186.0,0.43359375
406.32,194.67,0.43359375
406.32,203.34,0.4453125
397.65,210.56,0.3955078125
390.43,210.56,0.26171875
387.54,207.67,0.130859375

384.65,177.34,0.2421875
393.32,180.23,0.296875
409.21,187.45,0.400390625
417.88,193.23,0.427734375
419.32,201.9,0.4365234375
417.88,210.56,0.3564453125
409.21,213.45,0.166015625

368.76,204.79,0.0283203125
373.09,206.23,0.041015625
378.87,212.01,0.2255859375
387.54,219.23,0.3037109375
390.43,222.12,0.298828125

380.32,206.23,0.103515625
383.21,206.23,0.189453125
390.43,209.12,0.2978515625
407.77,214.9,0.3564453125
416.43,219.23,0.3583984375
419.32,222.12,0.2822265625

378.87,227.9,0.20703125
365.87,232.23,0.2275390625
344.2,246.68,0.287109375
331.2,261.13,0.3271484375
321.08,278.47,0.345703125
316.75,291.47,0.3466796875
315.3,300.14,0.33203125
319.64,301.58,0.25390625
329.75,300.14,0.10546875

375.98,226.46,0.23828125
371.65,226.46,0.2412109375
352.87,232.23,0.3388671875
338.42,240.9,0.38671875
322.53,253.91,0.4296875
309.53,269.8,0.462890625
300.86,287.13,0.462890625
296.52,304.47,0.47265625
297.97,320.36,0.45703125
302.3,323.25,0.3984375
303.75,323.25,0.3544921875
308.08,314.58,0.1591796875

400.54,222.12,0.015625
400.54,220.68,0.0458984375
400.54,223.57,0.267578125
409.21,232.23,0.376953125
423.66,243.79,0.4482421875
443.88,256.79,0.4931640625
474.22,269.8,0.4990234375
493.0,272.69,0.501953125
508.89,271.24,0.443359375
520.45,265.46,0.2255859375

426.55,238.01,0.291015625
426.55,243.79,0.30078125
451.11,259.68,0.4130859375
477.11,268.35,0.46484375
504.56,272.69,0.4912109375
529.12,272.69,0.44921875
547.9,268.35,0.244140625

456.88,251.02,0.22265625
464.11,255.35,0.2822265625
478.56,261.13,0.4130859375
497.34,268.35,0.478515625
520.45,274.13,0.52734375
553.68,275.58,0.5185546875
572.46,271.24,0.443359375
582.57,264.02,0.1904296875

511.78,274.13,0.08984375
516.12,278.47,0.2685546875
530.56,279.91,0.3271484375
565.24,274.13,0.359375
584.02,266.91,0.3486328125
592.69,262.57,0.267578125
592.69,261.13,0.1611328125

552.23,269.8,0.3095703125
552.23,272.69,0.3193359375
566.68,275.58,0.4306640625
579.68,272.69,0.4189453125
589.8,265.46,0.3115234375
592.69,261.13,0.0849609375

449.66,155.67,0.2822265625
465.55,164.33,0.3955078125
474.22,174.45,0.455078125
478.56,184.56,0.4921875
478.56,196.12,0.5244140625
469.89,206.23,0.5283203125
458.33,209.12,0.4580078125
446.77,209.12,0.2626953125
442.44,207.67,0.0126953125

465.55,171.56,0.3046875
468.44,180.23,0.3642578125
469.89,188.89,0.4580078125
468.44,197.56,0.49609375
461.22,204.79,0.5009765625
440.99,212.01,0.4873046875
427.99,213.45,0.4345703125
422.21,213.45,0.3046875
422.21,210.56,0.064453125

464.11,196.12,0.1435546875
467.0,197.56,0.1875
468.44,207.67,0.421875
462.66,214.9,0.4912109375
452.55,219.23,0.4990234375
439.55,220.68,0.49609375
430.88,220.68,0.3994140625
426.55,216.34,0.0751953125

519.01,181.67,0.130859375
520.45,184.56,0.2822265625
527.67,194.67,0.416015625
527.67,204.79,0.4892578125
526.23,213.45,0.5302734375
514.67,222.12,0.56640625
495.89,230.79,0.580078125
459.77,235.12,0.6005859375
439.55,233.68,0.6015625
426.55,227.9,0.50390625
423.66,220.68,0.2880859375

414.99,222.12,0.0244140625
423.66,222.12,0.2626953125
438.1,225.01,0.39453125
472.78,232.23,0.515625
497.34,232.23,0.5419921875
516.12,229.35,0.541015625
530.56,222.12,0.330078125

438.1,225.01,0.0048828125
442.44,227.9,0.2734375
454.0,233.68,0.3486328125
474.22,240.9,0.4814453125
495.89,246.68,0.5283203125
517.56,246.68,0.5546875
547.9,239.46,0.5400390625
562.35,229.35,0.4736328125
569.57,220.68,0.271484375
571.02,217.79,0.1015625

573.91,214.9,0.205078125
573.91,216.34,0.2578125
573.91,222.12,0.4248046875
571.02,227.9,0.5009765625
562.35,235.12,0.5380859375
545.01,240.9,0.5439453125
514.67,242.35,0.3759765625
506.0,239.46,0.1962890625

399.1,225.01,0.04296875
396.21,225.01,0.283203125
396.21,229.35,0.3486328125
407.77,249.57,0.5009765625
427.99,268.35,0.57421875
451.11,287.13,0.6005859375
472.78,301.58,0.6083984375
488.67,308.8,0.5986328125
500.23,310.25,0.5400390625
506.0,305.91,0.30859375

426.55,256.79,0.3115234375
426.55,264.02,0.31640625
439.55,279.91,0.439453125
467.0,304.47,0.5263671875
485.78,316.03,0.5439453125
503.12,318.92,0.5458984375
517.56,317.47,0.5107421875
523.34,311.69,0.31640625
523.34,308.8,0.1875

412.1,220.68,0.1943359375
410.65,220.68,0.19921875
409.21,220.68,0.3125
406.32,222.12,0.37890625
401.99,230.79,0.4912109375
397.65,242.35,0.544921875
396.21,256.79,0.5771484375
397.65,277.02,0.5966796875
404.88,300.14,0.599609375
420.77,327.58,0.5927734375
430.88,337.7,0.5107421875
438.1,339.14,0.3544921875
440.99,331.92,0.064453125

393.32,222.12,0.27734375
391.87,225.01,0.2841796875
390.43,235.12,0.3984375
393.32,249.57,0.46484375
399.1,268.35,0.515625
412.1,301.58,0.5283203125
419.32,320.36,0.53515625
425.1,331.92,0.4580078125
429.44,333.36,0.2177734375

403.43,225.01,0.12890625
401.99,225.01,0.25390625
394.76,230.79,0.359375
388.98,235.12,0.43359375
380.32,243.79,0.490234375
370.2,255.35,0.533203125
362.98,271.24,0.564453125
358.65,298.69,0.5927734375
361.53,314.58,0.59375
367.31,323.25,0.5634765625
373.09,324.7,0.4794921875
380.32,313.14,0.2509765625
381.76,305.91,0.0771484375

373.09,243.79,0.30078125
368.76,245.24,0.3271484375
362.98,253.91,0.4013671875
358.65,271.24,0.462890625
357.2,284.24,0.4736328125
357.2,294.36,0.4521484375
357.2,297.25,0.390625

386.09,230.79,0.015625
387.54,230.79,0.025390625
388.98,230.79,0.0361328125
393.32,229.35,0.1669921875
396.21,226.46,0.2421875
396.21,225.01,0.30078125
394.76,225.01,0.458984375
390.43,225.01,0.4794921875
378.87,225.01,0.4892578125
358.65,227.9,0.5166015625
334.09,233.68,0.5546875
306.64,242.35,0.5859375
273.41,259.68,0.6015625
256.07,271.24,0.6005859375
247.4,282.8,0.578125
245.96,288.58,0.515625
247.4,291.47,0.3701171875
258.96,288.58,0.08984375

342.75,235.12,0.0380859375
339.86,235.12,0.3173828125
329.75,236.57,0.384765625
318.19,242.35,0.451171875
296.52,255.35,0.5126953125
283.52,266.91,0.5380859375
273.41,279.91,0.55859375
267.63,292.91,0.544921875
266.19,298.69,0.5
267.63,298.69,0.31640625
271.96,292.91,0.2421875
271.96,284.24,0.185546875
271.96,279.91,0.193359375
267.63,278.47,0.2958984375
266.19,277.02,0.2978515625
271.96,272.69,0.2197265625
277.74,269.8,0.0732421875

361.53,209.12,0.1474609375
357.2,206.23,0.2060546875
355.76,204.79,0.265625
357.2,204.79,0.345703125
367.31,209.12,0.423828125
380.32,216.34,0.4580078125
391.87,222.12,0.4873046875
400.54,229.35,0.484375
401.99,230.79,0.484375
400.54,230.79,0.4814453125
390.43,225.01,0.4541015625
384.65,219.23,0.453125
381.76,213.45,0.4482421875
381.76,212.01,0.435546875
386.09,212.01,0.4580078125
394.76,214.9,0.47265625
403.43,222.12,0.474609375
404.88,225.01,0.5
404.88,226.46,0.5283203125
399.1,226.46,0.5107421875
386.09,220.68,0.4912109375
377.43,213.45,0.4677734375
371.65,207.67,0.4482421875
370.2,204.79,0.4453125
370.2,203.34,0.4248046875
377.43,209.12,0.4580078125
384.65,217.79,0.47265625
390.43,226.46,0.4873046875
394.76,233.68,0.5126953125
394.76,235.12,0.5234375
391.87,233.68,0.5029296875
384.65,227.9,0.486328125
378.87,222.12,0.4619140625
373.09,217.79,0.4580078125
370.2,214.9,0.4580078125
370.2,213.45,0.4677734375
370.2,214.9,0.4658203125
370.2,216.34,0.4775390625
370.2,217.79,0.5087890625
367.31,220.68,0.501953125
357.2,226.46,0.5107421875
347.09,230.79,0.515625
339.86,233.68,0.5185546875
335.53,233.68,0.5263671875
336.98,233.68,0.4912109375
341.31,233.68,0.4853515625
345.64,232.23,0.4921875
352.87,227.9,0.4931640625
361.53,220.68,0.4736328125
365.87,216.34,0.4580078125
367.31,214.9,0.4462890625
367.31,213.45,0.4521484375
365.87,213.45,0.4697265625
362.98,216.34,0.484375
358.65,220.68,0.4892578125
354.31,227.9,0.4931640625
349.98,233.68,0.490234375
345.64,238.01,0.5
345.64,239.46,0.4970703125
347.09,238.01,0.4736328125
352.87,232.23,0.48046875
360.09,225.01,0.458984375
365.87,217.79,0.447265625
365.87,216.34,0.44921875
365.87,217.79,0.4931640625
362.98,220.68,0.49609375
358.65,227.9,0.498046875
355.76,230.79,0.5048828125
354.31,230.79,0.49609375
355.76,230.79,0.48046875
357.2,227.9,0.474609375
362.98,223.57,0.4794921875
367.31,217.79,0.46875
368.76,213.45,0.4619140625
370.2,212.01,0.4580078125
371.65,214.9,0.4970703125
377.43,222.12,0.4931640625
384.65,227.9,0.5009765625
387.54,229.35,0.5009765625
388.98,230.79,0.50390625
388.98,229.35,0.5029296875
384.65,220.68,0.486328125
381.76,214.9,0.486328125
380.32,212.01,0.478515625
388.98,217.79,0.4892578125
397.65,226.46,0.501953125
406.32,232.23,0.505859375
412.1,235.12,0.505859375
413.54,235.12,0.5078125
409.21,233.68,0.4990234375
401.99,227.9,0.4873046875
394.76,223.57,0.48046875
388.98,219.23,0.48828125
387.54,219.23,0.4814453125
393.32,219.23,0.486328125
401.99,222.12,0.48046875
410.65,225.01,0.48828125
416.43,225.01,0.48828125
417.88,225.01,0.4765625
412.1,225.01,0.3876953125
403.43,220.68,0.3076171875
394.76,219.23,0.28515625
387.54,217.79,0.3291015625
394.76,222.12,0.421875
407.77,225.01,0.4326171875
419.32,225.01,0.3974609375
426.55,225.01,0.0126953125

326.86,186.0,0.212890625
328.31,186.0,0.22265625
338.42,187.45,0.326171875
354.31,193.23,0.3935546875
375.98,203.34,0.4296875
380.32,209.12,0.439453125
380.32,213.45,0.4384765625
377.43,214.9,0.3623046875
371.65,214.9,0.1845703125
368.76,212.01,0.01171875

344.2,213.45,0.2275390625
338.42,213.45,0.2685546875
326.86,213.45,0.2841796875
310.97,213.45,0.3037109375
296.52,216.34,0.318359375
276.3,220.68,0.3408203125
267.63,222.12,0.369140625
264.74,222.12,0.3916015625
263.3,222.12,0.3896484375
267.63,220.68,0.40625
280.63,216.34,0.443359375
302.3,213.45,0.4638671875
326.86,212.01,0.4765625
357.2,210.56,0.4853515625
365.87,210.56,0.4189453125
367.31,212.01,0.333984375
362.98,213.45,0.2119140625
358.65,214.9,0.0771484375

256.07,225.01,0.00390625
243.07,230.79,0.0029296875
234.4,233.68,0.1494140625
230.07,235.12,0.2353515625
232.96,233.68,0.302734375
248.85,227.9,0.3515625
274.85,222.12,0.39453125
305.19,216.34,0.42578125
342.75,210.56,0.4453125
355.76,210.56,0.4208984375
358.65,212.01,0.314453125
354.31,217.79,0.19140625
347.09,220.68,0.09765625

292.19,230.79,0.0048828125
297.97,229.35,0.1875
305.19,226.46,0.2197265625
325.42,220.68,0.21484375
344.2,214.9,0.1494140625
351.42,212.01,0.021484375

323.97,210.56,0.1025390625
309.53,212.01,0.1865234375
293.63,214.9,0.2763671875
267.63,225.01,0.369140625
248.85,235.12,0.4267578125
234.4,245.24,0.4326171875
224.29,253.91,0.4443359375
221.4,264.02,0.4326171875
221.4,265.46,0.4365234375
227.18,266.91,0.302734375
234.4,262.57,0.099609375

277.74,178.78,0.0654296875
274.85,178.78,0.185546875
264.74,180.23,0.2587890625
251.74,187.45,0.3251953125
235.85,197.56,0.3876953125
221.4,210.56,0.4296875
204.06,233.68,0.453125
196.84,251.02,0.4560546875
192.51,266.91,0.4541015625
191.06,275.58,0.4130859375
192.51,278.47,0.2177734375
195.4,274.13,0.123046875
198.28,265.46,0.060546875
198.28,259.68,0.0712890625
198.28,258.24,0.13671875
192.51,265.46,0.3388671875
191.06,277.02,0.3828125
191.06,288.58,0.4091796875
191.06,297.25,0.41015625
193.95,304.47,0.2255859375
195.4,304.47,0.017578125

201.17,288.58,0.0859375
202.62,297.25,0.30859375
219.95,311.69,0.40234375
250.29,329.03,0.474609375
297.97,352.14,0.501953125
325.42,359.37,0.4990234375
344.2,359.37,0.412109375
354.31,355.03,0.2294921875
355.76,352.14,0.0

193.95,314.58,0.046875
191.06,317.47,0.1962890625
196.84,324.7,0.3173828125
215.62,334.81,0.40234375
247.4,347.81,0.47265625
282.08,360.81,0.5380859375
321.08,369.48,0.5537109375
338.42,370.93,0.548828125
345.64,369.48,0.4560546875
345.64,365.15,0.3447265625
332.64,360.81,0.0

218.51,318.92,0.2841796875
230.07,326.14,0.3203125
258.96,340.59,0.4150390625
290.74,355.03,0.4541015625
318.19,360.81,0.4521484375
341.31,362.26,0.3720703125
341.31,359.37,0.228515625
335.53,356.48,0.0126953125

235.85,331.92,0.25
227.18,331.92,0.3056640625
230.07,331.92,0.3671875
269.07,343.48,0.451171875
300.86,353.59,0.4892578125
326.86,360.81,0.509765625
342.75,363.7,0.4990234375
349.98,363.7,0.4306640625
345.64,357.92,0.275390625
325.42,350.7,0.197265625
300.86,346.37,0.2470703125
280.63,343.48,0.38671875
271.96,343.48,0.5009765625
284.97,344.92,0.5361328125
306.64,349.26,0.5478515625
329.75,350.7,0.55078125
347.09,352.14,0.541015625
355.76,353.59,0.419921875
347.09,353.59,0.1142578125

264.74,355.03,0.2255859375
258.96,356.48,0.3310546875
264.74,359.37,0.40625
287.86,365.15,0.451171875
316.75,369.48,0.4677734375
351.42,369.48,0.3662109375
358.65,369.48,0.232421875

513.23,160.0,0.08984375
524.79,165.78,0.416015625
543.57,178.78,0.505859375
565.24,193.23,0.5712890625
582.57,207.67,0.591796875
597.02,226.46,0.60546875
598.47,236.57,0.615234375
598.47,242.35,0.556640625
595.58,243.79,0.3447265625
594.13,243.79,0.134765625

549.35,187.45,0.3291015625
555.12,191.78,0.376953125
568.13,201.9,0.4716796875
588.35,217.79,0.517578125
595.58,225.01,0.5224609375
597.02,226.46,0.5234375
595.58,226.46,0.51171875
584.02,222.12,0.4912109375
560.9,209.12,0.4619140625
546.46,199.01,0.4697265625
536.34,193.23,0.46484375
533.45,188.89,0.4873046875
536.34,188.89,0.4912109375
550.79,194.67,0.541015625
569.57,204.79,0.580078125
586.91,217.79,0.599609375
599.91,229.35,0.5986328125
607.13,240.9,0.6083984375
607.13,242.35,0.6142578125
602.8,242.35,0.548828125
592.69,236.57,0.486328125
578.24,220.68,0.3740234375
571.02,210.56,0.369140625
569.57,206.23,0.3701171875
575.35,209.12,0.4921875
592.69,225.01,0.5537109375
601.35,238.01,0.5712890625
605.69,246.68,0.5595703125
607.13,251.02,0.513671875
601.35,246.68,0.2294921875
597.02,242.35,0.0556640625

536.34,173.0,0.2626953125
540.68,173.0,0.337890625
556.57,180.23,0.466796875
586.91,201.9,0.580078125
601.35,217.79,0.6025390625
611.47,232.23,0.5986328125
612.91,243.79,0.5751953125
611.47,248.13,0.3818359375
605.69,249.57,0.2216796875

539.23,183.12,0.3955078125
542.12,183.12,0.466796875
559.46,190.34,0.580078125
582.57,201.9,0.6279296875
612.91,226.46,0.66015625
624.47,240.9,0.6640625
627.36,252.46,0.623046875
618.69,256.79,0.3330078125
612.91,256.79,0.181640625

565.24,194.67,0.291015625
569.57,194.67,0.4443359375
575.35,197.56,0.5185546875
592.69,209.12,0.58984375
608.58,223.57,0.625
620.14,245.24,0.619140625
621.58,253.91,0.548828125
614.36,255.35,0.3154296875
608.58,253.91,0.1611328125

584.02,214.9,0.2392578125
585.46,213.45,0.271484375
595.58,216.34,0.419921875
605.69,225.01,0.4970703125
618.69,240.9,0.3701171875

267.63,213.45,0.083984375
266.19,210.56,0.208984375
257.52,209.12,0.32421875
241.63,214.9,0.4697265625
230.07,226.46,0.5244140625
219.95,242.35,0.5849609375
215.62,258.24,0.62109375
215.62,282.8,0.62890625
221.4,298.69,0.6279296875
230.07,307.36,0.5927734375
240.18,307.36,0.4716796875
250.29,294.36,0.2421875
253.18,287.13,0.0478515625

240.18,210.56,0.3173828125
235.85,212.01,0.3359375
222.84,222.12,0.4658203125
217.07,232.23,0.533203125
212.73,246.68,0.580078125
211.29,265.46,0.619140625
212.73,288.58,0.6318359375
224.29,313.14,0.6259765625
232.96,317.47,0.533203125
240.18,316.03,0.3994140625
243.07,305.91,0.205078125
243.07,298.69,0.068359375

222.84,259.68,0.2470703125
217.07,258.24,0.3037109375
211.29,258.24,0.427734375
212.73,271.24,0.486328125
219.95,285.69,0.50390625
228.62,300.14,0.517578125
235.85,313.14,0.517578125
240.18,317.47,0.4462890625
240.18,311.69,0.2177734375
240.18,305.91,0.056640625

222.84,284.24,0.046875
218.51,281.35,0.1728515625
212.73,278.47,0.41015625
215.62,282.8,0.44140625
227.18,294.36,0.48046875
238.74,305.91,0.4912109375
256.07,321.81,0.49609375
261.85,326.14,0.4287109375
263.3,324.7,0.3056640625
256.07,317.47,0.189453125
244.51,307.36,0.154296875
232.96,300.14,0.2373046875
227.18,297.25,0.384765625
234.4,303.02,0.4453125
248.85,313.14,0.46875
269.07,327.58,0.4775390625
280.63,336.25,0.4765625
284.97,340.59,0.3564453125
283.52,342.03,0.1416015625

225.73,300.14,0.2734375
224.29,300.14,0.3193359375
231.51,304.47,0.337890625
263.3,323.25,0.4169921875
286.41,336.25,0.4208984375
303.75,346.37,0.298828125
309.53,349.26,0.04296875

214.18,324.7,0.0869140625
212.73,324.7,0.2060546875
227.18,337.7,0.4287109375
251.74,352.14,0.5
279.19,363.7,0.5556640625
303.75,372.37,0.5615234375
328.31,375.26,0.5546875
335.53,375.26,0.439453125
335.53,372.37,0.361328125
328.31,369.48,0.1220703125

215.62,340.59,0.12109375
230.07,347.81,0.3330078125
258.96,359.37,0.423828125
289.3,372.37,0.5
325.42,382.48,0.50390625
336.98,385.37,0.392578125
339.86,385.37,0.2685546875

214.18,360.81,0.1103515625
211.29,362.26,0.4072265625
217.07,368.04,0.416015625
243.07,376.7,0.4833984375
274.85,383.93,0.5185546875
302.3,388.26,0.53125
323.97,389.71,0.4326171875

244.51,373.81,0.296875
241.63,373.81,0.31640625
244.51,375.26,0.3603515625
260.41,381.04,0.4443359375
293.63,389.71,0.4931640625
309.53,392.6,0.484375
316.75,392.6,0.4345703125
315.3,392.6,0.2548828125
310.97,392.6,0.029296875

243.07,383.93,0.2822265625
244.51,383.93,0.3408203125
269.07,392.6,0.4580078125
289.3,396.93,0.4853515625
305.19,399.82,0.4921875
313.86,401.26,0.4208984375

247.4,394.04,0.26953125
253.18,398.37,0.359375
270.52,404.15,0.4033203125
289.3,407.04,0.4384765625
302.3,408.49,0.44140625
309.53,409.93,0.302734375

253.18,398.37,0.341796875
258.96,402.71,0.408203125
276.3,408.49,0.458984375
292.19,412.82,0.4736328125
309.53,417.16,0.4521484375
310.97,417.16,0.3798828125
309.53,417.16,0.0595703125

238.74,405.6,0.2705078125
243.07,408.49,0.3017578125
258.96,414.27,0.3701171875
283.52,417.16,0.3876953125
293.63,417.16,0.287109375
296.52,415.71,0.1142578125

228.62,353.59,0.3486328125
253.18,365.15,0.3779296875
284.97,379.59,0.4716796875
310.97,389.71,0.5
329.75,394.04,0.486328125
336.98,395.49,0.337890625

225.73,355.03,0.0283203125
222.84,355.03,0.35546875
225.73,356.48,0.3544921875
264.74,368.04,0.462890625
297.97,376.7,0.5009765625
325.42,383.93,0.5048828125
341.31,386.82,0.4755859375
347.09,388.26,0.2705078125

269.07,365.15,0.2978515625
267.63,366.59,0.337890625
284.97,373.81,0.439453125
315.3,383.93,0.48828125
349.98,391.15,0.52734375
380.32,395.49,0.53125
401.99,398.37,0.4833984375
401.99,398.37,0.3623046875
387.54,395.49,0.0

235.85,349.26,0.3203125
266.19,355.03,0.46484375
303.75,365.15,0.5224609375
344.2,373.81,0.578125
374.54,381.04,0.5859375
397.65,386.82,0.5009765625

279.19,360.81,0.3408203125
292.19,363.7,0.3837890625
318.19,369.48,0.4560546875
349.98,375.26,0.498046875
374.54,379.59,0.501953125
388.98,381.04,0.4541015625
391.87,382.48,0.3623046875

283.52,363.7,0.1962890625
289.3,370.93,0.3603515625
312.42,379.59,0.4775390625
344.2,385.37,0.53125
377.43,386.82,0.5458984375
406.32,388.26,0.4736328125
407.77,388.26,0.3564453125
401.99,388.26,0.0283203125

282.08,376.7,0.3076171875
282.08,379.59,0.3037109375
286.41,381.04,0.322265625
316.75,389.71,0.43359375
345.64,395.49,0.4658203125
367.31,399.82,0.4638671875
378.87,404.15,0.2158203125

293.63,404.15,0.3076171875
290.74,404.15,0.330078125
293.63,405.6,0.3740234375
306.64,409.93,0.44921875
323.97,412.82,0.47265625
347.09,412.82,0.4765625
352.87,412.82,0.2880859375

284.97,412.82,0.2578125
283.52,414.27,0.3564453125
289.3,418.6,0.3955078125
302.3,424.38,0.46484375
323.97,427.27,0.5087890625
335.53,428.71,0.5087890625
338.42,428.71,0.4755859375
334.09,428.71,0.2021484375

287.86,431.6,0.2587890625
287.86,434.49,0.341796875
293.63,437.38,0.416015625
312.42,443.16,0.458984375
323.97,443.16,0.4560546875
331.2,443.16,0.3935546875

284.97,446.05,0.2978515625
283.52,447.49,0.3154296875
286.41,450.38,0.392578125
300.86,456.16,0.4189453125
309.53,457.61,0.419921875
315.3,459.05,0.3056640625
316.75,459.05,0.1767578125

283.52,463.39,0.3232421875
290.74,472.05,0.38671875
300.86,476.39,0.4169921875
310.97,480.72,0.4150390625
319.64,483.61,0.36328125
322.53,486.5,0.154296875

284.97,485.06,0.27734375
286.41,486.5,0.283203125
295.08,490.84,0.3759765625
305.19,493.72,0.400390625
315.3,498.06,0.412109375
322.53,499.5,0.3974609375
323.97,500.95,0.302734375
321.08,500.95,0.056640625

279.19,489.39,0.072265625
276.3,485.06,0.2255859375
277.74,483.61,0.314453125
289.3,485.06,0.3828125
303.75,489.39,0.4091796875
321.08,493.72,0.4130859375
325.42,493.72,0.3466796875
321.08,493.72,0.009765625

247.4,461.94,0.16796875
243.07,459.05,0.21875
240.18,456.16,0.3271484375
254.63,459.05,0.4111328125
274.85,466.28,0.44140625
293.63,473.5,0.4521484375
308.08,476.39,0.443359375
315.3,476.39,0.287109375
316.75,476.39,0.111328125

237.29,376.7,0.3603515625
247.4,392.6,0.3759765625
266.19,412.82,0.4521484375
290.74,431.6,0.4619140625
299.41,437.38,0.3603515625
300.86,437.38,0.2841796875

241.63,408.49,0.1669921875
232.96,405.6,0.2548828125
235.85,407.04,0.3486328125
248.85,414.27,0.4072265625
264.74,424.38,0.4267578125
277.74,431.6,0.4208984375
286.41,435.94,0.3203125
289.3,435.94,0.068359375

240.18,409.93,0.2373046875
237.29,409.93,0.2744140625
237.29,412.82,0.32421875
245.96,422.93,0.3818359375
257.52,435.94,0.4033203125
269.07,447.49,0.4111328125
277.74,456.16,0.330078125

234.4,411.38,0.2578125
237.29,421.49,0.2841796875
244.51,437.38,0.345703125
258.96,459.05,0.3759765625
266.19,467.72,0.36328125
269.07,467.72,0.203125
269.07,464.83,0.0341796875

208.4,320.36,0.009765625
206.95,323.25,0.31640625
211.29,343.48,0.3701171875
222.84,375.26,0.45703125
237.29,409.93,0.5205078125
251.74,456.16,0.564453125
257.52,474.94,0.572265625
258.96,479.28,0.484375
258.96,461.94,0.2841796875
257.52,450.38,0.0966796875

231.51,329.03,0.318359375
231.51,337.7,0.3251953125
234.4,363.7,0.4365234375
250.29,417.16,0.501953125
260.41,451.83,0.509765625
267.63,476.39,0.513671875
270.52,487.95,0.4931640625
270.52,486.5,0.4169921875
267.63,469.16,0.3369140625
260.41,431.6,0.0849609375

245.96,342.03,0.1494140625
245.96,344.92,0.2685546875
247.4,362.26,0.4130859375
253.18,394.04,0.4921875
263.3,427.27,0.541015625
270.52,457.61,0.537109375
277.74,479.28,0.50390625
279.19,477.83,0.4072265625
277.74,459.05,0.2880859375
267.63,420.05,0.037109375

257.52,369.48,0.015625
257.52,359.37,0.1767578125
258.96,368.04,0.3232421875
264.74,391.15,0.41015625
271.96,428.71,0.4560546875
277.74,444.6,0.4443359375
282.08,447.49,0.1328125

243.07,323.25,0.369140625
248.85,329.03,0.3603515625
256.07,336.25,0.36328125
277.74,353.59,0.4267578125
302.3,368.04,0.45703125
331.2,378.15,0.3603515625
339.86,379.59,0.09375

283.52,339.14,0.30078125
295.08,344.92,0.3681640625
310.97,355.03,0.38671875
336.98,362.26,0.3828125
347.09,365.15,0.09765625

257.52,412.82,0.2919921875
269.07,424.38,0.291015625
292.19,443.16,0.3759765625
318.19,460.5,0.3837890625
329.75,464.83,0.216796875

267.63,457.61,0.2451171875
279.19,467.72,0.3359375
302.3,477.83,0.3662109375
313.86,479.28,0.3671875
321.08,480.72,0.15625

273.41,463.39,0.3046875
279.19,472.05,0.38671875
295.08,479.28,0.4111328125
310.97,482.17,0.4208984375
323.97,483.61,0.310546875
326.86,485.06,0.1416015625

81.26,210.56,0.302734375
85.6,212.01,0.3076171875
94.27,213.45,0.3115234375
141.94,217.79,0.416015625
180.95,219.23,0.466796875
214.18,219.23,0.4736328125
235.85,219.23,0.458984375
241.63,219.23,0.359375
235.85,219.23,0.1904296875

104.38,220.68,0.2900390625
108.71,220.68,0.2919921875
127.49,225.01,0.3779296875
156.39,229.35,0.4482421875
183.84,229.35,0.462890625
202.62,229.35,0.4658203125
212.73,227.9,0.3623046875
211.29,227.9,0.166015625

113.05,232.23,0.2353515625
100.05,232.23,0.314453125
98.6,232.23,0.4033203125
113.05,232.23,0.462890625
140.5,233.68,0.4892578125
170.84,233.68,0.4912109375
202.62,232.23,0.44140625
208.4,232.23,0.12890625

4.7,249.57,0.041015625
6.14,251.02,0.2177734375
24.92,253.91,0.2939453125
62.48,258.24,0.4033203125
128.94,265.46,0.5107421875
167.95,266.91,0.529296875
193.95,266.91,0.525390625
205.51,266.91,0.419921875
206.95,268.35,0.33984375

65.37,253.91,0.3779296875
76.93,256.79,0.38671875
124.6,264.02,0.4892578125
156.39,264.02,0.5
178.06,262.57,0.48828125
189.62,259.68,0.3603515625
191.06,258.24,0.103515625

61.04,245.24,0.283203125
50.93,242.35,0.32421875
55.26,242.35,0.4208984375
81.26,243.79,0.478515625
120.27,249.57,0.5009765625
170.84,252.46,0.5107421875
189.62,252.46,0.4169921875
193.95,253.91,0.23828125
188.17,255.35,0.046875

88.49,261.13,0.234375
79.82,258.24,0.27734375
75.49,256.79,0.3642578125
89.93,255.35,0.4423828125
136.16,253.91,0.4873046875
166.5,252.46,0.5048828125
188.17,252.46,0.5107421875
193.95,252.46,0.416015625
188.17,256.79,0.1796875

59.59,261.13,0.212890625
85.6,268.35,0.294921875
118.83,274.13,0.3095703125
156.39,275.58,0.1962890625

23.48,295.8,0.1025390625
30.7,297.25,0.3525390625
82.71,297.25,0.4150390625
124.6,294.36,0.435546875
157.83,290.02,0.4375
176.61,288.58,0.3330078125
179.5,288.58,0.1982421875

26.37,290.02,0.0458984375
24.92,290.02,0.3193359375
39.37,292.91,0.3515625
74.04,297.25,0.435546875
117.38,300.14,0.486328125
152.05,300.14,0.5078125
179.5,300.14,0.4482421875
179.5,301.58,0.2587890625
172.28,303.02,0.068359375

22.03,311.69,0.00390625
7.58,311.69,0.294921875
9.03,314.58,0.37890625
33.59,318.92,0.4541015625
94.27,324.7,0.5107421875
130.38,324.7,0.5078125
153.5,324.7,0.48828125
162.17,326.14,0.3466796875

24.92,331.92,0.310546875
19.14,330.47,0.3310546875
32.14,331.92,0.46484375
71.15,337.7,0.50390625
115.94,339.14,0.5419921875
153.5,339.14,0.5400390625
185.28,339.14,0.4833984375
188.17,339.14,0.3876953125
180.95,339.14,0.08984375

46.59,350.7,0.2763671875
40.81,355.03,0.310546875
50.93,359.37,0.416015625
98.6,362.26,0.48046875
134.72,360.81,0.5048828125
162.17,357.92,0.5126953125
176.61,356.48,0.4306640625
176.61,356.48,0.2490234375
170.84,357.92,0.015625

55.26,373.81,0.28515625
61.04,379.59,0.3994140625
85.6,382.48,0.453125
118.83,382.48,0.4794921875
149.16,381.04,0.4970703125
169.39,378.15,0.4990234375
176.61,378.15,0.39453125
170.84,379.59,0.2041015625

52.37,392.6,0.26171875
46.59,395.49,0.3408203125
55.26,399.82,0.43359375
81.26,402.71,0.4794921875
115.94,404.15,0.513671875
159.28,402.71,0.5283203125
176.61,401.26,0.4951171875
179.5,401.26,0.4150390625
176.61,401.26,0.1728515625

71.15,415.71,0.0
61.04,415.71,0.2783203125
52.37,415.71,0.3681640625
62.48,417.16,0.427734375
102.93,420.05,0.4716796875
134.72,420.05,0.4814453125
162.17,417.16,0.4384765625
179.5,414.27,0.1767578125

39.37,427.27,0.3037109375
62.48,435.94,0.3330078125
102.93,448.94,0.4169921875
147.72,457.61,0.4345703125
188.17,460.5,0.4296875
228.62,460.5,0.2421875
235.85,459.05,0.072265625

71.15,463.39,0.21875
74.04,463.39,0.2470703125
81.26,464.83,0.3056640625
108.71,467.72,0.3974609375
146.28,470.61,0.4755859375
186.73,472.05,0.498046875
234.4,472.05,0.5029296875
253.18,472.05,0.384765625
258.96,472.05,0.1103515625

120.27,482.17,0.2255859375
111.6,483.61,0.3125
127.49,486.5,0.3984375
162.17,490.84,0.47265625
208.4,492.28,0.486328125
266.19,492.28,0.490234375
284.97,493.72,0.3798828125
289.3,495.17,0.2392578125
277.74,496.61,0.06640625
266.19,498.06,0.0009765625

165.06,500.95,0.0986328125
144.83,500.95,0.267578125
140.5,500.95,0.3515625
172.28,502.39,0.4658203125
214.18,502.39,0.4892578125
254.63,502.39,0.4990234375
283.52,502.39,0.4638671875
295.08,502.39,0.3583984375
284.97,503.84,0.1015625

140.5,502.39,0.02734375
131.83,502.39,0.3095703125
141.94,505.28,0.369140625
178.06,512.51,0.4306640625
227.18,513.95,0.4716796875
287.86,512.51,0.4453125
305.19,509.62,0.298828125
308.08,509.62,0.16796875

160.72,499.5,0.0673828125
149.16,498.06,0.3173828125
170.84,500.95,0.40625
209.84,503.84,0.455078125
254.63,503.84,0.45703125
287.86,498.06,0.3408203125
296.52,495.17,0.130859375

87.04,509.62,0.3037109375
91.38,509.62,0.3447265625
111.6,509.62,0.4375
150.61,512.51,0.5283203125
222.84,513.95,0.5986328125
263.3,512.51,0.599609375
287.86,509.62,0.5390625
297.97,508.17,0.326171875
295.08,506.73,0.0009765625

108.71,499.5,0.384765625
110.16,502.39,0.3974609375
133.27,506.73,0.4521484375
178.06,511.06,0.4951171875
228.62,512.51,0.5
282.08,508.17,0.384765625
289.3,508.17,0.2099609375

143.39,502.39,0.283203125
159.28,505.28,0.451171875
211.29,506.73,0.51171875
245.96,500.95,0.4619140625
258.96,498.06,0.3056640625

276.3,500.95,0.0
274.85,500.95,0.1484375
270.52,500.95,0.294921875
254.63,500.95,0.3291015625
232.96,498.06,0.4072265625
191.06,493.72,0.466796875
162.17,490.84,0.5009765625
137.61,487.95,0.53515625
126.05,486.5,0.5419921875
126.05,486.5,0.54296875
162.17,486.5,0.537109375
204.06,486.5,0.5419921875
245.96,486.5,0.544921875
273.41,485.06,0.55078125
283.52,483.61,0.5361328125
270.52,485.06,0.55078125
241.63,489.39,0.552734375
204.06,490.84,0.5537109375
165.06,490.84,0.5615234375
121.72,486.5,0.5546875
111.6,485.06,0.5615234375
114.49,483.61,0.5361328125
133.27,483.61,0.544921875
180.95,485.06,0.544921875
209.84,485.06,0.5458984375
225.73,482.17,0.5537109375
228.62,480.72,0.54296875
211.29,480.72,0.517578125
162.17,482.17,0.486328125
127.49,480.72,0.447265625
101.49,476.39,0.3662109375
89.93,469.16,0.26953125
92.82,463.39,0.02734375

65.37,454.72,0.3271484375
66.82,454.72,0.330078125
87.04,454.72,0.35546875
124.6,454.72,0.427734375
163.61,456.16,0.439453125
206.95,453.27,0.4189453125
215.62,451.83,0.255859375

87.04,454.72,0.2421875
78.37,453.27,0.296875
72.6,451.83,0.3828125
81.26,451.83,0.439453125
123.16,451.83,0.5029296875
157.83,451.83,0.5205078125
185.28,451.83,0.52734375
202.62,448.94,0.427734375
205.51,446.05,0.15625

78.37,434.49,0.189453125
72.6,434.49,0.3369140625
85.6,434.49,0.3955078125
118.83,434.49,0.45703125
157.83,435.94,0.4873046875
192.51,435.94,0.5029296875
215.62,435.94,0.41015625
212.73,434.49,0.203125

100.05,434.49,0.130859375
72.6,430.16,0.2734375
62.48,427.27,0.390625
68.26,425.82,0.43359375
92.82,425.82,0.4931640625
146.28,427.27,0.5283203125
176.61,427.27,0.5322265625
193.95,427.27,0.517578125
196.84,424.38,0.3603515625
186.73,422.93,0.0546875

46.59,408.49,0.0380859375
39.37,407.04,0.291015625
55.26,407.04,0.3623046875
91.38,409.93,0.416015625
149.16,415.71,0.486328125
163.61,417.16,0.4853515625
185.28,417.16,0.419921875
180.95,417.16,0.2490234375
173.72,417.16,0.0234375

62.48,399.82,0.0361328125
59.59,399.82,0.265625
75.49,401.26,0.3505859375
102.93,404.15,0.40625
141.94,408.49,0.4638671875
159.28,408.49,0.453125
163.61,408.49,0.384765625
157.83,407.04,0.2763671875
149.16,405.6,0.09765625

53.81,391.15,0.0029296875
35.03,386.82,0.341796875
37.92,386.82,0.36328125
82.71,392.6,0.4619140625
121.72,396.93,0.47265625
153.5,398.37,0.48046875
172.28,396.93,0.4013671875
176.61,395.49,0.2197265625

22.03,375.26,0.0966796875
17.7,375.26,0.283203125
30.7,378.15,0.35546875
59.59,383.93,0.439453125
94.27,385.37,0.46484375
133.27,385.37,0.3759765625
141.94,383.93,0.2314453125

46.59,324.7,0.2099609375
35.03,320.36,0.3125
40.81,320.36,0.38671875
66.82,321.81,0.458984375
101.49,326.14,0.50390625
136.16,327.58,0.529296875
162.17,327.58,0.5185546875
180.95,321.81,0.310546875
180.95,318.92,0.130859375

37.92,298.69,0.3291015625
35.03,298.69,0.3359375
43.7,298.69,0.33984375
92.82,298.69,0.4111328125
131.83,298.69,0.455078125
163.61,295.8,0.458984375
185.28,292.91,0.39453125
192.51,291.47,0.0068359375

59.59,279.91,0.0556640625
58.15,279.91,0.37109375
66.82,279.91,0.3525390625
92.82,279.91,0.427734375
126.05,282.8,0.48046875
167.95,282.8,0.4921875
182.39,282.8,0.390625
185.28,279.91,0.0673828125

91.38,262.57,0.310546875
88.49,261.13,0.3203125
101.49,261.13,0.37890625
141.94,259.68,0.4306640625
170.84,256.79,0.43359375
193.95,253.91,0.4287109375
204.06,252.46,0.2978515625
205.51,251.02,0.1181640625

136.16,236.57,0.193359375
128.94,235.12,0.337890625
144.83,233.68,0.412109375
167.95,233.68,0.423828125
193.95,230.79,0.4306640625
214.18,229.35,0.3779296875
222.84,227.9,0.193359375

163.61,209.12,0.2451171875
165.06,206.23,0.2548828125
180.95,204.79,0.30859375
201.17,204.79,0.32421875
222.84,204.79,0.3291015625
244.51,204.79,0.2763671875
247.4,204.79,0.1484375

169.39,203.34,0.3056640625
167.95,203.34,0.314453125
172.28,203.34,0.341796875
186.73,201.9,0.3671875
212.73,196.12,0.37109375
225.73,191.78,0.361328125
231.51,190.34,0.2744140625

166.5,206.23,0.2392578125
162.17,206.23,0.2744140625
160.72,206.23,0.310546875
185.28,203.34,0.41015625
209.84,201.9,0.4189453125
234.4,200.45,0.4189453125
251.74,197.56,0.3916015625
258.96,196.12,0.2958984375
260.41,194.67,0.1845703125

199.73,190.34,0.2939453125
198.28,190.34,0.3037109375
202.62,190.34,0.3818359375
215.62,190.34,0.4306640625
232.96,190.34,0.4384765625
247.4,190.34,0.4375
257.52,188.89,0.294921875
254.63,188.89,0.0458984375

227.18,194.67,0.02734375
221.4,194.67,0.2587890625
224.29,194.67,0.3095703125
235.85,194.67,0.3642578125
250.29,194.67,0.361328125
263.3,194.67,0.3544921875
273.41,194.67,0.02734375

188.17,217.79,0.2841796875
176.61,222.12,0.265625
133.27,236.57,0.23828125
102.93,248.13,0.2294921875
81.26,258.24,0.1845703125
75.49,261.13,0.0712890625

199.73,216.34,0.064453125
185.28,219.23,0.28125
153.5,226.46,0.38671875
127.49,236.57,0.4248046875
100.05,249.57,0.4521484375
76.93,266.91,0.423828125
62.48,282.8,0.2236328125

123.16,249.57,0.1552734375
102.93,258.24,0.341796875
79.82,271.24,0.4013671875
55.26,285.69,0.4296875
33.59,303.02,0.447265625
19.14,321.81,0.384765625
11.92,337.7,0.2041015625
13.36,337.7,0.0087890625

88.49,278.47,0.1201171875
84.15,279.91,0.0439453125
75.49,285.69,0.1064453125
68.26,290.02,0.015625

146.28,214.9,0.1435546875
136.16,219.23,0.3291015625
111.6,232.23,0.3447265625
78.37,251.02,0.3798828125
27.81,282.8,0.3896484375
4.7,301.58,0.33984375

66.82,256.79,0.041015625
42.26,269.8,0.3359375
9.03,294.36,0.3828125

-1.08,356.48,0.2421875

11.92,428.71,0.162109375
24.92,446.05,0.0

10.47,417.16,0.037109375
9.03,422.93,0.2734375
17.7,438.83,0.34375
35.03,457.61,0.41015625
56.7,476.39,0.4267578125
78.37,489.39,0.4326171875
105.82,495.17,0.3173828125
115.94,490.84,0.208984375
117.38,485.06,0.091796875

16.25,424.38,0.2685546875
16.25,427.27,0.263671875
30.7,440.27,0.3095703125
56.7,459.05,0.375
87.04,477.83,0.39453125
127.49,496.61,0.3818359375
149.16,499.5,0.2744140625
160.72,495.17,0.06640625

62.48,447.49,0.0869140625
66.82,461.94,0.3203125
92.82,476.39,0.3994140625
123.16,487.95,0.423828125
153.5,493.72,0.392578125
183.84,496.61,0.1904296875

120.27,482.17,0.3583984375
124.6,490.84,0.38671875
146.28,500.95,0.462890625
176.61,503.84,0.4775390625
222.84,498.06,0.3935546875
234.4,495.17,0.2421875

72.6,420.05,0.3076171875
91.38,422.93,0.33203125
120.27,430.16,0.3798828125
160.72,435.94,0.3583984375
179.5,435.94,0.1943359375

75.49,412.82,0.01953125
65.37,409.93,0.31640625
58.15,405.6,0.3525390625
72.6,404.15,0.384765625
97.16,402.71,0.3798828125
120.27,398.37,0.376953125
134.72,394.04,0.2607421875
139.05,391.15,0.1162109375

49.48,386.82,0.33203125
40.81,383.93,0.359375
55.26,378.15,0.3740234375
78.37,372.37,0.37109375
98.6,368.04,0.359375
111.6,365.15,0.1796875

52.37,334.81,0.322265625
55.26,333.36,0.30078125
75.49,333.36,0.33984375
102.93,331.92,0.3544921875
128.94,327.58,0.3466796875
149.16,324.7,0.115234375

66.82,316.03,0.4267578125
61.04,316.03,0.4306640625
75.49,317.47,0.3974609375
118.83,307.36,0.4033203125
146.28,300.14,0.318359375
156.39,295.8,0.154296875

68.26,297.25,0.3994140625
79.82,298.69,0.3623046875
108.71,300.14,0.3798828125
140.5,301.58,0.37890625
154.94,301.58,0.2255859375

133.27,502.39,0.234375
133.27,503.84,0.2587890625
141.94,505.28,0.3603515625
195.4,506.73,0.50390625
245.96,506.73,0.5654296875
292.19,506.73,0.5830078125
326.86,506.73,0.572265625
349.98,506.73,0.5244140625
358.65,506.73,0.3544921875
357.2,506.73,0.0830078125

178.06,503.84,0.2822265625
185.28,503.84,0.28125
218.51,506.73,0.341796875
267.63,508.17,0.3837890625
316.75,509.62,0.40234375
352.87,511.06,0.38671875
373.09,512.51,0.1845703125

232.96,503.84,0.3837890625
243.07,506.73,0.400390625
276.3,512.51,0.421875
339.86,513.95,0.4541015625
377.43,513.95,0.3447265625
390.43,513.95,0.193359375

254.63,511.06,0.1767578125
264.74,513.95,0.2763671875
295.08,521.17,0.294921875
347.09,525.51,0.3828125
374.54,525.51,0.3447265625
384.65,525.51,0.236328125

105.82,9.75,0.0498046875
105.82,8.31,0.0966796875
104.38,6.86,0.263671875
102.93,6.86,0.283203125
98.6,6.86,0.3251953125
87.04,16.98,0.3310546875
56.7,50.2,0.390625
30.7,79.1,0.4208984375
9.03,106.55,0.4619140625

9.03,113.77,0.0361328125

58.15,51.65,0.080078125
62.48,45.87,0.0791015625
66.82,38.65,0.1611328125
65.37,40.09,0.3076171875
45.15,66.09,0.375
24.92,93.54,0.3876953125
4.7,120.99,0.3984375

63.93,11.2,0.1728515625
62.48,15.53,0.173828125
59.59,28.53,0.2060546875
58.15,34.31,0.1787109375
58.15,35.76,0.08984375

45.15,16.98,0.21484375
42.26,22.75,0.2392578125
40.81,40.09,0.3388671875
40.81,48.76,0.3583984375
40.81,54.54,0.3603515625
40.81,53.09,0.1591796875

39.37,31.42,0.216796875
36.48,40.09,0.25390625
33.59,58.87,0.123046875

774.72,12.64,0.1806640625
776.16,18.42,0.294921875
777.61,27.09,0.318359375
777.61,40.09,0.3330078125
779.05,42.98,0.2578125
780.5,41.53,0.0810546875

783.39,21.31,0.083984375
783.39,18.42,0.1357421875
783.39,16.98,0.1943359375
784.83,19.86,0.310546875
787.72,28.53,0.359375
790.61,45.87,0.3369140625
792.05,53.09,0.1044921875

357.2,40.09,0.029296875
357.2,38.65,0.0400390625
357.2,44.42,0.318359375
354.31,60.32,0.4169921875
352.87,80.54,0.4765625
348.53,102.21,0.4912109375
345.64,131.11,0.505859375
344.2,141.22,0.5048828125
344.2,142.66,0.4873046875
345.64,135.44,0.4072265625
348.53,119.55,0.2939453125
357.2,90.65,0.12109375
361.53,70.43,0.0478515625
365.87,53.09,0.056640625
367.31,45.87,0.13671875
364.42,53.09,0.30859375
358.65,70.43,0.39453125
352.87,96.43,0.4208984375
347.09,122.44,0.42578125
341.31,142.66,0.3759765625
339.86,149.89,0.166015625

508.89,64.65,0.015625
513.23,68.98,0.1943359375
517.56,83.43,0.2548828125
521.9,103.66,0.3154296875
521.9,115.21,0.3017578125
523.34,120.99,0.1513671875

536.34,58.87,0.208984375
536.34,70.43,0.3115234375
539.23,84.88,0.3525390625
540.68,99.32,0.3583984375
542.12,112.33,0.3564453125
545.01,119.55,0.26171875
545.01,120.99,0.1591796875

559.46,76.21,0.1396484375
559.46,83.43,0.125
562.35,102.21,0.1044921875
563.79,106.55,0.0048828125

562.35,74.76,0.1044921875
563.79,92.1,0.0322265625

436.66,401.26,0.2646484375
440.99,401.26,0.34375
446.77,401.26,0.3642578125
448.22,401.26,0.3701171875
446.77,401.26,0.3994140625
440.99,402.71,0.435546875
438.1,402.71,0.4736328125
436.66,402.71,0.505859375
440.99,402.71,0.513671875
446.77,402.71,0.3447265625
448.22,402.71,0.1728515625

449.66,454.72,0.00390625
451.11,454.72,0.2646484375
452.55,454.72,0.265625
456.88,454.72,0.3203125
458.33,454.72,0.318359375

399.1,225.01,0.2255859375
397.65,226.46,0.2841796875
394.76,239.46,0.416015625
394.76,252.46,0.4658203125
399.1,269.8,0.4921875
404.88,292.91,0.5048828125
417.88,321.81,0.4765625
426.55,331.92,0.296875
430.88,333.36,0.111328125

399.1,243.79,0.2841796875
396.21,245.24,0.3271484375
393.32,251.02,0.3828125
393.32,261.13,0.455078125
397.65,277.02,0.50390625
407.77,298.69,0.533203125
426.55,329.03,0.5224609375
438.1,342.03,0.4375
445.33,344.92,0.2578125
448.22,344.92,0.12109375

396.21,223.57,0.1962890625
391.87,223.57,0.2734375
384.65,229.35,0.4189453125
378.87,236.57,0.466796875
373.09,248.13,0.5009765625
370.2,264.02,0.53515625
368.76,284.24,0.5546875
370.2,314.58,0.5478515625
375.98,324.7,0.4794921875
381.76,327.58,0.3115234375
386.09,321.81,0.0791015625

374.54,261.13,0.3251953125
370.2,274.13,0.4072265625
370.2,287.13,0.43359375
373.09,298.69,0.4267578125
374.54,303.02,0.228515625
375.98,303.02,0.0693359375

318.19,187.45,0.2255859375
316.75,186.0,0.2734375
319.64,186.0,0.3330078125
331.2,190.34,0.4189453125
355.76,201.9,0.5009765625
371.65,210.56,0.5380859375
380.32,220.68,0.54296875
383.21,227.9,0.544921875
383.21,233.68,0.5458984375
378.87,233.68,0.3203125
377.43,232.23,0.0810546875

373.09,181.67,0.275390625
374.54,184.56,0.2763671875
388.98,194.67,0.419921875
396.21,203.34,0.4921875
397.65,212.01,0.544921875
397.65,219.23,0.5576171875
391.87,225.01,0.4697265625
388.98,225.01,0.26171875
388.98,222.12,0.05078125

394.76,203.34,0.2060546875
396.21,203.34,0.26171875
400.54,204.79,0.416015625
403.43,210.56,0.5107421875
403.43,217.79,0.53515625
400.54,223.57,0.47265625
394.76,223.57,0.1875

326.86,168.67,0.1494140625
323.97,168.67,0.1728515625
310.97,173.0,0.2939453125
299.41,180.23,0.3525390625
287.86,188.89,0.38671875
279.19,199.01,0.4111328125
271.96,209.12,0.4091796875
266.19,216.34,0.416015625
266.19,217.79,0.4150390625
266.19,216.34,0.408203125
270.52,210.56,0.4169921875
286.41,194.67,0.412109375
302.3,183.12,0.416015625
319.64,174.45,0.3681640625
338.42,168.67,0.1669921875

604.24,236.57,0.1552734375
610.02,243.79,0.3828125
614.36,251.02,0.42578125
614.36,259.68,0.44140625
611.47,269.8,0.3916015625
607.13,277.02,0.1513671875

617.25,265.46,0.19921875
618.69,268.35,0.3671875
620.14,275.58,0.3994140625
620.14,285.69,0.4296875
614.36,298.69,0.390625
597.02,313.14,0.1962890625
585.46,318.92,0.0380859375

608.58,278.47,0.333984375
610.02,282.8,0.333984375
608.58,298.69,0.4873046875
602.8,317.47,0.5537109375
591.24,337.7,0.5947265625
559.46,363.7,0.6162109375
537.79,372.37,0.6103515625
521.9,373.81,0.603515625
517.56,373.81,0.5380859375
524.79,359.37,0.298828125
532.01,355.03,0.12890625

597.02,327.58,0.0087890625
597.02,329.03,0.32421875
594.13,333.36,0.4111328125
588.35,339.14,0.4853515625
572.46,347.81,0.580078125
553.68,356.48,0.6015625
532.01,363.7,0.6259765625
507.45,369.48,0.6318359375
472.78,373.81,0.6220703125
455.44,375.26,0.5400390625
443.88,375.26,0.3125
440.99,375.26,0.046875

286.41,363.7,0.05078125
290.74,366.59,0.25390625
308.08,372.37,0.384765625
341.31,381.04,0.498046875
384.65,389.71,0.5703125
427.99,394.04,0.587890625
480.0,386.82,0.59765625
503.12,378.15,0.552734375
514.67,372.37,0.376953125
517.56,369.48,0.2255859375

328.31,353.59,0.20703125
326.86,355.03,0.2099609375
329.75,359.37,0.314453125
345.64,366.59,0.43359375
378.87,373.81,0.51171875
438.1,381.04,0.5947265625
471.33,378.15,0.6044921875
495.89,370.93,0.6044921875
508.89,363.7,0.51171875
510.34,359.37,0.33203125
506.0,357.92,0.2353515625

384.65,366.59,0.3017578125
387.54,370.93,0.3564453125
406.32,376.7,0.455078125
438.1,379.59,0.5087890625
471.33,378.15,0.5478515625
510.34,363.7,0.5546875
529.12,350.7,0.4970703125
542.12,342.03,0.302734375
547.9,337.7,0.0400390625

611.47,287.13,0.3193359375
611.47,291.47,0.33203125
608.58,300.14,0.466796875
598.47,318.92,0.5751953125
582.57,334.81,0.6123046875
555.12,350.7,0.6259765625
524.79,365.15,0.634765625
485.78,378.15,0.58984375
475.67,379.59,0.4658203125
475.67,376.7,0.1767578125

581.13,331.92,0.029296875
575.35,336.25,0.314453125
563.79,340.59,0.416015625
543.57,349.26,0.4853515625
516.12,357.92,0.5224609375
462.66,372.37,0.5576171875
420.77,381.04,0.5546875
381.76,388.26,0.466796875
355.76,391.15,0.2880859375

264.74,382.48,0.0048828125
276.3,389.71,0.3125
302.3,394.04,0.4375
336.98,399.82,0.5107421875
375.98,399.82,0.54296875
422.21,392.6,0.5595703125
439.55,386.82,0.484375
443.88,383.93,0.177734375

271.96,383.93,0.361328125
280.63,386.82,0.3818359375
303.75,391.15,0.4814453125
351.42,394.04,0.55859375
378.87,394.04,0.5625
396.21,391.15,0.5595703125
403.43,388.26,0.3955078125
401.99,385.37,0.0126953125

250.29,385.37,0.3798828125
253.18,391.15,0.4248046875
279.19,396.93,0.52734375
341.31,401.26,0.59375
362.98,401.26,0.595703125
409.21,396.93,0.5712890625
420.77,394.04,0.333984375
420.77,391.15,0.0595703125

266.19,405.6,0.3837890625
267.63,414.27,0.38671875
295.08,418.6,0.419921875
313.86,414.27,0.1982421875

218.51,290.02,0.0126953125
214.18,294.36,0.302734375
212.73,307.36,0.42578125
212.73,330.47,0.49609375
217.07,366.59,0.5634765625
225.73,420.05,0.62109375
230.07,444.6,0.6376953125
231.51,457.61,0.638671875
232.96,460.5,0.640625
231.51,448.94,0.63671875
227.18,428.71,0.609375
221.4,402.71,0.533203125
212.73,372.37,0.4638671875
205.51,342.03,0.4208984375
199.73,314.58,0.4208984375
198.28,311.69,0.4248046875
198.28,317.47,0.4658203125
205.51,342.03,0.5048828125
222.84,395.49,0.5908203125
232.96,427.27,0.62890625
240.18,450.38,0.6240234375
243.07,461.94,0.6279296875
243.07,463.39,0.6171875
241.63,447.49,0.62890625
235.85,424.38,0.60546875
228.62,395.49,0.5458984375
218.51,360.81,0.505859375
211.29,321.81,0.4951171875
211.29,317.47,0.501953125
218.51,331.92,0.5087890625
228.62,363.7,0.5322265625
241.63,422.93,0.56640625
251.74,476.39,0.4462890625
253.18,480.72,0.2880859375

225.73,307.36,0.3642578125
225.73,317.47,0.37109375
234.4,346.37,0.4453125
247.4,386.82,0.50390625
261.85,425.82,0.5302734375
274.85,469.16,0.525390625
279.19,482.17,0.412109375
280.63,480.72,0.2001953125
280.63,473.5,0.0009765625

244.51,350.7,0.162109375
244.51,346.37,0.16796875
245.96,350.7,0.31640625
258.96,386.82,0.4697265625
269.07,417.16,0.533203125
276.3,441.72,0.5302734375
280.63,454.72,0.5185546875
282.08,447.49,0.390625
280.63,428.71,0.296875
273.41,404.15,0.1484375
263.3,375.26,0.0
254.63,349.26,0.1025390625
253.18,339.14,0.1865234375
258.96,350.7,0.337890625
270.52,376.7,0.4189453125
282.08,404.15,0.4658203125
296.52,431.6,0.46875
299.41,434.49,0.3486328125
299.41,427.27,0.2392578125
295.08,409.93,0.111328125
290.74,399.82,0.0

260.41,343.48,0.130859375
258.96,337.7,0.1865234375
258.96,337.7,0.291015625
269.07,350.7,0.3779296875
289.3,379.59,0.443359375
299.41,395.49,0.4560546875
306.64,404.15,0.458984375
306.64,405.6,0.4306640625
303.75,399.82,0.2578125
284.97,376.7,0.173828125
271.96,362.26,0.263671875
266.19,353.59,0.369140625
269.07,353.59,0.421875
293.63,365.15,0.4775390625
312.42,375.26,0.4814453125
326.86,382.48,0.484375
335.53,386.82,0.4892578125
338.42,386.82,0.4736328125
323.97,381.04,0.267578125
303.75,375.26,0.216796875
283.52,369.48,0.2587890625
264.74,365.15,0.4091796875
267.63,365.15,0.4326171875
283.52,369.48,0.46484375
306.64,373.81,0.4814453125
326.86,378.15,0.484375
341.31,379.59,0.4833984375
347.09,379.59,0.423828125
339.86,376.7,0.18359375

273.41,360.81,0.1904296875
270.52,359.37,0.20703125
280.63,362.26,0.2939453125
300.86,365.15,0.3095703125
321.08,365.15,0.30859375
339.86,362.26,0.0341796875

248.85,336.25,0.3017578125
251.74,337.7,0.375
273.41,347.81,0.4521484375
318.19,368.04,0.517578125
344.2,375.26,0.529296875
362.98,378.15,0.5224609375
368.76,378.15,0.3310546875
364.42,375.26,0.2275390625

228.62,318.92,0.2958984375
224.29,318.92,0.3193359375
227.18,321.81,0.4130859375
254.63,334.81,0.5
319.64,362.26,0.5927734375
364.42,373.81,0.60546875
400.54,375.26,0.609375
425.1,373.81,0.5419921875
436.66,366.59,0.3095703125

219.95,339.14,0.3759765625
238.74,352.14,0.44140625
277.74,369.48,0.5517578125
319.64,381.04,0.5966796875
355.76,382.48,0.587890625
388.98,372.37,0.490234375
393.32,366.59,0.302734375
391.87,363.7,0.16796875

219.95,305.91,0.3232421875
219.95,308.8,0.3388671875
237.29,320.36,0.42578125
270.52,337.7,0.4892578125
300.86,350.7,0.5263671875
331.2,356.48,0.5224609375
339.86,356.48,0.390625
339.86,352.14,0.0625

224.29,292.91,0.310546875
221.4,310.25,0.43359375
230.07,337.7,0.5029296875
244.51,372.37,0.5517578125
256.07,405.6,0.5771484375
264.74,443.16,0.576171875
266.19,454.72,0.51171875
267.63,456.16,0.375
269.07,451.83,0.1513671875

244.51,349.26,0.3642578125
244.51,355.03,0.3642578125
251.74,388.26,0.4833984375
261.85,412.82,0.5322265625
270.52,435.94,0.55078125
274.85,451.83,0.55859375
276.3,459.05,0.51171875
276.3,450.38,0.3876953125
271.96,433.05,0.1875
264.74,412.82,0.1103515625
258.96,395.49,0.1240234375
257.52,394.04,0.32421875
260.41,412.82,0.3955078125
269.07,437.38,0.3916015625
277.74,457.61,0.375
287.86,473.5,0.177734375

253.18,437.38,0.3759765625
251.74,443.16,0.453125
264.74,456.16,0.5390625
287.86,470.61,0.580078125
310.97,485.06,0.572265625
336.98,496.61,0.5771484375
344.2,499.5,0.5751953125
345.64,499.5,0.544921875
339.86,495.17,0.4892578125
312.42,480.72,0.423828125
292.19,472.05,0.4326171875
276.3,464.83,0.4755859375
270.52,463.39,0.5390625
273.41,463.39,0.54296875
295.08,474.94,0.5703125
310.97,483.61,0.5849609375
326.86,489.39,0.578125
335.53,493.72,0.580078125
336.98,495.17,0.5771484375
328.31,495.17,0.5224609375
312.42,490.84,0.5107421875
297.97,486.5,0.5234375
286.41,482.17,0.5595703125
286.41,482.17,0.5478515625
297.97,486.5,0.55859375
313.86,495.17,0.5595703125
331.2,502.39,0.5625
347.09,506.73,0.4658203125
348.53,508.17,0.3916015625
342.75,503.84,0.185546875
336.98,500.95,0.01171875

277.74,472.05,0.1357421875
264.74,464.83,0.2041015625
263.3,461.94,0.2578125
276.3,463.39,0.3046875
310.97,476.39,0.326171875
334.09,486.5,0.333984375
351.42,492.28,0.3046875
361.53,495.17,0.1611328125

293.63,474.94,0.337890625
308.08,482.17,0.361328125
335.53,487.95,0.3798828125
364.42,492.28,0.3662109375
388.98,493.72,0.2421875
396.21,495.17,0.060546875

342.75,490.84,0.134765625
344.2,493.72,0.3798828125
361.53,499.5,0.4111328125
388.98,500.95,0.4150390625
416.43,499.5,0.25

610.02,363.7,0.0302734375
610.02,362.26,0.048828125
610.02,360.81,0.068359375
610.02,362.26,0.33984375
608.58,370.93,0.4453125
605.69,385.37,0.51171875
599.91,417.16,0.6044921875
592.69,440.27,0.630859375
582.57,460.5,0.6396484375
573.91,474.94,0.6513671875
569.57,480.72,0.640625
568.13,480.72,0.5625
572.46,472.05,0.4375
579.68,456.16,0.2421875
582.57,448.94,0.056640625

594.13,411.38,0.291015625
592.69,411.38,0.3056640625
589.8,411.38,0.3955078125
585.46,424.38,0.48828125
581.13,435.94,0.529296875
573.91,450.38,0.5693359375
565.24,463.39,0.5771484375
555.12,472.05,0.5927734375
553.68,473.5,0.59765625
553.68,472.05,0.5478515625
559.46,463.39,0.53515625
571.02,450.38,0.5107421875
579.68,443.16,0.5078125
582.57,440.27,0.4912109375
581.13,440.27,0.5283203125
572.46,448.94,0.53515625
555.12,464.83,0.55078125
547.9,469.16,0.564453125
545.01,470.61,0.5556640625
546.46,470.61,0.525390625
560.9,459.05,0.486328125
573.91,451.83,0.4853515625
584.02,446.05,0.486328125
586.91,444.6,0.4853515625
585.46,447.49,0.5107421875
569.57,460.5,0.521484375
558.01,466.28,0.515625
552.23,470.61,0.4365234375
550.79,470.61,0.314453125

594.13,480.72,0.01953125
595.58,490.84,0.25
598.47,509.62,0.3115234375
604.24,542.84,0.2626953125
607.13,564.51,0.1240234375

604.24,509.62,0.015625
604.24,513.95,0.2177734375
605.69,535.62,0.2705078125
610.02,567.4,0.30078125
612.91,596.3,0.1875
614.36,610.74,0.064453125

326.86,534.18,0.0185546875
323.97,534.18,0.021484375

328.31,518.28,0.0302734375
329.75,516.84,0.0322265625
332.64,515.4,0.212890625
332.64,516.84,0.3056640625
329.75,534.18,0.400390625
325.42,551.51,0.4453125
319.64,570.29,0.447265625
315.3,584.74,0.4541015625
315.3,591.96,0.369140625

338.42,518.28,0.26171875
332.64,521.17,0.2958984375
328.31,529.84,0.40234375
323.97,544.29,0.4580078125
321.08,563.07,0.4951171875
315.3,593.41,0.4970703125
312.42,606.41,0.4853515625
312.42,610.74,0.4521484375
312.42,606.41,0.2158203125
313.86,600.63,0.0400390625

331.2,526.95,0.1982421875
329.75,534.18,0.2734375
325.42,551.51,0.3779296875
322.53,573.18,0.4375
316.75,607.86,0.455078125
313.86,628.08,0.4619140625
312.42,635.3,0.3896484375
312.42,630.97,0.2412109375
312.42,622.3,0.080078125

331.2,528.4,0.212890625
329.75,535.62,0.2412109375
323.97,555.85,0.390625
316.75,583.3,0.4189453125
308.08,612.19,0.3876953125
302.3,629.53,0.10546875

601.35,521.17,0.19921875
599.91,521.17,0.2158203125
599.91,538.51,0.326171875
608.58,565.96,0.3955078125
620.14,600.63,0.4462890625
631.69,638.19,0.4453125
641.81,682.98,0.3662109375
643.25,694.54,0.3359375
643.25,693.09,0.125

656.25,641.08,0.1806640625
654.81,642.53,0.2294921875
656.25,658.42,0.30859375
664.92,698.87,0.4072265625
670.7,729.21,0.4267578125
675.03,755.21,0.43359375
679.37,775.44,0.39453125
682.26,782.66,0.2705078125
682.26,781.22,0.0595703125

654.81,641.08,0.193359375
654.81,655.53,0.2763671875
660.59,678.65,0.3759765625
670.7,720.54,0.412109375
675.03,745.1,0.416015625
677.92,763.88,0.392578125
679.37,771.11,0.3466796875
679.37,768.22,0.1845703125

667.81,671.42,0.197265625
667.81,690.2,0.296875
673.59,717.65,0.4189453125
679.37,746.55,0.435546875
683.7,771.11,0.4326171875
686.59,791.33,0.0927734375

790.61,277.02,0.2802734375
789.16,281.35,0.3046875
783.39,326.14,0.43359375
783.39,349.26,0.4267578125
783.39,363.7,0.33203125
786.28,366.59,0.0771484375

790.61,287.13,0.2646484375
787.72,307.36,0.4443359375
784.83,329.03,0.4931640625
779.05,353.59,0.53125
773.27,376.7,0.53515625
770.38,389.71,0.4462890625
771.83,385.37,0.3623046875
776.16,369.48,0.1650390625
779.05,360.81,0.10546875

793.5,294.36,0.21484375
790.61,295.8,0.3154296875
789.16,300.14,0.3603515625
780.5,321.81,0.40625
774.72,336.25,0.3798828125
774.72,340.59,0.2275390625

787.72,266.91,0.2578125
781.94,271.24,0.3173828125
770.38,303.02,0.4326171875
766.05,320.36,0.4326171875
763.16,331.92,0.359375
763.16,326.14,0.2763671875
767.49,314.58,0.1796875
773.27,303.02,0.1611328125
777.61,291.47,0.1240234375
781.94,281.35,0.1689453125
780.5,284.24,0.2802734375
773.27,301.58,0.333984375
764.6,327.58,0.3818359375
754.49,362.26,0.4423828125
751.6,376.7,0.4521484375
753.05,376.7,0.37109375
761.72,363.7,0.28515625
770.38,344.92,0.2197265625
781.94,320.36,0.1962890625
786.28,311.69,0.2578125
786.28,313.14,0.3662109375
780.5,327.58,0.408203125
768.94,362.26,0.4443359375
761.72,383.93,0.466796875
755.94,398.37,0.4716796875
755.94,402.71,0.40625
761.72,395.49,0.3251953125
776.16,372.37,0.2021484375
786.28,356.48,0.177734375
792.05,347.81,0.2275390625
793.5,347.81,0.2744140625
786.28,369.48,0.4453125
779.05,389.71,0.4736328125
773.27,407.04,0.4677734375
768.94,420.05,0.46875
768.94,422.93,0.4345703125
776.16,408.49,0.2255859375
784.83,391.15,0.177734375
793.5,376.7,0.1552734375
799.28,365.15,0.263671875
799.28,368.04,0.359375
794.94,382.48,0.4150390625
787.72,399.82,0.43359375
780.5,415.71,0.4453125
773.27,431.6,0.4013671875
773.27,430.16,0.294921875
779.05,418.6,0.15234375
783.39,409.93,0.0986328125

799.73,381.94,0.0419921875

795.4,433.95,0.4287109375
786.73,462.84,0.0126953125

68.26,558.74,0.0732421875
68.26,563.07,0.298828125
68.26,576.07,0.3603515625
62.48,604.97,0.4619140625
55.26,629.53,0.48828125
48.04,654.09,0.509765625
42.26,671.42,0.513671875
42.26,674.31,0.421875
48.04,662.75,0.28515625
52.37,652.64,0.1083984375

76.93,576.07,0.2099609375
75.49,576.07,0.2880859375
75.49,581.85,0.3671875
74.04,591.96,0.419921875
69.71,613.63,0.453125
66.82,625.19,0.4619140625
65.37,629.53,0.4384765625
65.37,620.86,0.2236328125
66.82,607.86,0.05859375

74.04,580.41,0.0322265625
74.04,577.52,0.091796875
72.6,590.52,0.3388671875
68.26,606.41,0.3828125
63.93,622.3,0.3876953125
61.04,632.42,0.3681640625
59.59,635.3,0.2802734375

61.04,555.85,0.21484375
59.59,560.18,0.2294921875
56.7,577.52,0.3203125
50.93,603.52,0.3544921875
46.59,613.63,0.26953125
45.15,615.08,0.1474609375

33.59,541.4,0.3701171875
29.26,555.85,0.4375
24.92,587.63,0.50390625
20.59,607.86,0.4921875
14.81,617.97,0.30078125
14.81,620.86,0.0107421875

283.52,591.96,0.18359375
283.52,593.41,0.318359375
282.08,604.97,0.4521484375
279.19,622.3,0.505859375
274.85,646.86,0.544921875
264.74,688.76,0.576171875
257.52,714.76,0.5869140625
253.18,729.21,0.5859375
253.18,732.1,0.5595703125
263.3,717.65,0.1044921875

315.3,617.97,0.3037109375
313.86,622.3,0.3466796875
312.42,632.42,0.451171875
310.97,656.98,0.498046875
308.08,669.98,0.4931640625
308.08,674.31,0.3115234375

329.75,181.67,0.2216796875
326.86,178.78,0.2509765625
336.98,170.11,0.3955078125
349.98,167.22,0.4677734375
368.76,167.22,0.5244140625
381.76,171.56,0.5634765625
391.87,184.56,0.6015625
393.32,191.78,0.607421875
393.32,196.12,0.564453125
391.87,197.56,0.3818359375

347.09,173.0,0.205078125
347.09,171.56,0.2646484375
357.2,170.11,0.3935546875
384.65,171.56,0.5
403.43,177.34,0.5390625
414.99,187.45,0.57421875
420.77,206.23,0.5966796875
420.77,216.34,0.6064453125
416.43,222.12,0.5556640625
413.54,223.57,0.3818359375
410.65,222.12,0.212890625

403.43,161.44,0.2421875
406.32,161.44,0.26171875
422.21,173.0,0.400390625
430.88,183.12,0.4794921875
435.21,196.12,0.5224609375
435.21,209.12,0.5439453125
427.99,222.12,0.51171875
422.21,225.01,0.3271484375
419.32,225.01,0.087890625

430.88,196.12,0.3046875
432.33,201.9,0.37890625
432.33,209.12,0.46875
432.33,217.79,0.47265625
426.55,223.57,0.4462890625
419.32,225.01,0.2373046875

326.86,193.23,0.26171875
329.75,190.34,0.3154296875
341.31,188.89,0.4111328125
354.31,188.89,0.458984375
370.2,191.78,0.4853515625
373.09,194.67,0.4755859375
373.09,199.01,0.369140625
368.76,201.9,0.1064453125

341.31,186.0,0.1591796875
342.75,186.0,0.2236328125
349.98,187.45,0.294921875
354.31,188.89,0.296875
357.2,190.34,0.0009765625

326.86,170.11,0.173828125
325.42,168.67,0.22265625
318.19,167.22,0.33203125
299.41,175.89,0.42578125
284.97,187.45,0.45703125
271.96,201.9,0.462890625
266.19,214.9,0.4462890625
270.52,225.01,0.20703125

310.97,191.78,0.1787109375
309.53,191.78,0.1962890625
308.08,191.78,0.2646484375
303.75,190.34,0.35546875
295.08,190.34,0.4453125
277.74,197.56,0.5009765625
261.85,204.79,0.537109375
247.4,214.9,0.5556640625
235.85,222.12,0.5576171875
228.62,232.23,0.5478515625
230.07,236.57,0.455078125
240.18,239.46,0.2578125
245.96,239.46,0.09765625

276.3,196.12,0.0224609375
271.96,196.12,0.3017578125
260.41,197.56,0.3486328125
248.85,200.45,0.4306640625
237.29,203.34,0.4833984375
221.4,216.34,0.5166015625
211.29,229.35,0.544921875
204.06,243.79,0.5546875
199.73,259.68,0.5537109375
201.17,275.58,0.466796875
206.95,278.47,0.26953125
211.29,278.47,0.1494140625

228.62,223.57,0.318359375
222.84,226.46,0.318359375
214.18,232.23,0.3671875
206.95,238.01,0.419921875
202.62,246.68,0.447265625
201.17,256.79,0.4765625
202.62,278.47,0.484375
208.4,291.47,0.4873046875
214.18,297.25,0.375
218.51,298.69,0.21875
219.95,297.25,0.1357421875

212.73,285.69,0.15234375
209.84,285.69,0.2802734375
209.84,288.58,0.3330078125
218.51,301.58,0.3818359375
227.18,311.69,0.3896484375
235.85,318.92,0.3818359375
243.07,323.25,0.3037109375
245.96,323.25,0.1435546875

227.18,314.58,0.1669921875
224.29,314.58,0.2158203125
224.29,317.47,0.2783203125
231.51,326.14,0.3173828125
245.96,336.25,0.337890625
258.96,344.92,0.3388671875
270.52,352.14,0.2685546875
274.85,355.03,0.0

241.63,343.48,0.3232421875
240.18,347.81,0.3544921875
250.29,355.03,0.3701171875
267.63,362.26,0.3662109375
284.97,366.59,0.26171875
292.19,366.59,0.0712890625

218.51,352.14,0.0830078125
219.95,355.03,0.0478515625
231.51,373.81,0.2763671875
248.85,386.82,0.30078125
256.07,389.71,0.2412109375

185.28,310.25,0.103515625
185.28,314.58,0.2353515625
191.06,329.03,0.298828125
205.51,362.26,0.369140625
212.73,381.04,0.3740234375
218.51,395.49,0.314453125
219.95,401.26,0.13671875

169.39,326.14,0.2626953125
176.61,339.14,0.2705078125
193.95,366.59,0.2841796875
201.17,383.93,0.275390625
206.95,395.49,0.1220703125

