220.29,211.78,0.0205078125
221.84,211.78,0.0546875
221.84,213.33,0.1025390625
223.37,214.89,0.1552734375
224.93,214.89,0.1806640625
231.12,214.89,0.19921875
235.76,211.78,0.2119140625
240.39,210.25,0.2216796875
245.03,207.14,0.2294921875
248.12,202.5,0.240234375
249.67,200.97,0.2451171875
251.2,199.42,0.2626953125
249.67,196.34,0.2919921875
248.12,194.78,0.2958984375
246.56,194.78,0.2958984375
245.03,194.78,0.2958984375
243.48,194.78,0.294921875
241.92,194.78,0.2939453125
240.39,194.78,0.2939453125
238.84,194.78,0.29296875
234.2,197.87,0.2919921875
231.12,199.42,0.2919921875
228.01,200.97,0.2919921875
226.48,202.5,0.2919921875
223.37,205.61,0.2900390625
223.37,207.14,0.2890625
226.48,211.78,0.2802734375

220.29,213.33,0.0146484375
218.74,213.33,0.037109375
209.46,219.52,0.0693359375
207.93,221.06,0.076171875
204.82,224.16,0.08984375
203.29,225.69,0.09765625
201.74,227.25,0.1142578125
201.74,228.8,0.1181640625
201.74,230.33,0.123046875
201.74,231.88,0.1279296875
201.74,233.44,0.14453125
201.74,234.97,0.15234375
203.29,234.97,0.1572265625
203.29,236.52,0.16015625
204.82,238.08,0.17578125
206.38,238.08,0.189453125
207.93,239.61,0.1962890625
209.46,239.61,0.2001953125
211.01,239.61,0.2021484375
212.57,241.16,0.2060546875
214.1,241.16,0.21484375
215.65,241.16,0.220703125
217.21,241.16,0.224609375
218.74,241.16,0.2275390625
220.29,241.16,0.2333984375
224.93,241.16,0.244140625
228.01,241.16,0.2568359375
229.57,239.61,0.2607421875
231.12,238.08,0.2626953125
232.65,238.08,0.2626953125
235.76,236.52,0.263671875
237.29,236.52,0.263671875
238.84,236.52,0.2646484375
241.92,234.97,0.265625
243.48,234.97,0.267578125
245.03,233.44,0.26953125
246.56,233.44,0.2705078125
246.56,231.88,0.27734375
248.12,231.88,0.279296875
249.67,231.88,0.283203125
251.2,231.88,0.2841796875
252.75,231.88,0.2861328125
254.31,231.88,0.2880859375
255.84,231.88,0.2900390625
257.39,231.88,0.291015625
257.39,230.33,0.291015625
258.94,230.33,0.2919921875
260.48,230.33,0.2919921875
262.03,230.33,0.2939453125
263.58,228.8,0.2958984375
265.11,227.25,0.2978515625
269.75,225.69,0.298828125
271.3,224.16,0.2998046875
272.86,224.16,0.2998046875
274.39,222.61,0.30078125
275.94,221.06,0.3076171875
275.94,219.52,0.3134765625
280.58,216.42,0.3173828125
280.58,214.89,0.3173828125
282.13,213.33,0.3203125
283.66,211.78,0.326171875
283.66,210.25,0.33203125
285.22,208.7,0.3359375
285.22,207.14,0.3359375
286.77,205.61,0.3359375
286.77,204.06,0.3388671875
285.22,202.5,0.3447265625
279.03,197.87,0.349609375
277.5,197.87,0.3505859375
274.39,197.87,0.3515625
271.3,197.87,0.3515625
268.22,197.87,0.3515625
265.11,199.42,0.3515625
258.94,199.42,0.3515625
255.84,200.97,0.3349609375
248.12,204.06,0.2275390625

280.58,191.7,0.0107421875
280.58,193.23,0.041015625
280.58,194.78,0.1767578125
282.13,194.78,0.2822265625
282.13,196.34,0.30078125
283.66,196.34,0.31640625
283.66,197.87,0.3203125
285.22,199.42,0.3330078125
289.86,204.06,0.3408203125
289.86,205.61,0.349609375
291.41,207.14,0.3583984375
291.41,208.7,0.365234375
292.94,210.25,0.3701171875
292.94,211.78,0.375
296.05,211.78,0.37890625
297.58,213.33,0.384765625
299.13,214.89,0.390625
302.21,214.89,0.3955078125
305.32,217.97,0.3994140625
306.85,219.52,0.4013671875
308.41,222.61,0.40234375
311.49,225.69,0.4072265625
313.04,227.25,0.4130859375
314.6,228.8,0.416015625
316.13,231.88,0.4248046875
317.68,233.44,0.43359375
319.23,236.52,0.4443359375
320.77,239.61,0.455078125
322.32,241.16,0.458984375
322.32,244.24,0.4638671875
323.87,247.35,0.4677734375
323.87,251.99,0.47265625
323.87,255.07,0.4775390625
325.4,258.16,0.484375
325.4,261.26,0.490234375
326.96,267.43,0.49609375
326.96,270.54,0.4990234375
326.96,273.62,0.5029296875
326.96,275.18,0.505859375
326.96,279.81,0.515625
326.96,282.9,0.517578125
326.96,284.45,0.51953125
326.96,287.54,0.521484375
326.96,289.09,0.5234375
325.4,292.17,0.525390625
325.4,293.73,0.525390625
325.4,301.45,0.529296875
323.87,303.0,0.5302734375
323.87,306.09,0.5322265625
323.87,307.64,0.533203125
322.32,310.72,0.53515625
322.32,312.28,0.5380859375
320.77,315.36,0.54296875
319.23,315.36,0.5439453125
317.68,316.92,0.5478515625
314.6,318.45,0.5498046875
313.04,318.45,0.55078125
313.04,320.0,0.5517578125
311.49,320.0,0.5517578125
309.96,320.0,0.5546875
309.96,321.55,0.5546875
308.41,321.55,0.5546875
306.85,321.55,0.5546875
305.32,323.08,0.5546875
303.77,323.08,0.5556640625
302.21,323.08,0.556640625
300.68,324.64,0.556640625
299.13,324.64,0.5576171875
297.58,326.19,0.55859375
291.41,327.72,0.55859375
289.86,327.72,0.55859375
286.77,329.28,0.55859375
285.22,329.28,0.5576171875
283.66,330.83,0.5576171875
282.13,330.83,0.5576171875
277.5,335.47,0.5576171875
274.39,335.47,0.5576171875
271.3,337.0,0.5576171875
268.22,338.55,0.5576171875
263.58,341.63,0.5576171875
260.48,343.19,0.5576171875
257.39,344.74,0.5576171875
252.75,346.27,0.5576171875
248.12,349.38,0.5576171875
245.03,350.91,0.5576171875
243.48,352.46,0.5576171875
240.39,354.02,0.5576171875
237.29,354.02,0.55859375
232.65,355.55,0.55859375
228.01,355.55,0.55859375
220.29,358.66,0.55859375
214.1,360.19,0.55859375
211.01,361.74,0.55859375
209.46,363.29,0.55859375
207.93,363.29,0.55859375
206.38,363.29,0.55859375
204.82,364.82,0.55859375
204.82,363.29,0.5595703125

204.82,216.42,0.052734375
206.38,214.89,0.125
206.38,216.42,0.3193359375
204.82,216.42,0.3291015625
201.74,216.42,0.34765625
197.1,221.06,0.365234375
195.55,222.61,0.37890625
189.38,225.69,0.4033203125
187.83,225.69,0.40625
184.74,227.25,0.4140625
181.63,228.8,0.4228515625
178.55,230.33,0.431640625
177.0,231.88,0.4384765625
172.36,233.44,0.4453125
170.83,234.97,0.4501953125
167.72,236.52,0.45703125
164.64,236.52,0.4599609375
163.08,238.08,0.462890625
161.55,239.61,0.46484375
158.45,241.16,0.474609375
156.92,242.71,0.478515625
153.81,245.8,0.482421875
150.72,247.35,0.486328125
147.64,248.88,0.490234375
143.0,251.99,0.4951171875
139.9,253.52,0.4990234375
138.37,256.63,0.5009765625
136.81,258.16,0.5029296875
133.73,261.26,0.50390625
130.62,265.9,0.5068359375
129.09,268.99,0.5087890625
125.98,272.07,0.5107421875
121.34,275.18,0.5126953125
119.81,278.26,0.5126953125
118.26,281.34,0.5146484375
116.71,284.45,0.515625
113.62,287.54,0.5185546875
110.54,290.62,0.521484375
107.43,295.26,0.52734375
104.35,299.9,0.529296875
102.79,303.0,0.53125
98.16,309.17,0.5341796875
96.63,313.81,0.537109375
95.07,316.92,0.5390625
93.52,320.0,0.541015625
90.43,323.08,0.5419921875
88.88,326.19,0.54296875
88.88,330.83,0.5439453125
85.8,338.55,0.5458984375
84.24,344.74,0.5478515625
82.71,350.91,0.552734375
81.16,355.55,0.5556640625
79.61,360.19,0.5576171875
79.61,363.29,0.55859375
78.08,367.93,0.55859375
78.08,374.1,0.5615234375
76.52,378.74,0.5625
76.52,381.84,0.564453125
76.52,389.57,0.5673828125
76.52,394.2,0.5693359375
76.52,397.29,0.5712890625
76.52,400.39,0.5732421875
76.52,403.48,0.5751953125
78.08,406.56,0.5771484375
78.08,412.75,0.5791015625
78.08,415.84,0.580078125
79.61,423.58,0.583984375
81.16,428.22,0.5849609375
81.16,431.3,0.5859375
82.71,434.39,0.5869140625
84.24,437.5,0.5888671875
85.8,439.03,0.58984375
87.35,443.66,0.5908203125
90.43,445.22,0.5908203125
93.52,448.3,0.591796875
95.07,451.41,0.5927734375
98.16,452.94,0.59375
99.71,454.49,0.5947265625
102.79,456.05,0.5966796875
104.35,456.05,0.5966796875
108.99,457.58,0.59765625
108.99,459.13,0.59765625
113.62,460.68,0.5986328125
116.71,460.68,0.599609375
119.81,462.21,0.6005859375
121.34,463.77,0.6005859375
124.45,463.77,0.6005859375
125.98,463.77,0.6015625
129.09,463.77,0.6025390625
132.17,463.77,0.603515625
135.26,465.32,0.6044921875
136.81,465.32,0.6044921875
138.37,465.32,0.6044921875
139.9,463.77,0.60546875
143.0,463.77,0.60546875
144.53,463.77,0.60546875
149.17,463.77,0.6064453125
152.28,463.77,0.6064453125
153.81,463.77,0.6064453125
158.45,462.21,0.6064453125
160.0,462.21,0.6064453125
161.55,462.21,0.607421875
163.08,463.77,0.607421875
166.19,463.77,0.607421875
167.72,463.77,0.607421875
170.83,463.77,0.6083984375
172.36,463.77,0.6083984375
173.91,463.77,0.6083984375
177.0,465.32,0.609375
178.55,465.32,0.609375
181.63,465.32,0.609375
183.19,465.32,0.609375
186.27,465.32,0.6103515625
187.83,466.85,0.611328125
194.02,466.85,0.611328125
197.1,468.41,0.6123046875
200.19,469.96,0.615234375
201.74,469.96,0.6162109375
203.29,471.49,0.6171875
206.38,473.04,0.6171875
217.21,476.13,0.6201171875
220.29,477.68,0.62109375
224.93,479.23,0.6240234375
228.01,480.77,0.6240234375
231.12,482.32,0.625
234.2,483.87,0.6259765625
238.84,486.96,0.626953125
241.92,488.51,0.6279296875
245.03,488.51,0.6298828125
248.12,491.59,0.6328125
251.2,493.15,0.634765625
254.31,494.68,0.6357421875
257.39,494.68,0.63671875
260.48,496.23,0.6376953125
263.58,497.79,0.6396484375
268.22,499.32,0.6416015625
271.3,500.87,0.6435546875
274.39,502.42,0.64453125
279.03,503.95,0.646484375
280.58,505.51,0.6474609375
282.13,508.59,0.6484375
283.66,511.7,0.6494140625
285.22,514.78,0.650390625
288.3,517.87,0.6513671875
289.86,522.5,0.654296875
291.41,525.61,0.6552734375
292.94,528.7,0.6572265625
294.49,533.33,0.6591796875
296.05,536.42,0.6611328125
296.05,539.52,0.6630859375
297.58,544.16,0.6650390625
299.13,548.8,0.66796875
300.68,554.97,0.669921875
300.68,559.61,0.671875
302.21,562.71,0.6728515625
303.77,568.88,0.67578125
305.32,573.52,0.6767578125
306.85,576.63,0.6787109375
306.85,579.71,0.6806640625
308.41,584.35,0.6826171875
309.96,588.99,0.68359375
311.49,595.18,0.685546875
311.49,599.81,0.6865234375
313.04,602.9,0.6875
314.6,609.09,0.689453125
314.6,612.17,0.6923828125
316.13,615.26,0.6943359375
317.68,618.37,0.6953125
317.68,619.9,0.6962890625
320.77,624.53,0.6982421875
322.32,627.64,0.6982421875
323.87,632.28,0.6982421875
325.4,635.36,0.69921875
326.96,640.0,0.7001953125
328.51,641.55,0.7001953125
330.04,644.64,0.701171875
331.59,646.19,0.7021484375
334.68,647.72,0.703125
337.79,650.83,0.7041015625
339.32,652.36,0.7041015625
347.06,653.91,0.705078125
350.14,655.47,0.7060546875
354.78,655.47,0.70703125
359.42,655.47,0.70703125
362.5,657.0,0.7080078125
367.14,657.0,0.7080078125
371.78,657.0,0.708984375
376.42,657.0,0.7109375
381.06,655.47,0.712890625
385.69,655.47,0.7138671875
388.8,655.47,0.7158203125
393.44,655.47,0.716796875
398.08,653.91,0.71875
402.71,653.91,0.7216796875
408.88,653.91,0.7255859375
411.99,652.36,0.728515625
413.52,652.36,0.728515625
418.16,650.83,0.73046875
421.26,649.28,0.73046875
424.35,649.28,0.7314453125
428.99,649.28,0.732421875
432.07,647.72,0.7333984375
436.71,646.19,0.734375
442.9,644.64,0.7353515625
445.98,643.08,0.736328125
449.09,643.08,0.7373046875
453.73,641.55,0.7373046875
456.81,640.0,0.7392578125
461.45,638.45,0.7392578125
464.53,636.92,0.7412109375
467.64,635.36,0.7421875
470.72,633.81,0.7421875
475.36,630.72,0.744140625
480.0,629.17,0.744140625
484.64,627.64,0.7451171875
487.72,626.09,0.74609375
490.83,624.53,0.7470703125
493.91,623.0,0.748046875
495.47,621.45,0.748046875
497.0,619.9,0.748046875
501.63,618.37,0.7490234375
503.19,616.81,0.75
506.27,615.26,0.75
509.38,613.73,0.7509765625
512.46,612.17,0.7509765625
515.55,610.62,0.751953125
518.66,609.09,0.751953125
521.74,605.98,0.7529296875
526.38,602.9,0.75390625
529.46,599.81,0.7548828125
532.57,598.26,0.755859375
537.21,593.62,0.7578125
540.29,590.54,0.7587890625
541.84,587.43,0.759765625
544.93,584.35,0.7607421875
548.01,581.26,0.76171875
552.65,579.71,0.7626953125
557.29,575.07,0.763671875
560.39,570.43,0.7646484375
568.12,564.24,0.7685546875
574.31,558.08,0.7734375
575.84,554.97,0.7744140625
577.39,551.88,0.775390625
578.94,547.25,0.775390625
582.03,542.61,0.7763671875
583.58,539.52,0.77734375
585.11,536.42,0.77734375
588.22,533.33,0.77734375
588.22,530.25,0.7783203125
589.75,528.7,0.779296875
591.3,525.61,0.779296875
592.86,522.5,0.7802734375
595.94,516.34,0.7802734375
595.94,511.7,0.7802734375
597.5,507.06,0.7802734375
599.03,499.32,0.7802734375
599.03,496.23,0.7802734375
599.03,491.59,0.7802734375
600.58,486.96,0.7802734375
600.58,485.4,0.7802734375
599.03,482.32,0.779296875
599.03,477.68,0.779296875
597.5,473.04,0.779296875
595.94,466.85,0.779296875
594.39,463.77,0.7783203125
592.86,459.13,0.7783203125
592.86,456.05,0.77734375
591.3,452.94,0.7763671875
589.75,451.41,0.7763671875
586.67,448.3,0.775390625
586.67,446.77,0.7744140625
585.11,445.22,0.7744140625
583.58,443.66,0.7744140625
582.03,442.13,0.7744140625
580.48,440.58,0.7744140625
578.94,440.58,0.7734375
578.94,439.03,0.7724609375
577.39,439.03,0.771484375
575.84,437.5,0.771484375
574.31,437.5,0.771484375
572.75,435.94,0.771484375
571.2,434.39,0.771484375
568.12,434.39,0.771484375
566.56,432.86,0.771484375
565.03,432.86,0.771484375
563.48,431.3,0.771484375
561.92,431.3,0.771484375
558.84,429.75,0.7705078125
555.76,429.75,0.7705078125
554.2,428.22,0.7705078125
552.65,428.22,0.7705078125
551.12,426.67,0.7705078125
548.01,426.67,0.7705078125
546.48,425.11,0.7705078125
544.93,425.11,0.7705078125
543.37,423.58,0.7705078125
541.84,423.58,0.7705078125
540.29,422.03,0.7705078125
537.21,422.03,0.76953125
537.21,420.48,0.76953125
535.65,420.48,0.76953125
534.1,420.48,0.76953125
532.57,418.94,0.76953125
531.01,418.94,0.76953125
529.46,418.94,0.76953125
526.38,417.39,0.76953125
523.29,417.39,0.7685546875
521.74,417.39,0.7685546875
520.19,415.84,0.7685546875
517.1,415.84,0.7685546875
515.55,414.31,0.7685546875
512.46,414.31,0.767578125
510.91,414.31,0.767578125
510.91,412.75,0.7666015625
507.83,412.75,0.7666015625
506.27,411.2,0.7666015625
504.74,411.2,0.7666015625
503.19,409.67,0.7666015625
501.63,409.67,0.7666015625
500.1,408.12,0.7666015625
498.55,406.56,0.7666015625
497.0,405.03,0.7666015625
495.47,403.48,0.7666015625
495.47,401.92,0.7666015625
493.91,401.92,0.7666015625
493.91,400.39,0.7666015625
490.83,398.84,0.7666015625
489.28,397.29,0.7666015625
487.72,395.76,0.7666015625
486.19,392.65,0.7666015625
484.64,392.65,0.7666015625
483.08,392.65,0.7666015625
481.55,391.12,0.765625
480.0,391.12,0.7646484375
476.92,389.57,0.7646484375
475.36,389.57,0.7646484375
473.81,389.57,0.7646484375
472.28,389.57,0.7646484375
470.72,388.01,0.763671875
469.17,388.01,0.7626953125
467.64,388.01,0.76171875
464.53,388.01,0.76171875
459.9,388.01,0.76171875
456.81,389.57,0.76171875
453.73,389.57,0.76171875
452.17,389.57,0.7607421875
445.98,389.57,0.7607421875
442.9,389.57,0.7607421875
438.26,389.57,0.7607421875
435.18,389.57,0.759765625
432.07,389.57,0.759765625
427.43,389.57,0.759765625
424.35,389.57,0.759765625
419.71,389.57,0.7587890625
416.63,389.57,0.7587890625
415.07,389.57,0.7587890625
413.52,389.57,0.7587890625
411.99,389.57,0.7587890625
410.43,389.57,0.7587890625
407.35,388.01,0.7587890625
404.24,388.01,0.7587890625
402.71,386.48,0.7587890625
399.61,384.93,0.7587890625
398.08,384.93,0.7587890625
396.52,383.37,0.7587890625
394.97,381.84,0.7587890625
393.44,380.29,0.7587890625
391.88,378.74,0.7587890625
390.33,378.74,0.7587890625
388.8,377.21,0.7587890625
387.25,377.21,0.7587890625
385.69,377.21,0.7587890625
384.16,375.65,0.7587890625
382.61,374.1,0.7587890625
381.06,374.1,0.7587890625
379.52,372.57,0.7578125
376.42,371.01,0.7578125
374.89,369.46,0.7578125
373.33,369.46,0.7568359375
371.78,367.93,0.7568359375
370.25,367.93,0.755859375
368.7,367.93,0.755859375
368.7,366.38,0.7548828125
367.14,366.38,0.7548828125
365.61,366.38,0.75390625
362.5,366.38,0.75390625
360.97,364.82,0.7529296875
357.87,364.82,0.7529296875
356.34,364.82,0.751953125
354.78,364.82,0.751953125
353.23,364.82,0.751953125
351.7,364.82,0.751953125
350.14,364.82,0.751953125
347.06,364.82,0.751953125
345.51,364.82,0.7509765625
343.95,364.82,0.7509765625
342.42,364.82,0.7509765625
340.87,364.82,0.7509765625
339.32,363.29,0.7509765625
337.79,363.29,0.7509765625
336.23,363.29,0.7509765625
333.15,363.29,0.7509765625
331.59,363.29,0.7509765625
330.04,363.29,0.7509765625
328.51,363.29,0.7509765625
326.96,361.74,0.7509765625
325.4,361.74,0.7509765625
323.87,361.74,0.7509765625
322.32,361.74,0.7509765625
320.77,360.19,0.7509765625
319.23,360.19,0.7509765625
314.6,358.66,0.7509765625
313.04,358.66,0.7509765625
311.49,357.1,0.7509765625
309.96,357.1,0.7509765625
306.85,357.1,0.7509765625
305.32,355.55,0.7509765625
303.77,355.55,0.7509765625
300.68,354.02,0.7509765625
299.13,354.02,0.75
296.05,354.02,0.7490234375
292.94,352.46,0.7490234375
291.41,354.02,0.748046875
288.3,354.02,0.7470703125
285.22,354.02,0.7451171875
277.5,355.55,0.73828125
269.75,357.1,0.728515625
260.48,358.66,0.6923828125
240.39,363.29,0.482421875
232.65,366.38,0.4443359375

291.41,204.06,0.05078125
285.22,204.06,0.0888671875
286.77,202.5,0.1318359375
288.3,204.06,0.3056640625
296.05,208.7,0.33984375
303.77,208.7,0.3662109375
309.96,208.7,0.3837890625
317.68,208.7,0.4091796875
326.96,208.7,0.447265625
334.68,207.14,0.4609375
340.87,205.61,0.47265625
348.59,205.61,0.4833984375
354.78,207.14,0.4931640625
360.97,208.7,0.50390625
370.25,210.25,0.515625
379.52,214.89,0.53125
387.25,217.97,0.5517578125
393.44,219.52,0.560546875
401.16,221.06,0.5673828125
407.35,222.61,0.57421875
413.52,224.16,0.580078125
421.26,225.69,0.587890625
427.43,227.25,0.5927734375
432.07,228.8,0.5986328125
441.34,231.88,0.609375
447.54,233.44,0.6142578125
452.17,236.52,0.619140625
456.81,238.08,0.6220703125
461.45,239.61,0.6259765625
469.17,242.71,0.6337890625
473.81,244.24,0.63671875
478.45,245.8,0.6396484375
484.64,250.43,0.642578125
489.28,253.52,0.646484375
493.91,255.07,0.6513671875
497.0,258.16,0.65625
500.1,259.71,0.6591796875
503.19,262.79,0.662109375
506.27,267.43,0.6650390625
509.38,270.54,0.66796875
514.02,273.62,0.6748046875
517.1,275.18,0.677734375
520.19,276.71,0.6796875
521.74,279.81,0.6806640625
524.82,281.34,0.681640625
527.93,284.45,0.68359375
531.01,287.54,0.685546875
534.1,292.17,0.6884765625
535.65,293.73,0.6904296875
537.21,295.26,0.69140625
538.74,298.37,0.6923828125
541.84,303.0,0.693359375
543.37,304.53,0.6943359375
544.93,307.64,0.6962890625
546.48,309.17,0.697265625
549.57,312.28,0.69921875
551.12,313.81,0.7001953125
552.65,313.81,0.7001953125
554.2,315.36,0.701171875
555.76,316.92,0.7021484375
557.29,316.92,0.703125
558.84,318.45,0.703125
560.39,320.0,0.705078125
561.92,321.55,0.705078125
563.48,323.08,0.7060546875
565.03,324.64,0.7080078125
566.56,324.64,0.7080078125
568.12,326.19,0.7099609375
569.67,327.72,0.7109375
569.67,329.28,0.7119140625
571.2,330.83,0.7119140625
572.75,332.36,0.712890625
575.84,333.91,0.71484375
575.84,335.47,0.71484375
577.39,337.0,0.7158203125
577.39,338.55,0.7158203125
578.94,340.1,0.7158203125
580.48,341.63,0.716796875
580.48,343.19,0.716796875
582.03,344.74,0.716796875
582.03,346.27,0.716796875
583.58,349.38,0.7177734375
585.11,350.91,0.7177734375
585.11,352.46,0.7177734375
586.67,354.02,0.71875
588.22,355.55,0.71875
588.22,357.1,0.71875
591.3,358.66,0.71875
592.86,360.19,0.71875
594.39,361.74,0.7197265625
595.94,364.82,0.720703125
595.94,366.38,0.720703125
597.5,367.93,0.720703125
599.03,369.46,0.7216796875
600.58,371.01,0.7216796875
602.13,374.1,0.72265625
603.66,375.65,0.72265625
603.66,377.21,0.72265625
605.22,380.29,0.7236328125
606.77,383.37,0.724609375
608.3,384.93,0.724609375
608.3,388.01,0.7255859375
609.86,389.57,0.7265625
609.86,391.12,0.7265625
611.41,394.2,0.7265625
612.94,395.76,0.7265625
614.49,400.39,0.7265625
616.05,405.03,0.7275390625
617.58,409.67,0.7275390625
617.58,412.75,0.7275390625
619.13,415.84,0.728515625
619.13,420.48,0.728515625
620.68,425.11,0.7294921875
620.68,428.22,0.73046875
620.68,431.3,0.7314453125
620.68,435.94,0.7314453125
620.68,439.03,0.7314453125
622.21,442.13,0.732421875
622.21,443.66,0.732421875
622.21,446.77,0.7333984375
622.21,449.86,0.734375
622.21,454.49,0.734375
622.21,456.05,0.734375
620.68,459.13,0.7353515625
620.68,465.32,0.7353515625
620.68,468.41,0.7353515625
620.68,471.49,0.736328125
619.13,474.6,0.736328125
619.13,477.68,0.7373046875
617.58,482.32,0.7373046875
614.49,485.4,0.73828125
612.94,490.04,0.7392578125
611.41,494.68,0.7392578125
609.86,496.23,0.7392578125
609.86,497.79,0.7392578125
608.3,500.87,0.7392578125
605.22,503.95,0.7392578125
603.66,507.06,0.7392578125
600.58,513.23,0.728515625
597.5,517.87,0.6640625
591.3,520.97,0.5546875

181.63,469.96,0.0302734375
181.63,469.96,0.0732421875
180.1,469.96,0.23828125
180.1,468.41,0.322265625
178.55,468.41,0.4013671875
177.0,468.41,0.416015625
175.47,468.41,0.4296875
177.0,469.96,0.474609375
177.0,471.49,0.478515625
177.0,473.04,0.484375
178.55,474.6,0.4892578125
178.55,476.13,0.4921875
178.55,477.68,0.4951171875
180.1,482.32,0.4970703125
181.63,483.87,0.5
181.63,485.4,0.5029296875
183.19,486.96,0.505859375
183.19,488.51,0.5087890625
184.74,491.59,0.5126953125
187.83,494.68,0.517578125
190.91,499.32,0.5234375
194.02,500.87,0.52734375
194.02,503.95,0.529296875
195.55,507.06,0.5302734375
197.1,510.14,0.5322265625
198.66,513.23,0.5341796875
201.74,516.34,0.5380859375
203.29,519.42,0.5400390625
204.82,520.97,0.541015625
206.38,525.61,0.54296875
207.93,527.14,0.5458984375
209.46,528.7,0.55078125
212.57,531.78,0.5595703125
214.1,533.33,0.5615234375
217.21,534.89,0.5625
220.29,536.42,0.5634765625
221.84,537.97,0.564453125
226.48,539.52,0.56640625
228.01,541.06,0.568359375
231.12,542.61,0.5693359375
235.76,544.16,0.5703125
238.84,544.16,0.572265625
243.48,545.69,0.5791015625
246.56,545.69,0.583984375
249.67,545.69,0.5869140625
252.75,545.69,0.587890625
255.84,544.16,0.5888671875
260.48,544.16,0.58984375
263.58,544.16,0.591796875
266.67,544.16,0.5927734375
269.75,544.16,0.5927734375
275.94,544.16,0.59375
279.03,544.16,0.5947265625
283.66,544.16,0.5966796875
286.77,542.61,0.5986328125
289.86,542.61,0.599609375
292.94,542.61,0.6005859375
294.49,542.61,0.6015625
296.05,542.61,0.6025390625
297.58,542.61,0.6025390625
299.13,542.61,0.603515625
299.13,541.06,0.60546875
299.13,539.52,0.6123046875
297.58,537.97,0.61328125
296.05,536.42,0.61328125
291.41,531.78,0.61328125
289.86,528.7,0.61328125
288.3,525.61,0.61328125
288.3,522.5,0.6123046875
285.22,519.42,0.6103515625
283.66,517.87,0.609375
282.13,516.34,0.6064453125
280.58,516.34,0.6025390625
279.03,516.34,0.6025390625
277.5,516.34,0.6025390625
275.94,516.34,0.603515625
271.3,514.78,0.603515625
268.22,514.78,0.603515625
266.67,516.34,0.6005859375
266.67,517.87,0.5986328125
266.67,522.5,0.5966796875
269.75,528.7,0.5947265625
272.86,531.78,0.59375
279.03,533.33,0.5947265625
282.13,533.33,0.5966796875
283.66,525.61,0.6015625
283.66,519.42,0.6044921875
282.13,511.7,0.60546875
280.58,503.95,0.60546875
277.5,499.32,0.6044921875
274.39,500.87,0.6005859375
272.86,508.59,0.5947265625
272.86,514.78,0.5947265625
274.39,519.42,0.5947265625
277.5,520.97,0.595703125
279.03,520.97,0.59765625
279.03,517.87,0.6005859375
279.03,516.34,0.603515625
277.5,513.23,0.6044921875
275.94,511.7,0.60546875
269.75,510.14,0.6044921875
265.11,511.7,0.6015625
260.48,517.87,0.5986328125
255.84,525.61,0.5986328125
257.39,528.7,0.5986328125
258.94,528.7,0.599609375
260.48,527.14,0.6015625
262.03,524.06,0.6044921875
262.03,519.42,0.607421875
260.48,514.78,0.6103515625
258.94,511.7,0.611328125
252.75,510.14,0.611328125
249.67,514.78,0.607421875
248.12,522.5,0.6044921875
248.12,530.25,0.603515625
249.67,533.33,0.6025390625
254.31,534.89,0.6025390625
260.48,528.7,0.607421875
263.58,524.06,0.611328125
265.11,517.87,0.615234375
263.58,508.59,0.62109375
260.48,505.51,0.623046875
255.84,505.51,0.62109375
249.67,511.7,0.6171875
246.56,519.42,0.615234375
245.03,528.7,0.6142578125
246.56,531.78,0.61328125
251.2,531.78,0.615234375
255.84,519.42,0.6220703125
255.84,513.23,0.6259765625
254.31,507.06,0.6298828125
249.67,502.42,0.6318359375
245.03,502.42,0.6318359375
237.29,513.23,0.6279296875
234.2,520.97,0.6259765625
232.65,527.14,0.625
238.84,530.25,0.625
241.92,528.7,0.626953125
245.03,525.61,0.630859375
246.56,520.97,0.6337890625
246.56,514.78,0.6376953125
245.03,508.59,0.640625
238.84,500.87,0.640625
235.76,500.87,0.6376953125
231.12,503.95,0.6337890625
229.57,514.78,0.62890625
232.65,520.97,0.625
237.29,524.06,0.6220703125
241.92,525.61,0.62109375
245.03,524.06,0.6220703125
248.12,520.97,0.6279296875
248.12,517.87,0.6337890625
245.03,514.78,0.63671875
238.84,508.59,0.6396484375
232.65,507.06,0.638671875
226.48,510.14,0.634765625
221.84,514.78,0.6318359375
221.84,520.97,0.6279296875
223.37,527.14,0.625
234.2,534.89,0.623046875
238.84,534.89,0.625
243.48,533.33,0.630859375
243.48,531.78,0.63671875
243.48,527.14,0.6416015625
240.39,519.42,0.64453125
235.76,511.7,0.64453125
231.12,503.95,0.6416015625
224.93,499.32,0.634765625
221.84,500.87,0.630859375
220.29,505.51,0.6279296875
221.84,516.34,0.626953125
226.48,522.5,0.625
231.12,527.14,0.625
235.76,527.14,0.6259765625
238.84,527.14,0.62890625
241.92,524.06,0.634765625
240.39,514.78,0.640625
237.29,507.06,0.6435546875
232.65,497.79,0.64453125
224.93,493.15,0.6416015625
218.74,494.68,0.63671875
214.1,500.87,0.6328125
214.1,511.7,0.6318359375
217.21,524.06,0.6298828125
224.93,534.89,0.62890625
237.29,539.52,0.6298828125
246.56,536.42,0.6435546875
246.56,531.78,0.650390625
243.48,524.06,0.654296875
238.84,514.78,0.6552734375
231.12,507.06,0.65234375
223.37,500.87,0.6484375
214.1,499.32,0.6416015625
211.01,500.87,0.638671875
211.01,507.06,0.634765625
217.21,516.34,0.630859375
224.93,522.5,0.6298828125
231.12,525.61,0.6298828125
237.29,527.14,0.630859375
240.39,527.14,0.6357421875
241.92,520.97,0.646484375
240.39,514.78,0.6513671875
235.76,505.51,0.654296875
224.93,493.15,0.6513671875
217.21,488.51,0.6474609375
211.01,490.04,0.6435546875
206.38,496.23,0.6396484375
206.38,507.06,0.63671875
211.01,517.87,0.6337890625
220.29,525.61,0.6328125
235.76,528.7,0.63671875
235.76,522.5,0.6533203125
231.12,516.34,0.65625
223.37,510.14,0.658203125
214.1,503.95,0.6552734375
207.93,500.87,0.6494140625
197.1,499.32,0.6474609375
194.02,499.32,0.646484375
194.02,503.95,0.6416015625
203.29,516.34,0.6337890625
211.01,525.61,0.6328125
218.74,530.25,0.6328125
224.93,533.33,0.6357421875
229.57,533.33,0.6435546875
229.57,530.25,0.66015625
226.48,524.06,0.6650390625
221.84,517.87,0.6650390625
214.1,503.95,0.662109375
207.93,496.23,0.66015625
204.82,493.15,0.658203125
203.29,490.04,0.65625
212.57,500.87,0.6376953125
221.84,511.7,0.63671875
224.93,516.34,0.638671875
226.48,517.87,0.6435546875
224.93,517.87,0.6513671875
221.84,516.34,0.6572265625
215.65,511.7,0.6611328125
206.38,497.79,0.662109375
200.19,490.04,0.6611328125
192.46,485.4,0.65625
197.1,493.15,0.6435546875
201.74,497.79,0.6435546875
204.82,502.42,0.6435546875
207.93,503.95,0.64453125
209.46,505.51,0.6484375
207.93,505.51,0.6552734375
207.93,503.95,0.6630859375
200.19,494.68,0.6650390625
195.55,488.51,0.6640625
190.91,483.87,0.662109375
189.38,483.87,0.66015625
190.91,483.87,0.6484375
197.1,488.51,0.6474609375
198.66,490.04,0.6484375
198.66,491.59,0.6484375
198.66,493.15,0.6533203125
198.66,491.59,0.66015625
194.02,485.4,0.662109375
189.38,482.32,0.662109375
186.27,477.68,0.6611328125
183.19,474.6,0.6591796875
183.19,473.04,0.6533203125
184.74,473.04,0.65234375
186.27,473.04,0.650390625
187.83,474.6,0.6494140625
194.02,477.68,0.650390625
197.1,477.68,0.6513671875
198.66,477.68,0.6513671875
200.19,479.23,0.6513671875
201.74,480.77,0.6513671875
212.57,490.04,0.65234375
218.74,493.15,0.6533203125
224.93,494.68,0.6552734375
229.57,496.23,0.6552734375
232.65,499.32,0.65625
235.76,502.42,0.65625
237.29,505.51,0.6572265625
238.84,508.59,0.6591796875
238.84,510.14,0.6650390625
237.29,508.59,0.6708984375
232.65,507.06,0.673828125
224.93,500.87,0.6748046875
217.21,494.68,0.6748046875
207.93,486.96,0.6748046875
203.29,480.77,0.6748046875
200.19,477.68,0.673828125
197.1,476.13,0.671875
197.1,474.6,0.6689453125
201.74,479.23,0.658203125
212.57,485.4,0.6572265625
228.01,493.15,0.6572265625
235.76,496.23,0.658203125
243.48,500.87,0.6611328125
246.56,503.95,0.6630859375
246.56,507.06,0.6650390625
245.03,508.59,0.669921875
243.48,507.06,0.673828125
240.39,505.51,0.67578125
234.2,500.87,0.6767578125
224.93,497.79,0.6767578125
214.1,488.51,0.677734375
209.46,483.87,0.67578125
206.38,480.77,0.673828125
211.01,482.32,0.66015625
217.21,483.87,0.658203125
224.93,486.96,0.65625
235.76,491.59,0.65625
243.48,496.23,0.6572265625
252.75,502.42,0.6591796875
258.94,507.06,0.66015625
263.58,510.14,0.662109375
268.22,513.23,0.666015625
269.75,513.23,0.6689453125
268.22,513.23,0.677734375
260.48,508.59,0.6787109375
251.2,502.42,0.6796875
245.03,497.79,0.6787109375
235.76,493.15,0.677734375
231.12,490.04,0.6767578125
229.57,488.51,0.6748046875
231.12,488.51,0.666015625
235.76,490.04,0.662109375
245.03,494.68,0.66015625
252.75,500.87,0.66015625
260.48,507.06,0.6611328125
271.3,516.34,0.6630859375
277.5,519.42,0.666015625
280.58,522.5,0.6708984375
282.13,524.06,0.6748046875
282.13,522.5,0.68359375
275.94,519.42,0.68359375
269.75,514.78,0.68359375
265.11,510.14,0.6826171875
262.03,507.06,0.681640625
260.48,505.51,0.6787109375
262.03,507.06,0.669921875
262.03,508.59,0.666015625
271.3,517.87,0.6630859375
283.66,527.14,0.6640625
285.22,528.7,0.6650390625
286.77,531.78,0.6689453125
286.77,533.33,0.673828125
285.22,531.78,0.6806640625
282.13,533.33,0.6806640625
275.94,534.89,0.6796875
271.3,534.89,0.6796875
265.11,536.42,0.6796875
255.84,536.42,0.6796875
251.2,536.42,0.6806640625
246.56,536.42,0.6796875
243.48,536.42,0.6796875
241.92,534.89,0.6796875
240.39,534.89,0.6787109375
241.92,533.33,0.673828125
248.12,534.89,0.66796875
260.48,536.42,0.6669921875
268.22,534.89,0.66796875
274.39,534.89,0.6708984375
279.03,531.78,0.673828125
280.58,531.78,0.6767578125
279.03,531.78,0.6767578125
266.67,537.97,0.67578125
258.94,541.06,0.6767578125
251.2,542.61,0.6796875
246.56,542.61,0.681640625
243.48,542.61,0.681640625
251.2,542.61,0.6669921875
258.94,542.61,0.6669921875
269.75,539.52,0.6669921875
275.94,537.97,0.6689453125
279.03,536.42,0.671875
279.03,536.42,0.6748046875
277.5,536.42,0.6708984375
272.86,537.97,0.6708984375
268.22,539.52,0.6689453125
262.03,542.61,0.6689453125
262.03,544.16,0.6689453125
263.58,542.61,0.6669921875
265.11,542.61,0.666015625
269.75,539.52,0.6640625
275.94,537.97,0.6630859375
280.58,533.33,0.6650390625
282.13,531.78,0.66796875
282.13,528.7,0.671875
279.03,525.61,0.6748046875
275.94,522.5,0.67578125
272.86,522.5,0.673828125
269.75,522.5,0.671875
266.67,524.06,0.6650390625
266.67,527.14,0.662109375
271.3,528.7,0.66015625
275.94,528.7,0.6630859375
275.94,527.14,0.6669921875
274.39,524.06,0.6728515625
269.75,522.5,0.6748046875
265.11,520.97,0.6767578125
260.48,517.87,0.67578125
255.84,517.87,0.671875
251.2,522.5,0.6669921875
251.2,525.61,0.6630859375
257.39,530.25,0.6591796875
263.58,531.78,0.6591796875
269.75,531.78,0.6611328125
274.39,528.7,0.6650390625
275.94,525.61,0.6708984375
275.94,522.5,0.67578125
271.3,514.78,0.6796875
266.67,513.23,0.677734375
260.48,517.87,0.6669921875
257.39,522.5,0.6611328125
257.39,528.7,0.658203125
258.94,530.25,0.6572265625
263.58,530.25,0.6572265625
268.22,528.7,0.66015625
272.86,522.5,0.6650390625
272.86,517.87,0.669921875
271.3,514.78,0.6728515625
263.58,511.7,0.6748046875
257.39,511.7,0.6728515625
249.67,514.78,0.6689453125
245.03,519.42,0.666015625
241.92,522.5,0.6640625
241.92,524.06,0.6611328125
245.03,522.5,0.65234375
246.56,520.97,0.650390625
249.67,516.34,0.6484375
251.2,511.7,0.6552734375
249.67,507.06,0.66015625
248.12,503.95,0.6650390625
245.03,502.42,0.6669921875
240.39,503.95,0.6650390625
234.2,507.06,0.66015625
228.01,511.7,0.65625
228.01,516.34,0.6533203125
232.65,517.87,0.6494140625
238.84,516.34,0.650390625
241.92,513.23,0.65234375
243.48,510.14,0.6572265625
243.48,505.51,0.662109375
243.48,502.42,0.666015625
238.84,497.79,0.6708984375
232.65,496.23,0.671875
226.48,493.15,0.6689453125
215.65,493.15,0.6650390625
211.01,496.23,0.662109375
211.01,499.32,0.654296875
214.1,502.42,0.6474609375
221.84,505.51,0.6455078125
231.12,503.95,0.646484375
235.76,500.87,0.650390625
238.84,497.79,0.66015625
238.84,494.68,0.6650390625
234.2,491.59,0.6689453125
229.57,488.51,0.669921875
223.37,486.96,0.66796875
217.21,486.96,0.6630859375
211.01,488.51,0.6591796875
206.38,491.59,0.6572265625
206.38,496.23,0.65234375
211.01,500.87,0.6474609375
223.37,503.95,0.6455078125
229.57,503.95,0.646484375
234.2,500.87,0.6494140625
237.29,499.32,0.6552734375
237.29,496.23,0.6611328125
234.2,491.59,0.6650390625
228.01,486.96,0.6669921875
221.84,486.96,0.6640625
214.1,488.51,0.66015625
204.82,491.59,0.6591796875
201.74,493.15,0.66015625
203.29,493.15,0.6572265625
204.82,493.15,0.6513671875
209.46,496.23,0.6474609375
217.21,497.79,0.6455078125
218.74,499.32,0.646484375
220.29,500.87,0.6513671875
217.21,499.32,0.662109375
214.1,497.79,0.66796875
207.93,494.68,0.6708984375
203.29,490.04,0.6708984375
195.55,485.4,0.669921875
189.38,480.77,0.6689453125
184.74,480.77,0.666015625
186.27,482.32,0.6533203125
190.91,488.51,0.6484375
200.19,497.79,0.6455078125
206.38,502.42,0.6455078125
211.01,505.51,0.646484375
214.1,508.59,0.650390625
212.57,507.06,0.666015625
209.46,502.42,0.6689453125
204.82,497.79,0.6689453125
200.19,493.15,0.6689453125
192.46,488.51,0.6669921875
186.27,485.4,0.6650390625
183.19,483.87,0.662109375
181.63,483.87,0.66015625
183.19,485.4,0.650390625
190.91,496.23,0.64453125
197.1,505.51,0.64453125
201.74,516.34,0.64453125
207.93,524.06,0.6474609375
211.01,527.14,0.6552734375
211.01,525.61,0.671875
209.46,524.06,0.673828125
207.93,520.97,0.673828125
206.38,514.78,0.673828125
198.66,496.23,0.6708984375
197.1,493.15,0.669921875
194.02,486.96,0.6669921875
195.55,490.04,0.6552734375
198.66,497.79,0.65234375
203.29,508.59,0.650390625
217.21,527.14,0.6533203125
220.29,528.7,0.6572265625
220.29,527.14,0.669921875
217.21,524.06,0.67578125
212.57,517.87,0.6767578125
206.38,508.59,0.677734375
201.74,500.87,0.677734375
197.1,494.68,0.6767578125
190.91,488.51,0.6748046875
189.38,486.96,0.673828125
190.91,488.51,0.66015625
195.55,491.59,0.65625
201.74,496.23,0.6533203125
206.38,499.32,0.6533203125
212.57,503.95,0.654296875
215.65,505.51,0.6572265625
215.65,507.06,0.66015625
214.1,505.51,0.673828125
209.46,500.87,0.67578125
201.74,491.59,0.6767578125
195.55,482.32,0.6767578125
187.83,474.6,0.67578125
183.19,468.41,0.6728515625
186.27,469.96,0.6572265625
195.55,476.13,0.654296875
200.19,479.23,0.654296875
206.38,480.77,0.654296875
212.57,483.87,0.6552734375
215.65,486.96,0.6572265625
217.21,486.96,0.658203125
217.21,488.51,0.662109375
217.21,486.96,0.6689453125
214.1,486.96,0.671875
206.38,482.32,0.671875
201.74,480.77,0.6708984375
197.1,477.68,0.669921875
194.02,476.13,0.6689453125
194.02,474.6,0.666015625
195.55,474.6,0.6611328125
200.19,474.6,0.6572265625
206.38,477.68,0.654296875
218.74,483.87,0.6533203125
226.48,488.51,0.654296875
232.65,491.59,0.6572265625
237.29,493.15,0.662109375
237.29,494.68,0.6689453125
237.29,493.15,0.67578125
229.57,490.04,0.681640625
224.93,488.51,0.6806640625
217.21,483.87,0.6796875
209.46,479.23,0.6767578125
209.46,477.68,0.67578125
207.93,477.68,0.6748046875
211.01,477.68,0.662109375
218.74,482.32,0.6591796875
226.48,488.51,0.658203125
234.2,494.68,0.658203125
243.48,503.95,0.66015625
245.03,508.59,0.6630859375
246.56,513.23,0.6669921875
246.56,514.78,0.671875
245.03,513.23,0.677734375
243.48,510.14,0.6787109375
238.84,507.06,0.6787109375
234.2,502.42,0.6748046875
229.57,497.79,0.6708984375
228.01,496.23,0.669921875
229.57,496.23,0.6572265625
237.29,500.87,0.654296875
241.92,505.51,0.65625
246.56,511.7,0.6591796875
249.67,516.34,0.666015625
251.2,520.97,0.6728515625
251.2,522.5,0.6767578125
251.2,524.06,0.6796875

217.21,440.58,0.0146484375
211.01,442.13,0.0302734375
212.57,442.13,0.0517578125
214.1,440.58,0.314453125
231.12,426.67,0.3603515625
240.39,420.48,0.3642578125
248.12,412.75,0.369140625
254.31,406.56,0.3779296875
260.48,401.92,0.392578125
265.11,400.39,0.4033203125
268.22,401.92,0.4072265625
271.3,405.03,0.412109375
272.86,408.12,0.41796875
274.39,409.67,0.4365234375
274.39,408.12,0.4541015625
274.39,406.56,0.455078125
274.39,401.92,0.4560546875
274.39,400.39,0.4521484375
275.94,400.39,0.4521484375

274.39,403.48,0.025390625
277.5,405.03,0.044921875
279.03,406.56,0.0791015625
279.03,408.12,0.185546875
279.03,409.67,0.197265625
279.03,415.84,0.21484375
277.5,422.03,0.25390625
279.03,435.94,0.2880859375
282.13,449.86,0.3193359375
282.13,452.94,0.3271484375
282.13,454.49,0.341796875
280.58,454.49,0.3681640625
280.58,456.05,0.373046875
279.03,456.05,0.373046875
279.03,454.49,0.3720703125
280.58,452.94,0.369140625
280.58,451.41,0.37109375
280.58,449.86,0.3720703125
280.58,448.3,0.3720703125
280.58,446.77,0.373046875
280.58,443.66,0.373046875
280.58,439.03,0.373046875
280.58,435.94,0.3740234375
279.03,431.3,0.3740234375
277.5,428.22,0.3740234375
275.94,426.67,0.3740234375
274.39,425.11,0.3740234375
275.94,426.67,0.3701171875
274.39,426.67,0.3720703125
272.86,426.67,0.3759765625
268.22,425.11,0.376953125
263.58,420.48,0.3779296875
263.58,415.84,0.376953125
262.03,414.31,0.3759765625
262.03,412.75,0.375
263.58,411.2,0.373046875
265.11,409.67,0.3720703125
268.22,411.2,0.3681640625
272.86,414.31,0.3671875
277.5,417.39,0.3671875
280.58,420.48,0.3671875
279.03,420.48,0.306640625

476.92,408.12,0.0185546875
478.45,406.56,0.0244140625
480.0,406.56,0.0244140625
478.45,406.56,0.09765625
476.92,406.56,0.177734375
473.81,408.12,0.1767578125
472.28,409.67,0.173828125

486.19,409.67,0.03515625
490.83,409.67,0.0498046875
489.28,411.2,0.3125
484.64,415.84,0.3330078125
484.64,417.39,0.3408203125
484.64,422.03,0.3837890625
484.64,426.67,0.4052734375
483.08,434.39,0.4453125
481.55,439.03,0.458984375
478.45,442.13,0.46875
476.92,446.77,0.4775390625
475.36,452.94,0.48828125
473.81,457.58,0.4931640625
470.72,463.77,0.5087890625
467.64,468.41,0.5205078125
464.53,473.04,0.5283203125
461.45,477.68,0.53515625
458.37,480.77,0.54296875
456.81,483.87,0.5498046875
452.17,488.51,0.5546875
449.09,493.15,0.5576171875
444.45,496.23,0.560546875
436.71,499.32,0.5673828125
433.62,502.42,0.57421875
428.99,505.51,0.5791015625
425.9,507.06,0.5810546875
421.26,510.14,0.583984375
418.16,513.23,0.587890625
413.52,514.78,0.5947265625
411.99,516.34,0.595703125
405.8,517.87,0.599609375
399.61,520.97,0.6015625
391.88,522.5,0.6015625
385.69,524.06,0.6025390625
379.52,524.06,0.6025390625
371.78,525.61,0.6025390625
368.7,525.61,0.6025390625
364.06,527.14,0.6015625
357.87,527.14,0.59375
354.78,527.14,0.5361328125
354.78,525.61,0.390625

470.72,394.2,0.048828125
470.72,392.65,0.1240234375
470.72,394.2,0.3056640625
467.64,400.39,0.3408203125
466.09,406.56,0.37890625
466.09,411.2,0.3935546875
464.53,415.84,0.4033203125
464.53,420.48,0.4130859375
461.45,428.22,0.4345703125
459.9,432.86,0.4443359375
456.81,442.13,0.44921875
455.26,445.22,0.451171875
453.73,449.86,0.4560546875
449.09,454.49,0.4716796875
445.98,457.58,0.4853515625
441.34,462.21,0.4951171875
435.18,468.41,0.5
432.07,473.04,0.501953125
428.99,476.13,0.5048828125
425.9,479.23,0.5068359375
421.26,482.32,0.509765625
416.63,485.4,0.513671875
411.99,486.96,0.517578125
408.88,490.04,0.5205078125
404.24,493.15,0.5234375
396.52,494.68,0.5244140625
394.97,494.68,0.5244140625
391.88,496.23,0.5244140625
390.33,496.23,0.5224609375
387.25,497.79,0.49609375
385.69,497.79,0.46484375
384.16,499.32,0.3173828125

391.88,375.65,0.0458984375
388.8,375.65,0.076171875
390.33,374.1,0.109375
393.44,374.1,0.189453125
396.52,375.65,0.2421875
401.16,380.29,0.275390625
404.24,386.48,0.29296875
407.35,401.92,0.326171875
408.88,414.31,0.357421875
407.35,429.75,0.390625
405.8,435.94,0.400390625
404.24,443.66,0.4130859375
402.71,448.3,0.4228515625
401.16,452.94,0.43359375
398.08,457.58,0.4443359375
394.97,460.68,0.451171875
391.88,463.77,0.455078125
388.8,466.85,0.458984375
387.25,468.41,0.4599609375
387.25,469.96,0.4326171875
387.25,468.41,0.42578125

373.33,380.29,0.017578125
368.7,377.21,0.029296875
368.7,378.74,0.048828125
367.14,383.37,0.0947265625
365.61,388.01,0.138671875
364.06,391.12,0.169921875
359.42,395.76,0.205078125
356.34,398.84,0.2353515625
353.23,400.39,0.2724609375
348.59,401.92,0.3046875
345.51,403.48,0.3212890625
342.42,403.48,0.3291015625
337.79,403.48,0.3349609375
336.23,401.92,0.337890625
334.68,400.39,0.341796875
331.59,395.76,0.3447265625
331.59,392.65,0.3466796875
330.04,388.01,0.353515625
330.04,383.37,0.3623046875
331.59,380.29,0.3671875
337.79,374.1,0.369140625
340.87,369.46,0.3701171875
343.95,366.38,0.37109375
348.59,364.82,0.3740234375
353.23,364.82,0.3779296875
357.87,369.46,0.3828125
360.97,372.57,0.38671875
364.06,375.65,0.388671875
365.61,377.21,0.3896484375
364.06,378.74,0.3935546875
362.5,380.29,0.3984375
359.42,383.37,0.400390625
353.23,388.01,0.40234375
350.14,391.12,0.40234375
347.06,392.65,0.3984375
345.51,394.2,0.365234375
343.95,394.2,0.357421875

317.68,242.71,0.03515625
311.49,241.16,0.056640625
313.04,241.16,0.0966796875
319.23,241.16,0.193359375
323.87,241.16,0.2119140625
330.04,239.61,0.224609375
339.32,239.61,0.2294921875
353.23,239.61,0.232421875
371.78,241.16,0.228515625
381.06,241.16,0.203125

347.06,265.9,0.048828125
359.42,262.79,0.1025390625
371.78,259.71,0.115234375
384.16,256.63,0.115234375
394.97,255.07,0.1142578125
404.24,255.07,0.11328125
411.99,253.52,0.091796875
416.63,253.52,0.0859375

328.51,306.09,0.033203125
326.96,306.09,0.2099609375
330.04,306.09,0.287109375
384.16,290.62,0.33203125
393.44,287.54,0.3125

314.6,332.36,0.0517578125
309.96,333.91,0.0732421875
317.68,332.36,0.1484375
328.51,330.83,0.205078125
343.95,330.83,0.22265625
371.78,329.28,0.22265625
385.69,327.72,0.1875

163.08,262.79,0.0244140625
158.45,267.43,0.0498046875
149.17,275.18,0.126953125
133.73,296.81,0.2578125
129.09,323.08,0.318359375
130.62,352.46,0.341796875
138.37,388.01,0.34765625
143.0,401.92,0.3125
146.09,405.03,0.302734375

228.01,242.71,0.044921875
220.29,241.16,0.072265625
217.21,245.8,0.1279296875
212.57,258.16,0.17578125
206.38,273.62,0.2412109375
198.66,295.26,0.3251953125
189.38,335.47,0.3916015625
183.19,358.66,0.3974609375
183.19,386.48,0.373046875
186.27,386.48,0.3662109375

249.67,273.62,0.068359375
248.12,281.34,0.1181640625
240.39,309.17,0.2265625
237.29,327.72,0.232421875
234.2,344.74,0.1982421875
232.65,358.66,0.1455078125

619.13,360.19,0.0478515625
616.05,358.66,0.0791015625
614.49,360.19,0.2578125
612.94,360.19,0.2978515625
612.94,361.74,0.3720703125
614.49,363.29,0.40234375
616.05,363.29,0.4033203125
619.13,364.82,0.4111328125
620.68,364.82,0.4267578125
622.21,364.82,0.4443359375
622.21,366.38,0.4736328125
620.68,366.38,0.482421875

578.94,333.91,0.0517578125
577.39,330.83,0.0947265625
575.84,329.28,0.11328125
574.31,327.72,0.1162109375
572.75,326.19,0.1181640625
571.2,326.19,0.1943359375
572.75,326.19,0.2666015625
578.94,330.83,0.3056640625
583.58,333.91,0.3232421875
592.86,343.19,0.3291015625
600.58,349.38,0.3310546875
612.94,357.1,0.3388671875
619.13,363.29,0.3505859375
625.32,367.93,0.3623046875
631.49,372.57,0.369140625
639.23,378.74,0.373046875
645.4,381.84,0.3759765625
657.79,388.01,0.3818359375
663.95,391.12,0.3876953125
670.14,394.2,0.3916015625
676.34,397.29,0.392578125
685.61,403.48,0.396484375
691.78,408.12,0.4013671875
697.97,414.31,0.408203125
702.61,420.48,0.4150390625
707.25,426.67,0.419921875
714.97,435.94,0.4267578125
719.61,440.58,0.4296875
725.8,448.3,0.4326171875
730.43,454.49,0.435546875
733.52,459.13,0.44140625
736.63,463.77,0.4482421875
739.71,469.96,0.453125
741.26,476.13,0.4560546875
745.9,483.87,0.45703125
747.43,488.51,0.4580078125
750.54,493.15,0.4580078125
752.07,500.87,0.458984375
753.62,505.51,0.458984375
753.62,511.7,0.458984375
755.18,516.34,0.458984375
756.71,522.5,0.458984375
756.71,528.7,0.4599609375
756.71,533.33,0.4599609375
756.71,536.42,0.4599609375
758.26,541.06,0.4599609375
758.26,550.33,0.4599609375
758.26,553.44,0.4599609375
758.26,554.97,0.458984375
758.26,558.08,0.4580078125
758.26,561.16,0.4580078125
758.26,564.24,0.45703125
758.26,565.8,0.4560546875
756.71,568.88,0.4560546875
755.18,570.43,0.4560546875
755.18,571.99,0.4560546875
755.18,573.52,0.455078125
753.62,573.52,0.4541015625
753.62,575.07,0.4541015625
752.07,576.63,0.451171875
752.07,578.16,0.451171875
750.54,579.71,0.4462890625
750.54,582.79,0.4443359375
750.54,584.35,0.4423828125
748.99,585.9,0.44140625
748.99,587.43,0.4404296875
747.43,590.54,0.4375
744.35,593.62,0.4365234375
744.35,595.18,0.435546875
741.26,598.26,0.4345703125
739.71,601.34,0.43359375
738.16,602.9,0.4306640625
735.07,605.98,0.4248046875
731.99,607.54,0.421875
730.43,610.62,0.419921875
725.8,613.73,0.4189453125
722.71,615.26,0.4189453125
719.61,616.81,0.4189453125
714.97,618.37,0.4189453125
711.88,619.9,0.419921875
708.8,621.45,0.419921875
707.25,621.45,0.4208984375
704.16,621.45,0.4208984375
702.61,623.0,0.421875
697.97,623.0,0.4228515625
694.89,624.53,0.4228515625
687.14,624.53,0.4228515625
682.5,624.53,0.423828125
677.87,626.09,0.42578125
673.23,626.09,0.427734375
670.14,627.64,0.427734375
665.51,627.64,0.427734375
659.32,630.72,0.427734375
653.15,632.28,0.4287109375
646.96,633.81,0.4296875
637.68,636.92,0.431640625
631.49,638.45,0.4326171875
626.85,638.45,0.43359375
622.21,638.45,0.4365234375
617.58,638.45,0.439453125
608.3,638.45,0.4423828125
602.13,640.0,0.443359375
595.94,640.0,0.4443359375
588.22,638.45,0.4453125
582.03,636.92,0.4462890625
568.12,633.81,0.447265625
560.39,632.28,0.447265625
552.65,633.81,0.447265625
541.84,635.36,0.447265625
535.65,635.36,0.451171875
529.46,635.36,0.4580078125
515.55,633.81,0.4716796875
507.83,633.81,0.4775390625
498.55,633.81,0.478515625
490.83,633.81,0.478515625
481.55,633.81,0.4716796875
472.28,632.28,0.4169921875
461.45,632.28,0.3056640625

531.01,616.81,0.080078125
531.01,615.26,0.1318359375
537.21,612.17,0.130859375
546.48,605.98,0.12109375
558.84,598.26,0.107421875
578.94,587.43,0.099609375
588.22,582.79,0.1064453125
588.22,581.26,0.177734375
578.94,587.43,0.1826171875
563.48,596.71,0.1748046875
546.48,609.09,0.171875
529.46,619.9,0.212890625
520.19,627.64,0.2587890625
524.82,626.09,0.271484375
537.21,615.26,0.275390625
563.48,593.62,0.2900390625
580.48,581.26,0.3095703125
591.3,573.52,0.3291015625
592.86,571.99,0.337890625
586.67,578.16,0.361328125
572.75,592.07,0.3662109375
543.37,615.26,0.3857421875
529.46,624.53,0.416015625
524.82,624.53,0.419921875
535.65,605.98,0.400390625
552.65,585.9,0.3984375
572.75,565.8,0.396484375
585.11,553.44,0.3974609375
586.67,551.88,0.400390625
569.67,571.99,0.427734375
549.57,595.18,0.443359375
532.57,612.17,0.4677734375
523.29,621.45,0.4873046875
526.38,615.26,0.490234375
540.29,599.81,0.48828125
560.39,581.26,0.490234375
578.94,565.8,0.4912109375
591.3,558.08,0.4912109375
588.22,567.35,0.498046875
574.31,585.9,0.505859375
554.2,607.54,0.509765625
532.57,629.17,0.5185546875
531.01,627.64,0.5126953125
540.29,615.26,0.5009765625
558.84,595.18,0.5009765625
583.58,573.52,0.5048828125
605.22,558.08,0.51171875
619.13,553.44,0.5322265625
616.05,564.24,0.5478515625
595.94,588.99,0.5546875
582.03,602.9,0.556640625
572.75,610.62,0.55859375
571.2,609.09,0.5556640625
574.31,599.81,0.552734375
585.11,584.35,0.552734375
606.77,567.35,0.55078125
616.05,561.16,0.55078125
616.05,564.24,0.5537109375
600.58,582.79,0.55859375
585.11,598.26,0.560546875
575.84,610.62,0.564453125
571.2,613.73,0.5693359375
575.84,609.09,0.572265625
586.67,595.18,0.5732421875
611.41,568.88,0.5751953125
623.77,554.97,0.578125
620.68,554.97,0.607421875
612.94,562.71,0.611328125
595.94,579.71,0.6162109375
586.67,588.99,0.6171875
571.2,604.45,0.626953125
565.03,610.62,0.6357421875
571.2,605.98,0.6328125
585.11,595.18,0.630859375
602.13,581.26,0.630859375
619.13,565.8,0.6318359375
620.68,561.16,0.6376953125
614.49,565.8,0.6416015625
597.5,576.63,0.642578125
578.94,595.18,0.6435546875
563.48,613.73,0.6435546875
554.2,626.09,0.6435546875
566.56,618.37,0.640625
592.86,598.26,0.6435546875
609.86,582.79,0.6474609375
619.13,573.52,0.6552734375
620.68,570.43,0.6689453125
619.13,570.43,0.6767578125
602.13,582.79,0.6826171875
578.94,613.73,0.6767578125
577.39,621.45,0.6728515625
605.22,610.62,0.6708984375
629.96,590.54,0.673828125
639.23,575.07,0.6982421875
626.85,582.79,0.7001953125
609.86,598.26,0.697265625
594.39,613.73,0.693359375
585.11,624.53,0.6845703125
591.3,623.0,0.6767578125
606.77,613.73,0.671875
625.32,599.81,0.6728515625
640.77,587.43,0.67578125
648.51,578.16,0.69140625
642.32,579.71,0.7041015625
628.41,588.99,0.7060546875
605.22,612.17,0.7021484375
592.86,623.0,0.6953125
589.75,629.17,0.6875
597.5,626.09,0.6845703125
612.94,616.81,0.6845703125
631.49,604.45,0.6865234375
650.04,587.43,0.693359375
654.68,582.79,0.7060546875
646.96,585.9,0.716796875
626.85,602.9,0.7138671875
612.94,613.73,0.708984375
605.22,621.45,0.7041015625
605.22,623.0,0.69921875
612.94,618.37,0.693359375
633.04,601.34,0.697265625
645.4,590.54,0.701171875
651.59,582.79,0.7099609375
636.13,592.07,0.72265625
625.32,605.98,0.7197265625
617.58,616.81,0.71484375
616.05,623.0,0.7099609375
620.68,624.53,0.70703125
639.23,613.73,0.7099609375
654.68,602.9,0.7138671875
663.95,593.62,0.7197265625
665.51,584.35,0.736328125
656.23,585.9,0.7412109375
642.32,596.71,0.734375
626.85,610.62,0.7275390625
619.13,621.45,0.716796875
617.58,626.09,0.7080078125
629.96,621.45,0.7041015625
646.96,610.62,0.7060546875
662.42,598.26,0.7099609375
676.34,585.9,0.7255859375
676.34,584.35,0.736328125
667.06,588.99,0.759765625
653.15,601.34,0.7568359375
637.68,615.26,0.751953125
626.85,627.64,0.7412109375
631.49,627.64,0.7314453125
643.87,621.45,0.7265625
660.87,612.17,0.7265625
685.61,595.18,0.7294921875
694.89,585.9,0.736328125
694.89,582.79,0.744140625
684.06,584.35,0.76171875
670.14,593.62,0.7587890625
659.32,604.45,0.7509765625
651.59,615.26,0.7333984375
656.23,615.26,0.7216796875
676.34,607.54,0.7177734375
693.33,598.26,0.7197265625
704.16,588.99,0.7255859375
708.8,582.79,0.7412109375
705.69,579.71,0.7626953125
694.89,579.71,0.7724609375
674.78,590.54,0.76171875
667.06,598.26,0.744140625
667.06,602.9,0.7265625
679.42,601.34,0.7197265625
694.89,593.62,0.7236328125
708.8,584.35,0.7314453125
718.08,575.07,0.7431640625
719.61,570.43,0.759765625
711.88,565.8,0.7744140625
699.52,567.35,0.76953125
685.61,570.43,0.7607421875
670.14,578.16,0.7392578125
670.14,579.71,0.7275390625
677.87,578.16,0.7060546875
693.33,568.88,0.7041015625
711.88,554.97,0.705078125
725.8,539.52,0.708984375
733.52,524.06,0.7265625
724.24,520.97,0.744140625
673.23,548.8,0.744140625
662.42,559.61,0.7421875
648.51,576.63,0.73828125
643.87,582.79,0.736328125
645.4,587.43,0.73046875
657.79,582.79,0.7255859375
688.7,558.08,0.7265625
707.25,539.52,0.728515625
718.08,527.14,0.7333984375
716.52,520.97,0.751953125
704.16,524.06,0.7578125
682.5,533.33,0.75390625
659.32,548.8,0.7490234375
642.32,565.8,0.7412109375
633.04,579.71,0.73046875
640.77,582.79,0.7255859375
654.68,575.07,0.7255859375
671.7,562.71,0.7265625
693.33,539.52,0.728515625
697.97,530.25,0.734375
693.33,524.06,0.7421875
679.42,522.5,0.74609375
663.95,525.61,0.7451171875
646.96,533.33,0.740234375
626.85,550.33,0.728515625
622.21,559.61,0.720703125
626.85,564.24,0.7158203125
646.96,558.08,0.71484375
663.95,544.16,0.71484375
677.87,528.7,0.716796875
687.14,516.34,0.72265625
688.7,505.51,0.732421875
676.34,499.32,0.7412109375
660.87,505.51,0.740234375
642.32,517.87,0.736328125
616.05,541.06,0.7294921875
608.3,556.52,0.7216796875
609.86,564.24,0.7177734375
619.13,564.24,0.7197265625
634.6,554.97,0.7236328125
663.95,530.25,0.7265625
676.34,514.78,0.7294921875
680.97,503.95,0.7373046875
671.7,494.68,0.7529296875
656.23,494.68,0.7548828125
634.6,500.87,0.751953125
616.05,513.23,0.7451171875
602.13,530.25,0.73828125
595.94,548.8,0.732421875
606.77,561.16,0.73046875
622.21,559.61,0.7353515625
642.32,548.8,0.73828125
662.42,533.33,0.740234375
679.42,508.59,0.7431640625
684.06,493.15,0.748046875
680.97,483.87,0.751953125
671.7,477.68,0.7529296875
659.32,477.68,0.7490234375
634.6,488.51,0.7412109375
620.68,505.51,0.734375
608.3,545.69,0.7275390625
609.86,558.08,0.728515625
612.94,559.61,0.7294921875
622.21,558.08,0.732421875
634.6,548.8,0.734375
648.51,534.89,0.7333984375
662.42,514.78,0.7353515625
663.95,500.87,0.73828125
662.42,490.04,0.744140625
648.51,483.87,0.748046875
633.04,488.51,0.7421875
622.21,502.42,0.734375
614.49,520.97,0.728515625
611.41,537.97,0.7255859375
614.49,545.69,0.7255859375
629.96,544.16,0.732421875
645.4,531.78,0.7353515625
665.51,507.06,0.7373046875
673.23,488.51,0.7392578125
676.34,473.04,0.7431640625
671.7,460.68,0.748046875
665.51,454.49,0.7490234375
654.68,452.94,0.744140625
637.68,466.85,0.7294921875
631.49,482.32,0.720703125
633.04,494.68,0.7158203125
645.4,503.95,0.7138671875
657.79,502.42,0.7158203125
667.06,496.23,0.7197265625
673.23,486.96,0.7236328125
676.34,477.68,0.728515625
674.78,465.32,0.734375
667.06,449.86,0.7421875
660.87,445.22,0.7431640625
653.15,443.66,0.7373046875
643.87,454.49,0.72265625
643.87,466.85,0.71484375
646.96,479.23,0.7099609375
651.59,488.51,0.708984375
657.79,491.59,0.708984375
662.42,493.15,0.7099609375
663.95,488.51,0.71484375
663.95,482.32,0.7158203125
660.87,466.85,0.71484375
656.23,456.05,0.7138671875
651.59,445.22,0.7138671875
648.51,437.5,0.7138671875
646.96,432.86,0.712890625
645.4,432.86,0.7080078125
646.96,445.22,0.697265625
650.04,459.13,0.6943359375
653.15,471.49,0.6943359375
654.68,479.23,0.6962890625
656.23,483.87,0.7021484375
654.68,482.32,0.705078125
653.15,476.13,0.7060546875
650.04,466.85,0.7060546875
645.4,448.3,0.7060546875
642.32,435.94,0.7060546875
640.77,428.22,0.7060546875
639.23,422.03,0.703125
639.23,425.11,0.7001953125
643.87,434.39,0.6943359375
650.04,445.22,0.6904296875
656.23,454.49,0.689453125
662.42,466.85,0.6904296875
662.42,468.41,0.69140625
660.87,466.85,0.697265625
657.79,459.13,0.6982421875
651.59,449.86,0.6982421875
645.4,437.5,0.6982421875
637.68,415.84,0.6982421875
634.6,409.67,0.6982421875
631.49,401.92,0.6982421875
633.04,398.84,0.693359375
650.04,420.48,0.6767578125
657.79,431.3,0.67578125
662.42,440.58,0.677734375
663.95,445.22,0.68359375
662.42,446.77,0.693359375
659.32,445.22,0.7021484375
651.59,440.58,0.7060546875
639.23,428.22,0.7060546875
629.96,415.84,0.7041015625
622.21,405.03,0.7021484375
616.05,391.12,0.7021484375
614.49,386.48,0.69921875
617.58,386.48,0.6923828125
623.77,392.65,0.6875
633.04,401.92,0.6826171875
643.87,414.31,0.6796875
656.23,426.67,0.6787109375
662.42,432.86,0.685546875
659.32,431.3,0.703125
653.15,423.58,0.7021484375
645.4,415.84,0.7001953125
636.13,406.56,0.69921875
626.85,400.39,0.6982421875
620.68,394.2,0.6982421875
617.58,386.48,0.6943359375
619.13,383.37,0.6875
623.77,383.37,0.6806640625
637.68,394.2,0.6728515625
650.04,406.56,0.669921875
659.32,418.94,0.6689453125
663.95,428.22,0.671875
665.51,434.39,0.6796875
663.95,435.94,0.6943359375
660.87,432.86,0.69921875
654.68,426.67,0.7001953125
642.32,412.75,0.69921875
636.13,403.48,0.69921875
629.96,392.65,0.6982421875
626.85,384.93,0.697265625
628.41,380.29,0.693359375
631.49,380.29,0.6875
643.87,391.12,0.6806640625
656.23,401.92,0.6767578125
677.87,420.48,0.6728515625
685.61,426.67,0.67578125
688.7,431.3,0.6806640625
688.7,432.86,0.68359375
688.7,434.39,0.6865234375
685.61,432.86,0.6826171875
676.34,428.22,0.66796875
670.14,422.03,0.6640625
663.95,415.84,0.6630859375
656.23,405.03,0.6640625
651.59,398.84,0.6669921875
651.59,397.29,0.6669921875
657.79,395.76,0.6650390625
665.51,397.29,0.6640625
676.34,401.92,0.6630859375
694.89,415.84,0.6630859375
702.61,426.67,0.6650390625
708.8,437.5,0.6669921875
713.44,446.77,0.671875
714.97,451.41,0.677734375
714.97,454.49,0.6806640625
711.88,454.49,0.6748046875
708.8,452.94,0.66796875
704.16,449.86,0.666015625
696.42,439.03,0.666015625
687.14,431.3,0.66796875
676.34,418.94,0.6708984375
671.7,415.84,0.671875
670.14,417.39,0.6689453125
673.23,426.67,0.6650390625
682.5,440.58,0.6630859375
693.33,456.05,0.662109375
705.69,477.68,0.66796875
710.33,488.51,0.673828125
711.88,494.68,0.6806640625
710.33,499.32,0.693359375
705.69,497.79,0.697265625
701.06,494.68,0.6953125
696.42,490.04,0.69140625
688.7,483.87,0.685546875
676.34,466.85,0.6796875
670.14,451.41,0.6787109375
668.59,435.94,0.677734375
673.23,423.58,0.677734375
680.97,425.11,0.6767578125
691.78,435.94,0.67578125
701.06,456.05,0.673828125
705.69,476.13,0.67578125
707.25,493.15,0.6787109375
705.69,511.7,0.6884765625
704.16,516.34,0.6943359375
699.52,517.87,0.6923828125
691.78,510.14,0.68359375
687.14,500.87,0.67578125
685.61,490.04,0.666015625
684.06,477.68,0.66015625
684.06,463.77,0.658203125
685.61,449.86,0.6591796875
688.7,442.13,0.6640625
693.33,446.77,0.6689453125
702.61,477.68,0.673828125
704.16,486.96,0.673828125
704.16,500.87,0.67578125
704.16,513.23,0.6806640625
704.16,519.42,0.6865234375
697.97,520.97,0.6787109375
694.89,516.34,0.6669921875
691.78,505.51,0.658203125
688.7,490.04,0.6533203125
685.61,471.49,0.6513671875
684.06,452.94,0.65234375
685.61,442.13,0.65625
691.78,442.13,0.6591796875
699.52,451.41,0.662109375
705.69,466.85,0.666015625
713.44,496.23,0.6708984375
716.52,514.78,0.673828125
716.52,533.33,0.677734375
714.97,539.52,0.6806640625
711.88,542.61,0.6796875
708.8,541.06,0.673828125
707.25,536.42,0.6650390625
704.16,528.7,0.6533203125
701.06,502.42,0.634765625
701.06,488.51,0.6337890625
702.61,479.23,0.6357421875
707.25,476.13,0.6376953125
713.44,482.32,0.6416015625
721.16,496.23,0.646484375
727.35,513.23,0.6494140625
731.99,527.14,0.650390625
733.52,536.42,0.6533203125
730.43,547.25,0.66015625
724.24,550.33,0.6611328125
716.52,550.33,0.6572265625
707.25,545.69,0.646484375
702.61,537.97,0.634765625
697.97,528.7,0.6181640625
691.78,514.78,0.6064453125
690.25,503.95,0.6025390625
691.78,500.87,0.6005859375
699.52,508.59,0.599609375
704.16,520.97,0.6015625
710.33,542.61,0.603515625
711.88,556.52,0.607421875
710.33,567.35,0.61328125
707.25,576.63,0.6171875
702.61,582.79,0.6171875
696.42,585.9,0.615234375
685.61,584.35,0.6083984375
680.97,579.71,0.6044921875
677.87,571.99,0.6025390625
680.97,550.33,0.603515625
687.14,537.97,0.6044921875
694.89,533.33,0.6064453125
702.61,533.33,0.6083984375
707.25,541.06,0.6123046875
708.8,554.97,0.6171875
707.25,576.63,0.6240234375
701.06,590.54,0.6279296875
674.78,609.09,0.6357421875
665.51,605.98,0.6328125
662.42,602.9,0.630859375
656.23,593.62,0.6259765625
654.68,588.99,0.6240234375
651.59,579.71,0.62109375
659.32,575.07,0.607421875
670.14,585.9,0.611328125
679.42,592.07,0.6142578125
690.25,596.71,0.6162109375
701.06,598.26,0.6201171875
705.69,596.71,0.6240234375
710.33,593.62,0.6279296875
710.33,584.35,0.638671875
707.25,576.63,0.64453125
702.61,567.35,0.6494140625
691.78,561.16,0.65625
680.97,565.8,0.65625
673.23,576.63,0.65234375
665.51,592.07,0.6494140625
660.87,609.09,0.6494140625
656.23,619.9,0.6494140625
650.04,629.17,0.6455078125
646.96,629.17,0.6376953125
642.32,624.53,0.6279296875
637.68,619.9,0.6259765625
636.13,615.26,0.6259765625
637.68,612.17,0.623046875
642.32,610.62,0.6201171875
667.06,612.17,0.6142578125
682.5,612.17,0.6181640625
696.42,609.09,0.6240234375
708.8,602.9,0.6337890625
713.44,599.81,0.640625
714.97,598.26,0.6435546875
716.52,596.71,0.6484375
713.44,595.18,0.6533203125
707.25,592.07,0.6552734375
694.89,592.07,0.6552734375
682.5,596.71,0.650390625
670.14,607.54,0.6435546875
656.23,629.17,0.638671875
650.04,641.55,0.638671875
650.04,647.72,0.63671875
656.23,647.72,0.63671875
663.95,641.55,0.63671875
680.97,624.53,0.63671875
693.33,615.26,0.6357421875
702.61,610.62,0.6357421875
708.8,605.98,0.6396484375
705.69,607.54,0.6435546875
699.52,610.62,0.642578125
691.78,615.26,0.640625
685.61,619.9,0.638671875
684.06,626.09,0.6357421875
687.14,626.09,0.6318359375
701.06,613.73,0.6318359375
708.8,604.45,0.6328125
714.97,592.07,0.6337890625
718.08,585.9,0.634765625
721.16,571.99,0.638671875
721.16,559.61,0.642578125
716.52,545.69,0.646484375
713.44,542.61,0.6474609375
710.33,541.06,0.6474609375
708.8,541.06,0.646484375
710.33,544.16,0.63671875
714.97,545.69,0.6328125
718.08,547.25,0.6318359375
721.16,548.8,0.6318359375
718.08,544.16,0.63671875
713.44,537.97,0.6357421875
708.8,528.7,0.6337890625
702.61,505.51,0.6298828125
699.52,491.59,0.625
697.97,482.32,0.6201171875
696.42,477.68,0.6181640625
696.42,476.13,0.6181640625
699.52,476.13,0.6162109375
708.8,476.13,0.611328125
716.52,480.77,0.6083984375
731.99,494.68,0.607421875
739.71,510.14,0.6083984375
744.35,524.06,0.611328125
745.9,534.89,0.6162109375
747.43,542.61,0.623046875
745.9,547.25,0.6279296875
741.26,547.25,0.626953125
736.63,542.61,0.6240234375
731.99,531.78,0.6201171875
719.61,510.14,0.6181640625
713.44,491.59,0.6181640625
708.8,477.68,0.6181640625
707.25,466.85,0.6171875
708.8,459.13,0.6162109375
711.88,456.05,0.6142578125
724.24,462.21,0.6142578125
733.52,474.6,0.6142578125
744.35,496.23,0.615234375
747.43,510.14,0.6181640625
747.43,520.97,0.623046875
745.9,528.7,0.6279296875
742.79,530.25,0.6328125
736.63,530.25,0.6328125
731.99,525.61,0.6318359375
724.24,513.23,0.6279296875
718.08,499.32,0.625
713.44,476.13,0.623046875
713.44,460.68,0.623046875
714.97,449.86,0.6240234375
718.08,445.22,0.6240234375
724.24,448.3,0.625
731.99,460.68,0.625
744.35,483.87,0.625
748.99,499.32,0.6259765625
753.62,519.42,0.6298828125
752.07,528.7,0.6337890625
748.99,534.89,0.6337890625
745.9,536.42,0.6279296875
739.71,533.33,0.62109375
733.52,528.7,0.615234375
722.71,520.97,0.6015625
718.08,513.23,0.591796875
714.97,503.95,0.583984375
716.52,493.15,0.5771484375
719.61,490.04,0.5771484375
724.24,491.59,0.5810546875
730.43,499.32,0.583984375
735.07,511.7,0.5859375
738.16,525.61,0.5869140625
736.63,545.69,0.5966796875
730.43,558.08,0.6064453125
722.71,567.35,0.6142578125
708.8,578.16,0.62109375
701.06,581.26,0.623046875
694.89,584.35,0.6201171875
691.78,585.9,0.6123046875
693.33,584.35,0.5947265625
701.06,576.63,0.591796875
707.25,570.43,0.5908203125
713.44,564.24,0.5908203125
719.61,559.61,0.5927734375
721.16,559.61,0.5986328125
716.52,564.24,0.6044921875
711.88,570.43,0.6083984375
704.16,579.71,0.61328125
690.25,595.18,0.6181640625
680.97,602.9,0.6201171875
674.78,607.54,0.6201171875
671.7,607.54,0.619140625
673.23,604.45,0.607421875
679.42,599.81,0.6044921875
687.14,596.71,0.6005859375
696.42,590.54,0.5966796875
702.61,584.35,0.5947265625
708.8,579.71,0.5947265625
710.33,578.16,0.595703125
707.25,578.16,0.5966796875
704.16,581.26,0.595703125
697.97,585.9,0.5966796875
690.25,590.54,0.599609375
682.5,596.71,0.603515625
673.23,601.34,0.607421875
663.95,602.9,0.609375
660.87,604.45,0.607421875
656.23,602.9,0.60546875
650.04,602.9,0.6005859375
646.96,601.34,0.5966796875
645.4,601.34,0.5927734375
646.96,601.34,0.58984375
654.68,604.45,0.580078125
667.06,602.9,0.5791015625
677.87,601.34,0.580078125
699.52,596.71,0.5830078125
707.25,595.18,0.5849609375
711.88,593.62,0.58984375
705.69,595.18,0.603515625
697.97,596.71,0.6044921875
677.87,604.45,0.607421875
665.51,612.17,0.6064453125
653.15,626.09,0.6044921875
650.04,633.81,0.6025390625
653.15,635.36,0.59765625
662.42,632.28,0.59765625
676.34,624.53,0.599609375
691.78,615.26,0.599609375
708.8,604.45,0.603515625
716.52,598.26,0.6083984375
719.61,595.18,0.61328125
721.16,595.18,0.615234375
718.08,595.18,0.6220703125
714.97,596.71,0.62109375
710.33,598.26,0.6201171875
707.25,601.34,0.619140625
705.69,602.9,0.6162109375
704.16,610.62,0.6142578125
704.16,615.26,0.6142578125
702.61,618.37,0.615234375
702.61,623.0,0.6162109375
704.16,624.53,0.615234375
707.25,621.45,0.6162109375
711.88,618.37,0.619140625
716.52,613.73,0.6240234375
725.8,604.45,0.6328125
728.88,598.26,0.6376953125
730.43,588.99,0.6416015625
730.43,579.71,0.6455078125
727.35,571.99,0.6484375
725.8,571.99,0.6474609375
724.24,576.63,0.6396484375
722.71,584.35,0.6337890625
722.71,592.07,0.6318359375
725.8,598.26,0.6318359375
730.43,598.26,0.6318359375
735.07,593.62,0.6328125
744.35,582.79,0.6328125
747.43,575.07,0.6337890625
750.54,567.35,0.634765625
750.54,559.61,0.6357421875
750.54,551.88,0.6376953125
745.9,542.61,0.6416015625
741.26,541.06,0.642578125
735.07,542.61,0.642578125
727.35,556.52,0.6396484375
722.71,568.88,0.638671875
721.16,581.26,0.6376953125
721.16,590.54,0.63671875
721.16,595.18,0.63671875
721.16,596.71,0.6357421875
725.8,587.43,0.634765625
730.43,576.63,0.634765625
736.63,558.08,0.6337890625
738.16,547.25,0.634765625
738.16,539.52,0.63671875
735.07,537.97,0.6376953125
730.43,541.06,0.6337890625
724.24,550.33,0.630859375
713.44,570.43,0.6337890625
708.8,581.26,0.6337890625
705.69,590.54,0.6337890625
705.69,595.18,0.6298828125
708.8,592.07,0.6240234375
713.44,582.79,0.623046875
721.16,570.43,0.62109375
725.8,554.97,0.6201171875
727.35,539.52,0.6201171875
725.8,524.06,0.6240234375
722.71,519.42,0.62890625
714.97,517.87,0.6328125
705.69,528.7,0.634765625
699.52,541.06,0.634765625
693.33,554.97,0.6318359375
691.78,567.35,0.626953125
693.33,571.99,0.6171875
696.42,573.52,0.6103515625
702.61,567.35,0.6103515625
707.25,558.08,0.611328125
710.33,537.97,0.6123046875
708.8,522.5,0.615234375
705.69,507.06,0.619140625
699.52,494.68,0.6240234375
691.78,490.04,0.626953125
684.06,493.15,0.623046875
676.34,511.7,0.6083984375
677.87,527.14,0.6025390625
680.97,541.06,0.595703125
688.7,550.33,0.5849609375
696.42,550.33,0.5751953125
702.61,544.16,0.5732421875
707.25,537.97,0.5732421875
708.8,528.7,0.57421875
707.25,516.34,0.576171875
702.61,496.23,0.5830078125
696.42,486.96,0.5927734375
685.61,482.32,0.6025390625
677.87,488.51,0.595703125
673.23,502.42,0.5830078125
671.7,520.97,0.576171875
670.14,541.06,0.57421875
668.59,559.61,0.576171875
668.59,570.43,0.5771484375
667.06,578.16,0.5634765625
667.06,576.63,0.55078125
667.06,564.24,0.5439453125
665.51,550.33,0.54296875
663.95,531.78,0.541015625
662.42,511.7,0.5390625
659.32,488.51,0.5390625
656.23,466.85,0.5390625
653.15,443.66,0.541015625
651.59,435.94,0.541015625
650.04,429.75,0.5419921875
648.51,431.3,0.5361328125
648.51,437.5,0.5263671875
648.51,446.77,0.51953125
648.51,459.13,0.5166015625
650.04,469.96,0.5166015625
648.51,477.68,0.5185546875
646.96,480.77,0.5185546875
645.4,477.68,0.5107421875
643.87,463.77,0.4970703125
640.77,449.86,0.486328125
639.23,440.58,0.4794921875
637.68,434.39,0.4775390625
636.13,435.94,0.4736328125
637.68,443.66,0.4677734375
639.23,465.32,0.4658203125
640.77,480.77,0.4677734375
640.77,494.68,0.474609375
640.77,507.06,0.4794921875
642.32,508.59,0.4794921875
642.32,505.51,0.4794921875
645.4,491.59,0.4814453125
646.96,480.77,0.48046875
646.96,469.96,0.474609375
646.96,457.58,0.46875
645.4,448.3,0.4677734375
642.32,443.66,0.4716796875
637.68,445.22,0.4833984375
633.04,452.94,0.4921875
629.96,465.32,0.4931640625
628.41,502.42,0.49609375
628.41,505.51,0.4990234375
628.41,503.95,0.5
628.41,497.79,0.5
628.41,486.96,0.498046875
628.41,471.49,0.49609375
626.85,456.05,0.49609375
625.32,442.13,0.49609375
625.32,432.86,0.4970703125
626.85,429.75,0.4990234375
629.96,432.86,0.5048828125
633.04,435.94,0.5087890625
636.13,437.5,0.5107421875
637.68,437.5,0.5146484375
637.68,434.39,0.5283203125
636.13,428.22,0.537109375
633.04,422.03,0.5458984375
628.41,414.31,0.552734375
625.32,408.12,0.5556640625
622.21,400.39,0.5546875
622.21,395.76,0.552734375
622.21,392.65,0.55078125
623.77,391.12,0.5498046875
616.05,384.93,0.564453125
611.41,380.29,0.564453125
605.22,374.1,0.5654296875
603.66,367.93,0.5654296875
603.66,364.82,0.5634765625
606.77,366.38,0.5556640625
611.41,371.01,0.5546875
614.49,374.1,0.5546875
619.13,377.21,0.55859375
620.68,377.21,0.5615234375
620.68,378.74,0.564453125
619.13,378.74,0.53125

207.93,446.77,0.037109375
207.93,445.22,0.0615234375
209.46,443.66,0.10546875
214.1,440.58,0.1357421875
218.74,435.94,0.173828125
231.12,423.58,0.21484375
241.92,414.31,0.2275390625
251.2,406.56,0.2470703125
266.67,398.84,0.2958984375
285.22,395.76,0.33984375
292.94,395.76,0.345703125
291.41,395.76,0.345703125
289.86,395.76,0.34375
289.86,394.2,0.337890625
288.3,389.57,0.3359375
285.22,389.57,0.3330078125
279.03,392.65,0.330078125
269.75,397.29,0.328125
260.48,403.48,0.3291015625
245.03,418.94,0.3310546875
235.76,431.3,0.3388671875
231.12,446.77,0.3544921875
232.65,448.3,0.3583984375
238.84,443.66,0.3642578125
252.75,426.67,0.3720703125
263.58,412.75,0.3779296875
279.03,397.29,0.3896484375
286.77,392.65,0.4033203125
289.86,391.12,0.4111328125
292.94,391.12,0.4130859375
294.49,391.12,0.4140625
292.94,394.2,0.421875
288.3,395.76,0.427734375
279.03,398.84,0.4326171875
268.22,400.39,0.4375
255.84,403.48,0.4404296875
243.48,406.56,0.44140625
228.01,412.75,0.4404296875
215.65,420.48,0.439453125
206.38,428.22,0.439453125
201.74,432.86,0.4384765625
203.29,435.94,0.4365234375
209.46,432.86,0.435546875
218.74,426.67,0.4345703125
237.29,415.84,0.4345703125
249.67,406.56,0.435546875
262.03,398.84,0.4384765625
274.39,391.12,0.44140625
282.13,383.37,0.443359375
285.22,380.29,0.4453125
288.3,380.29,0.4462890625
286.77,380.29,0.453125
285.22,380.29,0.443359375
283.66,380.29,0.431640625
279.03,383.37,0.431640625
274.39,384.93,0.4306640625
271.3,388.01,0.4267578125
269.75,391.12,0.4140625
268.22,394.2,0.4013671875
266.67,397.29,0.3974609375
268.22,398.84,0.3955078125
269.75,400.39,0.3662109375
272.86,400.39,0.2685546875
274.39,401.92,0.201171875
279.03,398.84,0.0849609375
280.58,395.76,0.0615234375
282.13,395.76,0.0546875

282.13,392.65,0.025390625
282.13,394.2,0.0595703125
282.13,395.76,0.08203125
280.58,395.76,0.1240234375
280.58,397.29,0.1318359375
279.03,395.76,0.2568359375
277.5,395.76,0.2587890625
275.94,398.84,0.2578125
279.03,411.2,0.259765625
282.13,414.31,0.2626953125
285.22,415.84,0.28125
288.3,411.2,0.3369140625
288.3,408.12,0.3681640625
286.77,403.48,0.388671875
285.22,400.39,0.3994140625
283.66,398.84,0.4033203125
280.58,400.39,0.4033203125
279.03,406.56,0.3994140625
279.03,409.67,0.3994140625
280.58,411.2,0.4091796875
283.66,406.56,0.423828125
285.22,401.92,0.427734375
285.22,397.29,0.431640625
285.22,395.76,0.4326171875
285.22,397.29,0.42578125
283.66,401.92,0.2822265625

251.2,422.03,0.037109375
245.03,422.03,0.0625
246.56,431.3,0.1064453125
248.12,440.58,0.1298828125
252.75,452.94,0.140625
255.84,456.05,0.1611328125
258.94,457.58,0.1962890625
260.48,457.58,0.2099609375
263.58,457.58,0.2275390625

262.03,519.42,0.0986328125
257.39,514.78,0.2119140625
258.94,514.78,0.2314453125
262.03,513.23,0.2607421875
263.58,513.23,0.26171875

101.26,77.29,0.078125
102.79,75.76,0.1044921875
104.35,75.76,0.10546875
105.9,74.2,0.0888671875

125.98,66.48,0.2275390625
125.98,64.93,0.3017578125
127.54,66.48,0.23046875

161.55,55.65,0.2333984375
160.0,55.65,0.30859375

160.0,51.01,0.1484375
155.36,61.84,0.1455078125

167.72,78.84,0.03515625

192.46,69.57,0.072265625
190.91,69.57,0.1220703125
189.38,71.12,0.119140625

155.36,85.03,0.1875
150.72,88.12,0.248046875
152.28,91.2,0.216796875

133.73,122.13,0.21875
130.62,123.66,0.2861328125
129.09,126.77,0.2841796875

104.35,149.96,0.248046875
110.54,151.49,0.2705078125
115.18,151.49,0.2548828125

206.38,117.5,0.23046875
207.93,117.5,0.33203125
207.93,119.03,0.2470703125

249.67,95.84,0.142578125
251.2,95.84,0.2119140625
255.84,92.75,0.2568359375
257.39,92.75,0.251953125

280.58,72.65,0.2373046875
280.58,71.12,0.3154296875
282.13,72.65,0.23828125

251.2,74.2,0.1572265625
245.03,75.76,0.208984375
237.29,80.39,0.201171875

297.58,46.38,0.208984375
299.13,43.29,0.2802734375

214.1,37.1,0.2353515625
212.57,38.66,0.3095703125
215.65,41.74,0.2568359375

322.32,60.29,0.3173828125
322.32,61.84,0.41796875
320.77,66.48,0.3447265625

326.96,68.01,0.3330078125
331.59,74.2,0.408203125

390.33,81.92,0.27734375
391.88,86.56,0.328125
391.88,89.67,0.31640625

404.24,111.3,0.2216796875
399.61,117.5,0.26171875

432.07,105.11,0.294921875
432.07,103.58,0.392578125
436.71,105.11,0.3388671875
438.26,105.11,0.3251953125

520.19,63.37,0.2900390625
523.29,60.29,0.287109375
523.29,61.84,0.259765625

531.01,34.02,0.2734375
532.57,37.1,0.326171875

368.7,52.57,0.2724609375
362.5,57.21,0.3564453125
356.34,61.84,0.2958984375

364.06,122.13,0.33984375
364.06,125.22,0.44921875
367.14,131.41,0.361328125
371.78,134.49,0.33984375

472.28,128.3,0.294921875
469.17,132.94,0.3662109375
469.17,137.58,0.357421875

524.82,142.21,0.2119140625
526.38,145.32,0.29296875
526.38,149.96,0.2353515625

577.39,119.03,0.2470703125
578.94,119.03,0.328125
580.48,122.13,0.310546875

459.9,187.06,0.21875
464.53,185.51,0.27734375

560.39,160.77,0.244140625
558.84,162.32,0.3369140625
555.76,165.4,0.3212890625
554.2,168.51,0.3056640625

625.32,171.59,0.2080078125
625.32,174.68,0.2783203125
626.85,179.32,0.2626953125

560.39,224.16,0.279296875
563.48,224.16,0.3564453125
566.56,222.61,0.3515625

636.13,190.14,0.240234375
636.13,191.7,0.318359375
636.13,193.23,0.2822265625

673.23,108.22,0.2392578125
674.78,106.67,0.2421875

646.96,52.57,0.248046875
645.4,52.57,0.32421875
642.32,52.57,0.2412109375

565.03,74.2,0.2265625
563.48,74.2,0.2724609375
565.03,77.29,0.2607421875

677.87,126.77,0.2783203125
676.34,129.86,0.34765625
676.34,132.94,0.33984375

659.32,216.42,0.25
660.87,219.52,0.3017578125
660.87,221.06,0.2919921875

591.3,267.43,0.2412109375
597.5,268.99,0.193359375

642.32,270.54,0.306640625
640.77,272.07,0.408203125
639.23,275.18,0.388671875

629.96,293.73,0.2802734375
628.41,295.26,0.369140625
626.85,299.9,0.3125

637.68,335.47,0.1669921875
637.68,337.0,0.208984375

697.97,329.28,0.20703125
696.42,329.28,0.2724609375
693.33,333.91,0.2470703125

716.52,309.17,0.23046875
718.08,307.64,0.181640625

718.08,199.42,0.2880859375
716.52,193.23,0.333984375

724.24,154.6,0.318359375
718.08,160.77,0.3935546875
716.52,160.77,0.3349609375
716.52,162.32,0.3115234375

629.96,205.61,0.181640625
628.41,210.25,0.2265625

677.87,253.52,0.130859375
677.87,258.16,0.1630859375

696.42,295.26,0.28125
696.42,298.37,0.369140625
693.33,303.0,0.3369140625

643.87,312.28,0.251953125
640.77,315.36,0.291015625
639.23,316.92,0.2802734375

561.92,251.99,0.2607421875
560.39,251.99,0.2939453125
558.84,251.99,0.275390625

487.72,200.97,0.2021484375
476.92,200.97,0.3232421875
469.17,202.5,0.2841796875

428.99,162.32,0.328125
425.9,160.77,0.4345703125
419.71,159.23,0.3935546875

299.13,112.86,0.3115234375
291.41,108.22,0.388671875
288.3,108.22,0.380859375

232.65,103.58,0.26953125
231.12,102.03,0.3466796875

158.45,98.94,0.1748046875
155.36,98.94,0.2265625

84.24,145.32,0.0576171875
79.61,149.96,0.072265625

98.16,171.59,0.2734375
95.07,176.23,0.36328125
90.43,185.51,0.31640625
88.88,190.14,0.3046875

53.33,265.9,0.2890625
53.33,270.54,0.3798828125
59.52,273.62,0.26953125

90.43,282.9,0.1630859375
85.8,287.54,0.216796875
78.08,296.81,0.208984375

31.7,313.81,0.2001953125
40.97,313.81,0.2548828125
44.06,313.81,0.251953125

59.52,213.33,0.29296875
59.52,210.25,0.3896484375
62.61,204.06,0.3388671875

25.51,156.13,0.1318359375
23.95,156.13,0.162109375
20.87,156.13,0.103515625

34.78,95.84,0.1875
34.78,94.31,0.25

13.15,162.32,0.201171875
14.68,163.87,0.2646484375
20.87,165.4,0.212890625

130.62,149.96,0.0927734375
129.09,153.04,0.1162109375

88.88,196.34,0.232421875
85.8,197.87,0.2958984375
85.8,200.97,0.291015625

158.45,174.68,0.205078125
160.0,176.23,0.26171875
161.55,176.23,0.189453125

147.64,153.04,0.205078125
144.53,154.6,0.2587890625
144.53,156.13,0.255859375

263.58,95.84,0.1767578125
263.58,97.39,0.2353515625
263.58,100.48,0.1904296875
263.58,102.03,0.1787109375

149.17,193.23,0.2109375
150.72,191.7,0.2578125

122.9,219.52,0.2470703125
118.26,224.16,0.330078125
116.71,227.25,0.3203125
118.26,228.8,0.3173828125

263.58,146.85,0.2646484375
262.03,145.32,0.3515625
260.48,148.41,0.3076171875

325.4,137.58,0.3212890625
326.96,137.58,0.3828125
330.04,137.58,0.228515625

399.61,123.66,0.2060546875
394.97,128.3,0.212890625

74.97,618.37,0.0966796875
73.44,621.45,0.1201171875

98.16,626.09,0.212890625
99.71,627.64,0.2802734375
101.26,630.72,0.2744140625

119.81,675.55,0.291015625
119.81,681.74,0.341796875
121.34,683.29,0.3291015625

150.72,709.57,0.2158203125
152.28,711.12,0.2548828125
153.81,712.65,0.24609375

237.29,661.63,0.2236328125
240.39,663.19,0.3330078125
240.39,664.74,0.376953125
240.39,666.27,0.3623046875

274.39,588.99,0.35546875
272.86,587.43,0.458984375
271.3,587.43,0.4306640625
269.75,587.43,0.4189453125

203.29,666.27,0.3779296875
204.82,666.27,0.470703125
207.93,666.27,0.39453125

138.37,587.43,0.2490234375
132.17,587.43,0.310546875

96.63,513.23,0.349609375
93.52,505.51,0.4677734375
90.43,499.32,0.4404296875

73.44,391.12,0.2001953125
70.33,391.12,0.2470703125
70.33,389.57,0.18359375

34.78,630.72,0.16796875
36.34,633.81,0.1962890625

23.95,703.37,0.2041015625
23.95,706.48,0.2509765625
25.51,709.57,0.2451171875

54.89,748.22,0.2734375
57.97,751.3,0.3544921875
65.69,752.86,0.2685546875

153.81,725.03,0.26171875
152.28,728.12,0.3056640625
150.72,734.31,0.20703125

211.01,723.48,0.140625
214.1,723.48,0.1435546875
215.65,725.03,0.123046875

265.11,701.84,0.2470703125
265.11,706.48,0.26953125

299.13,728.12,0.2158203125
300.68,731.2,0.3056640625
302.21,731.2,0.3408203125
309.96,734.31,0.234375

391.88,698.74,0.3134765625
393.44,700.29,0.357421875
396.52,701.84,0.23828125

449.09,698.74,0.2080078125
452.17,698.74,0.1865234375

486.19,689.46,0.2763671875
486.19,691.01,0.3193359375
487.72,692.57,0.3017578125

585.11,672.46,0.3212890625
582.03,672.46,0.427734375
577.39,672.46,0.376953125

489.28,694.1,0.322265625
484.64,700.29,0.3857421875

554.2,742.03,0.376953125
555.76,745.11,0.4541015625

623.77,751.3,0.22265625
625.32,751.3,0.279296875

665.51,709.57,0.3017578125
663.95,709.57,0.3828125
663.95,711.12,0.3818359375

651.59,667.83,0.3544921875
660.87,667.83,0.4658203125
667.06,670.91,0.3779296875

705.69,687.93,0.2783203125
705.69,692.57,0.3564453125
707.25,695.65,0.26953125

594.39,708.01,0.3173828125
592.86,708.01,0.416015625
594.39,709.57,0.3232421875

663.95,678.66,0.3486328125
663.95,680.19,0.43359375
665.51,680.19,0.349609375

674.78,650.83,0.26953125
674.78,657.0,0.34375
671.7,657.0,0.33203125

571.2,689.46,0.20703125
571.2,692.57,0.2548828125
572.75,692.57,0.193359375

670.14,684.82,0.3388671875
663.95,692.57,0.412109375
657.79,697.21,0.2724609375

521.74,643.08,0.0478515625
512.46,643.08,0.126953125
507.83,644.64,0.1748046875
510.91,644.64,0.1767578125
527.93,643.08,0.10546875

599.03,621.45,0.0859375
605.22,619.9,0.1337890625
611.41,616.81,0.22265625
609.86,616.81,0.2568359375
597.5,616.81,0.267578125
585.11,619.9,0.267578125
568.12,623.0,0.275390625
549.57,627.64,0.30078125
531.01,630.72,0.3515625
514.02,632.28,0.4140625
500.1,632.28,0.4462890625
500.1,630.72,0.4140625
529.46,627.64,0.3408203125
565.03,621.45,0.279296875
594.39,619.9,0.3330078125
603.66,621.45,0.359375
594.39,624.53,0.3837890625
571.2,630.72,0.3837890625
554.2,635.36,0.384765625
532.57,638.45,0.421875
520.19,638.45,0.439453125
507.83,635.36,0.4453125
507.83,633.81,0.4404296875
523.29,638.45,0.380859375
541.84,641.55,0.27734375
577.39,644.64,0.130859375
600.58,640.0,0.1357421875
628.41,632.28,0.2412109375
640.77,626.09,0.31640625
651.59,619.9,0.3671875
653.15,615.26,0.357421875
646.96,610.62,0.2626953125
636.13,610.62,0.212890625
625.32,613.73,0.21484375
614.49,616.81,0.2431640625
594.39,624.53,0.3125
575.84,627.64,0.39453125
566.56,627.64,0.4326171875
560.39,627.64,0.4345703125
558.84,627.64,0.4052734375
566.56,629.17,0.3642578125
588.22,632.28,0.3173828125
606.77,630.72,0.3076171875
633.04,627.64,0.333984375
651.59,623.0,0.3837890625
656.23,618.37,0.4345703125
653.15,618.37,0.419921875
639.23,623.0,0.3486328125
623.77,629.17,0.255859375
612.94,633.81,0.2353515625
600.58,635.36,0.2626953125
586.67,632.28,0.1982421875
585.11,629.17,0.1767578125

625.32,585.9,0.1142578125
628.41,582.79,0.1796875
633.04,579.71,0.2373046875
637.68,573.52,0.28515625
634.6,570.43,0.236328125
633.04,568.88,0.22265625

