166.28,534.32,0.0068359375
164.8,534.32,0.1279296875
166.28,534.32,0.14453125
164.8,534.32,0.138671875

133.76,535.8,0.01171875
130.81,534.32,0.1484375
129.33,535.8,0.146484375
130.81,538.75,0.15234375
130.81,543.19,0.1494140625
133.76,549.1,0.150390625
136.72,553.53,0.150390625
141.15,557.97,0.1484375
142.63,559.45,0.1474609375
144.11,559.45,0.1455078125
145.59,559.45,0.1484375
144.11,559.45,0.1669921875
142.63,559.45,0.1640625
141.15,559.45,0.1455078125
139.68,560.92,0.1298828125
138.2,560.92,0.1298828125
136.72,560.92,0.1181640625
138.2,560.92,0.130859375
138.2,559.45,0.1337890625
139.68,559.45,0.1337890625
141.15,557.97,0.1357421875
142.63,557.97,0.1357421875
145.59,556.49,0.1357421875
147.07,556.49,0.134765625
148.55,556.49,0.1337890625
150.02,556.49,0.12109375
151.5,556.49,0.11328125
152.98,555.01,0.1201171875
154.46,555.01,0.1171875
155.94,555.01,0.1123046875
157.41,555.01,0.1142578125
158.89,555.01,0.11328125
161.85,555.01,0.126953125
164.8,553.53,0.126953125
167.76,553.53,0.126953125
172.19,552.06,0.126953125
175.15,552.06,0.126953125
178.11,552.06,0.125
181.06,550.58,0.1279296875
186.97,549.1,0.12890625
191.41,547.62,0.12890625
194.36,547.62,0.1279296875
197.32,546.14,0.126953125
200.28,546.14,0.1259765625
203.23,546.14,0.1259765625
204.71,546.14,0.126953125
207.67,546.14,0.126953125
209.15,546.14,0.125
210.62,546.14,0.126953125
212.1,546.14,0.1220703125
213.58,544.67,0.134765625
215.06,544.67,0.140625
216.54,544.67,0.1396484375
218.01,543.19,0.1416015625
219.49,543.19,0.1376953125
220.97,543.19,0.1416015625
222.45,543.19,0.1318359375
222.45,544.67,0.130859375
223.93,544.67,0.130859375
225.4,546.14,0.1337890625
225.4,547.62,0.1318359375
225.4,549.1,0.130859375
226.88,549.1,0.1298828125
226.88,550.58,0.1328125
228.36,550.58,0.1328125
229.84,550.58,0.140625
231.32,550.58,0.140625
232.79,552.06,0.14453125
234.27,552.06,0.14453125
235.75,552.06,0.1455078125
237.23,550.58,0.1630859375
238.71,549.1,0.1650390625
240.18,549.1,0.1630859375
243.14,547.62,0.1611328125
246.1,544.67,0.162109375
249.05,543.19,0.1611328125
252.01,543.19,0.1513671875
256.44,541.71,0.1494140625
257.92,541.71,0.1484375
259.4,541.71,0.1474609375
262.36,541.71,0.1484375
263.83,540.23,0.1474609375
266.79,540.23,0.1494140625
272.7,538.75,0.150390625
275.66,538.75,0.1484375
280.09,537.27,0.1513671875
284.53,537.27,0.1513671875
288.96,535.8,0.1513671875
293.39,534.32,0.1484375
299.31,534.32,0.1484375
303.74,532.84,0.1494140625
308.18,532.84,0.1494140625
312.61,531.36,0.15625
315.57,531.36,0.15234375
318.52,529.88,0.150390625
321.48,529.88,0.154296875
324.43,528.41,0.1708984375
322.96,528.41,0.0859375

155.94,531.36,0.0146484375
152.98,531.36,0.115234375
154.46,531.36,0.146484375
155.94,531.36,0.146484375
158.89,531.36,0.146484375
163.33,529.88,0.1455078125
167.76,529.88,0.146484375
173.67,528.41,0.1455078125
179.58,526.93,0.1455078125
184.02,525.45,0.14453125
189.93,523.97,0.1435546875
195.84,522.49,0.1435546875
203.23,519.54,0.1435546875
207.67,518.06,0.1416015625
212.1,516.58,0.1416015625
218.01,515.1,0.1416015625
222.45,513.63,0.1416015625
229.84,512.15,0.1396484375
234.27,510.67,0.1357421875
238.71,509.19,0.1357421875
244.62,507.71,0.1337890625
249.05,504.76,0.1337890625
253.49,503.28,0.134765625
256.44,503.28,0.1337890625
257.92,501.8,0.1337890625
262.36,500.32,0.1357421875
266.79,498.85,0.1337890625
271.22,497.37,0.134765625
272.7,495.89,0.134765625
274.18,495.89,0.13671875
275.66,494.41,0.1357421875
277.14,494.41,0.1357421875
278.61,492.93,0.138671875
280.09,491.45,0.138671875
280.09,489.98,0.1455078125
280.09,488.5,0.142578125
281.57,487.02,0.140625
281.57,485.54,0.140625
283.05,485.54,0.138671875
283.05,484.06,0.138671875
284.53,482.59,0.134765625
286.0,482.59,0.1357421875
287.48,481.11,0.1416015625
288.96,479.63,0.146484375
290.44,478.15,0.1455078125
293.39,476.67,0.146484375
296.35,476.67,0.142578125
296.35,475.2,0.142578125
297.83,475.2,0.142578125
299.31,475.2,0.1103515625
300.79,475.2,0.029296875

318.52,469.28,0.0048828125
320.0,469.28,0.1015625
321.48,469.28,0.1083984375
322.96,469.28,0.1171875
325.91,469.28,0.12109375
330.35,470.76,0.1357421875
336.26,470.76,0.1337890625
340.69,470.76,0.1357421875
343.65,472.24,0.134765625
349.56,473.72,0.1337890625
351.04,473.72,0.1337890625
354.0,475.2,0.126953125
355.47,476.67,0.126953125
358.43,478.15,0.12890625
359.91,479.63,0.12890625
364.34,482.59,0.12890625
365.82,484.06,0.12890625
368.78,485.54,0.1279296875
373.21,487.02,0.12890625
374.69,489.98,0.1279296875
379.12,491.45,0.12890625
380.6,492.93,0.12890625
383.56,494.41,0.1298828125
385.03,495.89,0.130859375
387.99,498.85,0.1376953125
390.95,500.32,0.1513671875
392.42,501.8,0.158203125
396.86,501.8,0.1748046875
398.34,503.28,0.1748046875
401.29,504.76,0.1845703125
404.25,504.76,0.18359375
407.21,506.24,0.1826171875
408.68,506.24,0.1826171875
413.12,507.71,0.1884765625
414.6,507.71,0.185546875
417.55,507.71,0.185546875
419.03,507.71,0.18359375
421.99,509.19,0.18359375
423.46,509.19,0.1806640625
424.94,510.67,0.173828125
426.42,510.67,0.173828125
427.9,512.15,0.1728515625
430.85,513.63,0.1748046875
432.33,515.1,0.1728515625
433.81,516.58,0.171875
435.29,516.58,0.173828125
438.24,518.06,0.173828125
439.72,518.06,0.173828125
442.68,518.06,0.173828125
444.16,518.06,0.1767578125
447.11,518.06,0.1728515625
448.59,518.06,0.1748046875
450.07,518.06,0.171875
451.55,518.06,0.173828125
453.03,516.58,0.1748046875
454.5,516.58,0.1748046875
457.46,515.1,0.17578125
458.94,513.63,0.1787109375
460.42,512.15,0.1767578125
461.89,510.67,0.1767578125
466.33,509.19,0.17578125
469.28,506.24,0.1767578125
472.24,504.76,0.1767578125
476.67,500.32,0.17578125
479.63,498.85,0.1767578125
484.06,495.89,0.1767578125
487.02,494.41,0.1787109375
488.5,489.98,0.1787109375
492.93,487.02,0.177734375
497.37,482.59,0.177734375
500.32,479.63,0.1806640625
501.8,478.15,0.18359375
503.28,475.2,0.193359375
503.28,472.24,0.197265625
504.76,470.76,0.19921875
504.76,467.81,0.203125
504.76,466.33,0.201171875
504.76,464.85,0.2119140625
503.28,463.37,0.1357421875

306.7,463.37,0.005859375
302.26,466.33,0.083984375
300.79,466.33,0.0927734375
299.31,466.33,0.091796875
297.83,464.85,0.0986328125
296.35,463.37,0.1083984375
294.87,461.89,0.111328125
293.39,460.42,0.1123046875
293.39,458.94,0.111328125
291.92,458.94,0.11328125
291.92,457.46,0.1123046875
290.44,457.46,0.1103515625
288.96,455.98,0.11328125
287.48,455.98,0.11328125
286.0,455.98,0.111328125
286.0,454.5,0.1123046875
284.53,454.5,0.1123046875
283.05,453.03,0.119140625
281.57,453.03,0.126953125
281.57,451.55,0.1416015625
280.09,451.55,0.140625
278.61,450.07,0.15234375
277.14,450.07,0.1611328125
277.14,448.59,0.15625
277.14,447.11,0.1552734375
277.14,445.64,0.1513671875
278.61,444.16,0.140625
278.61,442.68,0.1357421875
280.09,442.68,0.1357421875
283.05,439.72,0.1357421875
284.53,436.77,0.1357421875
286.0,436.77,0.1318359375
288.96,435.29,0.1318359375
290.44,433.81,0.1259765625
293.39,433.81,0.1240234375
296.35,432.33,0.123046875
299.31,430.85,0.1240234375
302.26,429.38,0.123046875
303.74,429.38,0.12109375
306.7,427.9,0.126953125
308.18,426.42,0.126953125
309.65,424.94,0.130859375
309.65,423.46,0.1337890625
311.13,420.51,0.13671875
311.13,419.03,0.13671875
311.13,417.55,0.140625
309.65,416.07,0.134765625
309.65,414.6,0.1474609375
309.65,413.12,0.146484375
311.13,411.64,0.1484375
312.61,408.68,0.1513671875
314.09,405.73,0.1533203125
317.04,402.77,0.154296875
317.04,401.29,0.15625
318.52,399.82,0.154296875
320.0,398.34,0.15625
321.48,395.38,0.15625
322.96,392.42,0.1513671875
322.96,390.95,0.1484375
324.43,389.47,0.146484375
325.91,387.99,0.1435546875
328.87,385.03,0.134765625
331.82,383.56,0.1259765625
334.78,382.08,0.109375
337.74,380.6,0.1103515625
339.21,379.12,0.1103515625
342.17,376.17,0.107421875
346.61,374.69,0.109375
349.56,373.21,0.1083984375
354.0,371.73,0.1083984375
361.39,370.25,0.1083984375
367.3,367.3,0.111328125
376.17,364.34,0.109375
380.6,362.86,0.1103515625
386.51,362.86,0.109375
393.9,361.39,0.109375
399.82,361.39,0.109375
405.73,359.91,0.109375
410.16,359.91,0.111328125
413.12,359.91,0.1103515625
419.03,359.91,0.111328125
423.46,359.91,0.119140625
426.42,361.39,0.1220703125
432.33,361.39,0.1279296875
435.29,362.86,0.126953125
439.72,362.86,0.126953125
444.16,364.34,0.126953125
447.11,365.82,0.1298828125
450.07,365.82,0.12890625
453.03,367.3,0.12890625
457.46,368.78,0.134765625
460.42,370.25,0.1376953125
464.85,371.73,0.1376953125
467.81,373.21,0.13671875
470.76,374.69,0.13671875
473.72,376.17,0.138671875
475.2,376.17,0.140625
479.63,377.64,0.1572265625
482.59,379.12,0.1611328125
485.54,380.6,0.1591796875
488.5,380.6,0.16015625
491.45,382.08,0.162109375
494.41,382.08,0.1640625
497.37,383.56,0.169921875
500.32,383.56,0.173828125
503.28,385.03,0.1806640625
507.71,385.03,0.1806640625
510.67,386.51,0.1826171875
512.15,386.51,0.1826171875
515.1,386.51,0.181640625
516.58,387.99,0.1845703125
518.06,389.47,0.189453125
521.02,390.95,0.19921875
523.97,390.95,0.201171875
525.45,392.42,0.201171875
528.41,393.9,0.2001953125
529.88,395.38,0.2021484375
531.36,395.38,0.2001953125
532.84,396.86,0.201171875
534.32,398.34,0.205078125
535.8,398.34,0.203125
537.27,399.82,0.203125
538.75,399.82,0.203125
540.23,401.29,0.2021484375
543.19,401.29,0.203125
544.67,402.77,0.203125
546.14,402.77,0.201171875
546.14,404.25,0.2021484375
547.62,405.73,0.203125
546.14,405.73,0.048828125

529.88,407.21,0.00390625
532.84,407.21,0.09765625
537.27,407.21,0.1259765625
541.71,405.73,0.138671875
547.62,405.73,0.1474609375
553.53,405.73,0.1513671875
560.92,404.25,0.1513671875
566.84,404.25,0.146484375
571.27,402.77,0.146484375
575.7,401.29,0.142578125
578.66,401.29,0.140625
581.62,401.29,0.1435546875
583.09,401.29,0.15234375
587.53,399.82,0.173828125
590.48,399.82,0.1748046875
593.44,399.82,0.171875
596.4,399.82,0.173828125
597.88,399.82,0.169921875
600.83,399.82,0.169921875
602.31,399.82,0.1865234375
603.79,399.82,0.185546875
605.27,399.82,0.1826171875
606.74,399.82,0.185546875
608.22,399.82,0.18359375
608.22,401.29,0.1865234375
609.7,401.29,0.1884765625
609.7,402.77,0.193359375
609.7,404.25,0.2021484375
611.18,404.25,0.193359375
611.18,405.73,0.1943359375
611.18,407.21,0.1982421875
611.18,408.68,0.19921875
612.66,410.16,0.2021484375
612.66,411.64,0.2021484375
614.13,414.6,0.20703125
614.13,416.07,0.205078125
615.61,419.03,0.208984375
617.09,420.51,0.208984375
617.09,423.46,0.208984375
618.57,424.94,0.2080078125
620.05,424.94,0.20703125
620.05,426.42,0.20703125
621.52,426.42,0.205078125
623.0,427.9,0.208984375
624.48,427.9,0.1865234375

305.22,547.62,0.0029296875
305.22,543.19,0.12109375
305.22,541.71,0.1279296875
306.7,541.71,0.13671875
308.18,540.23,0.146484375
309.65,540.23,0.150390625
314.09,541.71,0.1650390625
315.57,543.19,0.169921875
318.52,544.67,0.1728515625
322.96,546.14,0.1806640625
325.91,549.1,0.181640625
328.87,552.06,0.1845703125
331.82,553.53,0.1875
334.78,556.49,0.197265625
336.26,557.97,0.197265625
337.74,560.92,0.2021484375
340.69,563.88,0.201171875
342.17,563.88,0.201171875
343.65,565.36,0.2001953125
345.13,565.36,0.2041015625
345.13,563.88,0.2109375
346.61,562.4,0.22265625
348.08,559.45,0.2236328125
349.56,557.97,0.2236328125
351.04,556.49,0.2236328125
354.0,553.53,0.22265625
355.47,553.53,0.2177734375
356.95,553.53,0.2119140625
358.43,553.53,0.21875
361.39,552.06,0.220703125
364.34,552.06,0.22265625
365.82,552.06,0.224609375
368.78,552.06,0.2236328125
370.25,552.06,0.2216796875
371.73,552.06,0.2216796875
371.73,553.53,0.2236328125
373.21,555.01,0.22265625
374.69,556.49,0.2255859375
376.17,556.49,0.2255859375
376.17,557.97,0.2255859375
376.17,559.45,0.2265625
377.64,559.45,0.2216796875
377.64,560.92,0.2216796875
377.64,562.4,0.228515625
377.64,563.88,0.2177734375
379.12,565.36,0.1806640625
379.12,566.84,0.1640625
380.6,568.31,0.1611328125
382.08,569.79,0.1591796875
382.08,571.27,0.1640625
383.56,574.23,0.1640625
383.56,575.7,0.1640625
385.03,575.7,0.162109375
386.51,577.18,0.1708984375
387.99,577.18,0.1748046875
389.47,575.7,0.1796875
390.95,575.7,0.1826171875
392.42,574.23,0.181640625
395.38,572.75,0.1806640625
399.82,571.27,0.1787109375
402.77,571.27,0.1787109375
404.25,569.79,0.1787109375
405.73,569.79,0.1787109375
408.68,569.79,0.177734375
410.16,569.79,0.177734375
414.6,569.79,0.22265625
420.51,569.79,0.2314453125
426.42,568.31,0.2314453125
430.85,568.31,0.2314453125
433.81,569.79,0.2294921875
436.77,571.27,0.228515625
439.72,571.27,0.23046875
441.2,571.27,0.2314453125
445.64,571.27,0.228515625
450.07,572.75,0.2314453125
451.55,572.75,0.23046875
454.5,574.23,0.2265625
455.98,574.23,0.228515625
454.5,575.7,0.1689453125
453.03,575.7,0.146484375
451.55,575.7,0.1142578125
450.07,575.7,0.0673828125
448.59,577.18,0.017578125
447.11,577.18,0.0

441.2,575.7,0.001953125
441.2,574.23,0.0380859375
441.2,572.75,0.0537109375
442.68,572.75,0.0556640625
444.16,572.75,0.0654296875
445.64,572.75,0.0888671875
447.11,572.75,0.1015625
448.59,574.23,0.1318359375
450.07,575.7,0.13671875
451.55,575.7,0.142578125
451.55,577.18,0.1474609375
453.03,577.18,0.16015625
453.03,578.66,0.1640625
454.5,580.14,0.162109375
454.5,581.62,0.162109375
454.5,583.09,0.162109375
455.98,586.05,0.1552734375
455.98,589.01,0.140625
458.94,591.96,0.1318359375
460.42,593.44,0.140625
461.89,596.4,0.140625
463.37,599.35,0.1279296875
466.33,602.31,0.1279296875
467.81,605.27,0.1259765625
469.28,608.22,0.1396484375
472.24,609.7,0.140625
475.2,612.66,0.1630859375
478.15,615.61,0.1806640625
482.59,617.09,0.18359375
487.02,621.52,0.185546875
491.45,623.0,0.185546875
495.89,625.96,0.2041015625
501.8,627.44,0.2216796875
503.28,628.91,0.234375
509.19,630.39,0.2568359375
512.15,631.87,0.2578125
515.1,633.35,0.259765625
518.06,636.3,0.2626953125
519.54,637.78,0.26171875
522.49,637.78,0.26171875
525.45,639.26,0.2646484375
528.41,639.26,0.2666015625
532.84,639.26,0.2666015625
537.27,639.26,0.267578125
541.71,639.26,0.267578125
544.67,639.26,0.2666015625
547.62,639.26,0.2646484375
552.06,640.74,0.2685546875
555.01,640.74,0.265625
557.97,640.74,0.265625
559.45,642.22,0.265625
560.92,642.22,0.265625
562.4,643.7,0.2646484375
565.36,643.7,0.2734375
566.84,643.7,0.28125
569.79,643.7,0.28125
572.75,643.7,0.283203125
577.18,643.7,0.2841796875
580.14,643.7,0.283203125
581.62,643.7,0.28515625
584.57,642.22,0.28515625
587.53,642.22,0.28515625
590.48,640.74,0.28515625
591.96,640.74,0.28515625
594.92,639.26,0.283203125
597.88,637.78,0.2841796875
599.35,637.78,0.28125
602.31,636.3,0.2724609375
603.79,634.83,0.2744140625
606.74,634.83,0.267578125
608.22,633.35,0.2685546875
609.7,631.87,0.2685546875
612.66,630.39,0.26953125
614.13,628.91,0.26953125
615.61,627.44,0.265625
618.57,625.96,0.2626953125
620.05,624.48,0.251953125
621.52,623.0,0.2509765625
624.48,620.05,0.2421875
625.96,618.57,0.232421875
627.44,615.61,0.23046875
628.91,614.13,0.23046875
631.87,611.18,0.228515625
633.35,609.7,0.2353515625
634.83,606.74,0.2353515625
636.3,603.79,0.2353515625
637.78,602.31,0.232421875
639.26,597.88,0.234375
640.74,596.4,0.23828125
642.22,593.44,0.2392578125
643.7,590.48,0.2421875
643.7,586.05,0.2412109375
645.17,581.62,0.240234375
646.65,578.66,0.240234375
648.13,575.7,0.240234375
648.13,572.75,0.240234375
649.61,568.31,0.2392578125
649.61,566.84,0.2392578125
651.09,563.88,0.234375
652.56,562.4,0.232421875
654.04,560.92,0.23046875
655.52,559.45,0.2255859375
657.0,559.45,0.2255859375
658.48,557.97,0.2333984375
659.95,556.49,0.2412109375
662.91,556.49,0.2421875
665.87,553.53,0.2470703125
670.3,552.06,0.2490234375
673.26,550.58,0.2490234375
676.21,549.1,0.2509765625
679.17,547.62,0.2529296875
680.65,546.14,0.2568359375
683.6,544.67,0.2607421875
685.08,544.67,0.2607421875
688.04,543.19,0.2607421875
689.52,541.71,0.2626953125
690.99,541.71,0.2607421875
692.47,540.23,0.267578125
693.95,538.75,0.2724609375
695.43,535.8,0.271484375
696.91,534.32,0.2724609375
696.91,532.84,0.2744140625
696.91,529.88,0.27734375
696.91,526.93,0.2783203125
696.91,525.45,0.2783203125
698.38,521.02,0.2822265625
698.38,519.54,0.2861328125
698.38,516.58,0.2919921875
698.38,515.1,0.298828125
698.38,513.63,0.30859375
698.38,510.67,0.314453125
698.38,509.19,0.3212890625
698.38,507.71,0.326171875
698.38,506.24,0.33203125
698.38,504.76,0.337890625
698.38,503.28,0.34765625
698.38,501.8,0.3681640625
698.38,500.32,0.3681640625
698.38,498.85,0.373046875
698.38,497.37,0.3740234375
698.38,495.89,0.3740234375
698.38,494.41,0.3759765625
698.38,492.93,0.3720703125
698.38,491.45,0.373046875
699.86,491.45,0.2607421875
701.34,491.45,0.21875
702.82,489.98,0.2109375
704.3,488.5,0.2109375
705.77,487.02,0.23046875
707.25,485.54,0.2568359375
710.21,484.06,0.29296875
713.16,482.59,0.3134765625
714.64,481.11,0.3271484375
716.12,479.63,0.3330078125
717.6,478.15,0.3330078125
720.55,475.2,0.333984375
720.55,473.72,0.3359375
722.03,472.24,0.3359375
723.51,470.76,0.3359375
723.51,467.81,0.337890625
724.99,466.33,0.33984375

631.87,393.9,0.02734375
633.35,393.9,0.19140625
636.3,395.38,0.208984375
640.74,395.38,0.216796875
645.17,395.38,0.2216796875
649.61,395.38,0.22265625
657.0,395.38,0.21875
661.43,395.38,0.2060546875
665.87,395.38,0.1982421875
668.82,395.38,0.1923828125
673.26,395.38,0.1884765625
676.21,395.38,0.1865234375
677.69,395.38,0.1845703125
679.17,395.38,0.185546875
680.65,395.38,0.18359375
682.12,396.86,0.18359375
683.6,396.86,0.18359375
685.08,398.34,0.1806640625
686.56,399.82,0.18359375
688.04,401.29,0.185546875
690.99,404.25,0.1904296875
692.47,407.21,0.1953125
692.47,408.68,0.1962890625
695.43,413.12,0.19921875
695.43,416.07,0.2001953125
696.91,419.03,0.203125
698.38,421.99,0.2060546875
699.86,424.94,0.2080078125
701.34,424.94,0.2060546875
702.82,426.42,0.205078125
702.82,427.9,0.20703125
704.3,427.9,0.205078125
705.77,427.9,0.2060546875
707.25,426.42,0.2216796875
708.73,426.42,0.2216796875
710.21,426.42,0.2197265625
713.16,424.94,0.224609375
716.12,423.46,0.2294921875
719.08,423.46,0.2333984375
720.55,423.46,0.234375
722.03,423.46,0.2314453125
723.51,423.46,0.2373046875
724.99,423.46,0.2353515625
726.47,423.46,0.2333984375
727.94,423.46,0.234375
729.42,421.99,0.2421875
730.9,421.99,0.2470703125
732.38,421.99,0.2578125
732.38,423.46,0.265625
732.38,426.42,0.283203125
732.38,429.38,0.2841796875
732.38,433.81,0.2890625
732.38,438.24,0.2890625
732.38,441.2,0.2919921875
732.38,445.64,0.298828125
732.38,448.59,0.298828125
732.38,451.55,0.298828125
732.38,454.5,0.3017578125
730.9,457.46,0.3046875
729.42,458.94,0.306640625
729.42,460.42,0.30859375
727.94,461.89,0.3134765625
724.99,463.37,0.318359375
724.99,464.85,0.3203125
723.51,464.85,0.318359375
720.55,466.33,0.322265625
720.55,467.81,0.3330078125
719.08,467.81,0.3408203125
719.08,469.28,0.34765625
717.6,469.28,0.34765625
716.12,467.81,0.029296875

322.96,453.03,0.0048828125
321.48,453.03,0.1455078125
321.48,451.55,0.2060546875
322.96,448.59,0.2197265625
322.96,445.64,0.216796875
324.43,444.16,0.21875
325.91,441.2,0.216796875
327.39,438.24,0.216796875
328.87,433.81,0.21484375
331.82,430.85,0.2138671875
334.78,427.9,0.2119140625
339.21,423.46,0.212890625
340.69,420.51,0.2119140625
345.13,417.55,0.2109375
348.08,414.6,0.2099609375
351.04,411.64,0.2080078125
355.47,410.16,0.208984375
358.43,407.21,0.208984375
362.86,405.73,0.2060546875
368.78,402.77,0.2080078125
371.73,401.29,0.205078125
374.69,401.29,0.2060546875
379.12,401.29,0.205078125
382.08,399.82,0.2041015625
385.03,399.82,0.2060546875
387.99,398.34,0.22265625
393.9,396.86,0.2255859375
395.38,396.86,0.2216796875
399.82,395.38,0.224609375
401.29,395.38,0.2314453125
404.25,395.38,0.2275390625
408.68,393.9,0.2578125
411.64,393.9,0.2587890625
416.07,392.42,0.2607421875
417.55,392.42,0.2607421875
420.51,392.42,0.2705078125
423.46,392.42,0.2783203125
426.42,392.42,0.294921875
429.38,392.42,0.2958984375
432.33,392.42,0.2978515625
433.81,392.42,0.2958984375
435.29,392.42,0.2958984375
438.24,392.42,0.2978515625
439.72,392.42,0.3056640625
442.68,392.42,0.3056640625
444.16,393.9,0.3056640625
447.11,393.9,0.310546875
450.07,395.38,0.314453125
454.5,395.38,0.314453125
457.46,396.86,0.3173828125
460.42,396.86,0.32421875
461.89,398.34,0.322265625
464.85,399.82,0.3349609375
467.81,399.82,0.3623046875
469.28,401.29,0.3876953125
470.76,402.77,0.39453125
473.72,402.77,0.4091796875
476.67,404.25,0.4091796875
478.15,405.73,0.41015625
481.11,407.21,0.41015625
484.06,407.21,0.412109375
485.54,408.68,0.412109375
488.5,408.68,0.4111328125
489.98,410.16,0.412109375
491.45,411.64,0.412109375
491.45,413.12,0.412109375
494.41,414.6,0.4111328125
495.89,416.07,0.4111328125
497.37,417.55,0.412109375
500.32,417.55,0.412109375
500.32,419.03,0.412109375
503.28,420.51,0.4111328125
504.76,420.51,0.4111328125
506.24,421.99,0.41015625
507.71,423.46,0.41015625
509.19,423.46,0.41015625
510.67,424.94,0.41015625
512.15,426.42,0.41015625
513.63,427.9,0.41015625
515.1,427.9,0.41015625
515.1,429.38,0.41015625
516.58,430.85,0.4111328125
516.58,432.33,0.4111328125
518.06,433.81,0.4091796875
518.06,435.29,0.40625
518.06,436.77,0.4091796875
519.54,438.24,0.404296875
519.54,439.72,0.4072265625
519.54,441.2,0.408203125
519.54,442.68,0.4072265625
519.54,444.16,0.4052734375
519.54,445.64,0.4052734375
518.06,447.11,0.4033203125
518.06,448.59,0.40234375
518.06,450.07,0.40234375
519.54,451.55,0.4033203125
519.54,453.03,0.4013671875
519.54,454.5,0.3974609375
521.02,455.98,0.396484375
521.02,457.46,0.396484375
522.49,458.94,0.3955078125
522.49,460.42,0.3916015625
523.97,460.42,0.3935546875
523.97,461.89,0.3935546875
525.45,463.37,0.39453125
525.45,464.85,0.392578125
526.93,464.85,0.392578125
528.41,464.85,0.392578125
529.88,464.85,0.390625
531.36,464.85,0.3916015625
532.84,464.85,0.3935546875
535.8,463.37,0.3935546875
538.75,463.37,0.3935546875
541.71,463.37,0.3935546875
546.14,461.89,0.3935546875
550.58,461.89,0.3935546875
553.53,461.89,0.3837890625
555.01,461.89,0.37890625
556.49,461.89,0.37890625
556.49,460.42,0.35546875
553.53,460.42,0.3173828125
550.58,460.42,0.2138671875
546.14,461.89,0.08203125
544.67,461.89,0.033203125

526.93,466.33,0.0595703125
523.97,464.85,0.171875
522.49,464.85,0.234375
521.02,466.33,0.25390625
519.54,466.33,0.2607421875
516.58,469.28,0.2861328125
513.63,470.76,0.2939453125
512.15,470.76,0.3154296875
510.67,472.24,0.3212890625
510.67,473.72,0.322265625
509.19,475.2,0.3349609375
509.19,476.67,0.3408203125
509.19,475.2,0.310546875
510.67,473.72,0.2890625
510.67,472.24,0.2392578125

349.56,430.85,0.021484375
345.13,435.29,0.1904296875
343.65,439.72,0.228515625
342.17,444.16,0.259765625
342.17,448.59,0.2734375
342.17,454.5,0.294921875
342.17,457.46,0.3134765625
342.17,460.42,0.318359375
342.17,461.89,0.318359375
342.17,463.37,0.3193359375
342.17,461.89,0.2509765625
342.17,457.46,0.2314453125
342.17,455.98,0.2353515625
342.17,457.46,0.2763671875
340.69,460.42,0.2861328125
340.69,463.37,0.31640625
339.21,466.33,0.3408203125
339.21,469.28,0.3583984375
339.21,472.24,0.3642578125
337.74,472.24,0.3642578125
339.21,470.76,0.259765625
340.69,469.28,0.1044921875

673.26,463.37,0.0361328125
676.21,466.33,0.1484375
677.69,467.81,0.1591796875
680.65,469.28,0.1708984375
683.6,472.24,0.1767578125
685.08,473.72,0.1767578125
688.04,476.67,0.1796875
689.52,478.15,0.1796875
689.52,479.63,0.1796875
690.99,481.11,0.1787109375
690.99,482.59,0.1826171875
689.52,484.06,0.1787109375
689.52,487.02,0.1806640625
688.04,489.98,0.1875
688.04,492.93,0.189453125
688.04,497.37,0.2001953125
688.04,500.32,0.2080078125
686.56,503.28,0.2109375
686.56,504.76,0.21484375
686.56,503.28,0.1171875

603.79,519.54,0.0087890625
605.27,519.54,0.08984375
606.74,521.02,0.1083984375
609.7,522.49,0.1259765625
612.66,525.45,0.1318359375
617.09,526.93,0.12890625
620.05,528.41,0.1298828125
623.0,531.36,0.130859375
624.48,531.36,0.130859375
627.44,532.84,0.130859375
627.44,534.32,0.130859375
628.91,535.8,0.1328125
630.39,538.75,0.12890625
631.87,540.23,0.1279296875
633.35,543.19,0.130859375
634.83,546.14,0.1318359375
636.3,550.58,0.130859375
637.78,555.01,0.1416015625
639.26,559.45,0.1533203125
640.74,562.4,0.1728515625
640.74,565.36,0.193359375
640.74,566.84,0.201171875
639.26,566.84,0.216796875
637.78,565.36,0.181640625
634.83,563.88,0.0712890625

528.41,521.02,0.0078125
532.84,521.02,0.091796875
537.27,521.02,0.1337890625
541.71,521.02,0.1484375
547.62,521.02,0.1552734375
555.01,519.54,0.158203125
559.45,518.06,0.1572265625
565.36,518.06,0.15625
569.79,518.06,0.158203125
574.23,516.58,0.158203125
578.66,516.58,0.1572265625
583.09,515.1,0.1640625
587.53,513.63,0.1640625
591.96,513.63,0.1611328125
594.92,512.15,0.1630859375
597.88,512.15,0.16015625
600.83,512.15,0.16015625
605.27,510.67,0.1630859375
608.22,507.71,0.15625
609.7,506.24,0.1455078125
612.66,506.24,0.1396484375
612.66,504.76,0.1396484375
612.66,503.28,0.140625
614.13,501.8,0.140625
615.61,500.32,0.1357421875
617.09,498.85,0.130859375
617.09,495.89,0.12890625
618.57,492.93,0.119140625
620.05,489.98,0.119140625
620.05,487.02,0.1171875
620.05,485.54,0.1162109375
621.52,484.06,0.115234375
621.52,482.59,0.1298828125
623.0,482.59,0.1396484375
623.0,484.06,0.16796875
621.52,484.06,0.1728515625
621.52,485.54,0.1728515625
620.05,489.98,0.201171875
618.57,492.93,0.2265625
617.09,494.41,0.236328125
615.61,495.89,0.2470703125
614.13,497.37,0.259765625
612.66,497.37,0.130859375

283.05,489.98,0.0234375
280.09,492.93,0.1826171875
278.61,492.93,0.197265625
277.14,494.41,0.2109375
275.66,495.89,0.224609375
274.18,497.37,0.24609375
272.7,497.37,0.2548828125
269.75,497.37,0.2734375
266.79,497.37,0.2880859375
265.31,495.89,0.29296875
263.83,495.89,0.302734375
262.36,494.41,0.302734375
260.88,494.41,0.3125
259.4,494.41,0.3173828125
257.92,495.89,0.3232421875
257.92,497.37,0.326171875
256.44,498.85,0.3251953125
256.44,501.8,0.3251953125
256.44,503.28,0.3291015625
256.44,504.76,0.3291015625
256.44,506.24,0.3330078125
256.44,507.71,0.3359375
254.97,507.71,0.3427734375
253.49,509.19,0.359375
252.01,509.19,0.365234375
252.01,510.67,0.3623046875
250.53,510.67,0.3642578125
250.53,509.19,0.150390625

249.05,510.67,0.001953125
247.58,510.67,0.1806640625
246.1,510.67,0.19140625
244.62,510.67,0.1982421875
243.14,510.67,0.212890625
241.66,512.15,0.2255859375
237.23,512.15,0.2353515625
235.75,512.15,0.2373046875
232.79,513.63,0.2431640625
229.84,513.63,0.244140625
228.36,515.1,0.244140625
226.88,515.1,0.2470703125
225.4,515.1,0.2568359375
223.93,516.58,0.263671875
222.45,516.58,0.2646484375
220.97,516.58,0.2705078125
219.49,518.06,0.267578125
218.01,518.06,0.2724609375
216.54,518.06,0.2822265625
215.06,518.06,0.2822265625
215.06,516.58,0.283203125
213.58,516.58,0.28125
213.58,515.1,0.28125
212.1,515.1,0.283203125
210.62,513.63,0.2890625
209.15,512.15,0.296875
207.67,512.15,0.296875
206.19,512.15,0.3134765625
204.71,512.15,0.314453125
203.23,512.15,0.3212890625
203.23,513.63,0.3212890625
203.23,516.58,0.3271484375
203.23,518.06,0.330078125
203.23,519.54,0.3330078125
203.23,522.49,0.353515625
201.76,523.97,0.4111328125
200.28,523.97,0.4150390625
201.76,523.97,0.2236328125

343.65,432.33,0.0
342.17,432.33,0.1806640625
342.17,433.81,0.18359375
340.69,435.29,0.19921875
340.69,439.72,0.23828125
339.21,444.16,0.2587890625
339.21,448.59,0.2744140625
339.21,454.5,0.28515625
339.21,458.94,0.2958984375
340.69,463.37,0.306640625
340.69,466.33,0.31640625
340.69,467.81,0.3212890625
340.69,469.28,0.3232421875
340.69,467.81,0.0205078125

478.15,423.46,0.0029296875
479.63,426.42,0.166015625
481.11,430.85,0.185546875
482.59,436.77,0.1923828125
482.59,441.2,0.205078125
484.06,447.11,0.2119140625
484.06,455.98,0.2265625
484.06,461.89,0.232421875
481.11,469.28,0.2490234375
479.63,473.72,0.2607421875
476.67,479.63,0.2705078125
473.72,485.54,0.2783203125
472.24,488.5,0.287109375
469.28,492.93,0.3076171875
467.81,495.89,0.32421875
466.33,497.37,0.3359375
463.37,500.32,0.353515625
461.89,501.8,0.3642578125
461.89,503.28,0.37109375
460.42,504.76,0.3828125
458.94,506.24,0.412109375
457.46,506.24,0.423828125
458.94,504.76,0.31640625
460.42,503.28,0.2685546875
460.42,501.8,0.2607421875
461.89,500.32,0.2451171875
458.94,503.28,0.3515625
458.94,504.76,0.3779296875
457.46,504.76,0.3857421875
455.98,506.24,0.40234375
455.98,504.76,0.2822265625
457.46,503.28,0.044921875

543.19,396.86,0.005859375
541.71,395.38,0.1572265625
544.67,393.9,0.244140625
547.62,393.9,0.2626953125
552.06,392.42,0.2705078125
556.49,392.42,0.2783203125
562.4,392.42,0.27734375
569.79,392.42,0.2822265625
575.7,392.42,0.2822265625
581.62,392.42,0.2841796875
587.53,390.95,0.283203125
594.92,390.95,0.2841796875
599.35,390.95,0.2822265625
602.31,390.95,0.2861328125
605.27,390.95,0.2841796875
606.74,390.95,0.2841796875
609.7,389.47,0.2919921875
612.66,387.99,0.29296875
614.13,387.99,0.2998046875
615.61,387.99,0.3203125
615.61,390.95,0.357421875
617.09,393.9,0.3671875
617.09,396.86,0.3740234375
618.57,399.82,0.3818359375
618.57,402.77,0.3876953125
618.57,404.25,0.3974609375
620.05,404.25,0.2255859375

621.52,402.77,0.0517578125
623.0,402.77,0.1943359375
625.96,401.29,0.2373046875
627.44,401.29,0.2509765625
630.39,401.29,0.265625
634.83,401.29,0.2666015625
636.3,401.29,0.265625
637.78,401.29,0.265625
639.26,401.29,0.25390625
640.74,401.29,0.140625

442.68,575.7,0.037109375
442.68,574.23,0.1455078125
444.16,575.7,0.1953125
445.64,577.18,0.2275390625
450.07,578.66,0.2470703125
451.55,581.62,0.255859375
453.03,583.09,0.263671875
455.98,586.05,0.2802734375
457.46,589.01,0.28515625
458.94,590.48,0.2939453125
460.42,593.44,0.302734375
460.42,594.92,0.3076171875
461.89,596.4,0.3115234375
463.37,599.35,0.3212890625
464.85,600.83,0.32421875
464.85,602.31,0.326171875
467.81,603.79,0.328125
467.81,605.27,0.3291015625
469.28,606.74,0.33203125
470.76,608.22,0.33203125
470.76,609.7,0.337890625
472.24,609.7,0.3388671875
472.24,611.18,0.3408203125
472.24,612.66,0.357421875
472.24,614.13,0.3583984375
470.76,617.09,0.3623046875
469.28,618.57,0.3662109375
467.81,621.52,0.3701171875
467.81,623.0,0.3720703125
467.81,624.48,0.376953125
467.81,625.96,0.3818359375
467.81,627.44,0.37890625
469.28,627.44,0.37890625
470.76,627.44,0.380859375
476.67,625.96,0.3876953125
479.63,625.96,0.3876953125
484.06,625.96,0.3837890625
485.54,625.96,0.3828125
488.5,627.44,0.3818359375
489.98,628.91,0.3857421875
491.45,628.91,0.259765625

577.18,649.61,0.02734375
578.66,654.04,0.22265625
578.66,655.52,0.244140625
580.14,655.52,0.2509765625
581.62,658.48,0.27734375
583.09,659.95,0.2841796875
584.57,659.95,0.29296875
587.53,661.43,0.2978515625
589.01,659.95,0.2998046875
590.48,658.48,0.30078125
593.44,655.52,0.3037109375
594.92,652.56,0.3037109375
594.92,649.61,0.3056640625
594.92,648.13,0.306640625
596.4,648.13,0.3134765625
596.4,646.65,0.3125
596.4,645.17,0.3134765625
597.88,645.17,0.3173828125
599.35,645.17,0.2529296875

695.43,523.97,0.0517578125
692.47,529.88,0.2421875
690.99,532.84,0.2890625
690.99,534.32,0.3037109375
689.52,535.8,0.333984375
690.99,534.32,0.2158203125
690.99,532.84,0.1552734375

354.0,436.77,0.015625
354.0,435.29,0.2822265625
355.47,433.81,0.2919921875
356.95,432.33,0.302734375
358.43,430.85,0.314453125
362.86,426.42,0.310546875
365.82,423.46,0.3125
370.25,420.51,0.3154296875
376.17,417.55,0.3232421875
380.6,414.6,0.3232421875
385.03,411.64,0.3251953125
390.95,408.68,0.3212890625
393.9,408.68,0.3193359375
396.86,407.21,0.3193359375
398.34,407.21,0.318359375
398.34,405.73,0.294921875
399.82,404.25,0.2470703125
401.29,404.25,0.2177734375
402.77,402.77,0.2646484375
404.25,402.77,0.2861328125
404.25,401.29,0.2900390625
407.21,401.29,0.3193359375
408.68,399.82,0.3154296875
410.16,399.82,0.32421875
411.64,399.82,0.3251953125
413.12,399.82,0.330078125
413.12,398.34,0.3310546875
414.6,398.34,0.3349609375
416.07,398.34,0.353515625
416.07,396.86,0.3544921875
416.07,395.38,0.3515625
417.55,395.38,0.3515625
419.03,395.38,0.353515625
420.51,393.9,0.365234375
421.99,393.9,0.35546875
421.99,395.38,0.26171875

642.22,419.03,0.0068359375

686.56,423.46,0.0009765625
690.99,423.46,0.0107421875
692.47,423.46,0.0087890625
693.95,423.46,0.0107421875
692.47,424.94,0.14453125
690.99,426.42,0.1728515625
689.52,429.38,0.205078125
689.52,435.29,0.21875
689.52,439.72,0.2294921875
689.52,444.16,0.2294921875
692.47,447.11,0.23046875
693.95,450.07,0.2294921875
696.91,454.5,0.2314453125
698.38,455.98,0.2275390625
701.34,457.46,0.2333984375
704.3,458.94,0.236328125
707.25,461.89,0.2431640625
708.73,463.37,0.2646484375
710.21,464.85,0.2646484375
708.73,463.37,0.0498046875

642.22,432.33,0.0087890625
639.26,432.33,0.1357421875
639.26,433.81,0.1416015625
639.26,436.77,0.1640625
637.78,439.72,0.1640625
637.78,445.64,0.01953125

309.65,461.89,0.015625
311.13,461.89,0.2470703125
314.09,461.89,0.2841796875
315.57,461.89,0.2890625
318.52,463.37,0.294921875
322.96,461.89,0.296875
328.87,460.42,0.2978515625
333.3,458.94,0.2978515625
337.74,455.98,0.2978515625
342.17,453.03,0.2978515625
345.13,451.55,0.296875
346.61,451.55,0.2958984375
348.08,450.07,0.294921875
349.56,450.07,0.2978515625
349.56,448.59,0.2978515625
351.04,448.59,0.306640625
349.56,448.59,0.2275390625
349.56,450.07,0.119140625

325.91,435.29,0.0400390625
324.43,438.24,0.22265625
325.91,439.72,0.244140625
327.39,441.2,0.2724609375
328.87,444.16,0.2802734375
330.35,445.64,0.2939453125
333.3,445.64,0.3037109375
336.26,445.64,0.3076171875
340.69,444.16,0.3134765625
345.13,441.2,0.3134765625
346.61,439.72,0.3154296875
348.08,439.72,0.3154296875
349.56,439.72,0.3037109375
351.04,439.72,0.154296875

320.0,532.84,0.0068359375
317.04,531.36,0.0732421875
317.04,529.88,0.0732421875
320.0,528.41,0.1005859375
321.48,528.41,0.1044921875
324.43,528.41,0.109375
330.35,526.93,0.1142578125
334.78,526.93,0.1142578125
339.21,526.93,0.1162109375
345.13,526.93,0.1162109375
348.08,528.41,0.125
352.52,528.41,0.130859375
356.95,529.88,0.1494140625
361.39,531.36,0.158203125
364.34,531.36,0.16015625
368.78,532.84,0.1640625
373.21,534.32,0.16796875
376.17,535.8,0.17578125
380.6,537.27,0.1796875
383.56,537.27,0.18359375
386.51,538.75,0.1904296875
392.42,538.75,0.1953125
398.34,538.75,0.2109375
402.77,538.75,0.2158203125
407.21,538.75,0.216796875
410.16,538.75,0.2138671875
411.64,538.75,0.2138671875
416.07,538.75,0.2158203125
421.99,537.27,0.2158203125
426.42,535.8,0.2138671875
429.38,535.8,0.212890625
432.33,535.8,0.21484375
436.77,534.32,0.2138671875
438.24,534.32,0.216796875
441.2,532.84,0.2158203125
442.68,532.84,0.2138671875
445.64,531.36,0.2158203125
448.59,529.88,0.216796875
450.07,528.41,0.2197265625
451.55,526.93,0.21875
453.03,525.45,0.2197265625
454.5,525.45,0.2099609375
455.98,523.97,0.21875
457.46,523.97,0.2216796875
457.46,522.49,0.2333984375
458.94,522.49,0.236328125
458.94,521.02,0.265625
458.94,519.54,0.2802734375
458.94,518.06,0.294921875
457.46,518.06,0.333984375
455.98,519.54,0.373046875
454.5,522.49,0.37890625
453.03,525.45,0.39453125
451.55,528.41,0.4130859375
450.07,525.45,0.4296875
450.07,521.02,0.4248046875
450.07,518.06,0.4248046875
450.07,516.58,0.4248046875
447.11,521.02,0.427734375
445.64,522.49,0.43359375
444.16,525.45,0.443359375
442.68,525.45,0.4462890625
442.68,526.93,0.4462890625
442.68,525.45,0.41015625
441.2,523.97,0.3388671875
439.72,521.02,0.041015625

339.21,484.06,0.001953125
336.26,485.54,0.095703125
333.3,488.5,0.1025390625
328.87,491.45,0.1123046875
324.43,494.41,0.1328125
320.0,498.85,0.15625
317.04,500.32,0.1728515625
314.09,504.76,0.19921875
314.09,506.24,0.20703125
312.61,507.71,0.2177734375
311.13,510.67,0.2431640625
311.13,513.63,0.265625
311.13,516.58,0.283203125
312.61,516.58,0.294921875
314.09,518.06,0.30078125
317.04,519.54,0.3017578125
320.0,519.54,0.3056640625
322.96,521.02,0.3125
324.43,521.02,0.314453125
325.91,521.02,0.314453125
327.39,521.02,0.3134765625
325.91,521.02,0.333984375
324.43,521.02,0.33203125
321.48,519.54,0.3291015625
320.0,519.54,0.3291015625
317.04,519.54,0.3251953125
315.57,519.54,0.3251953125
317.04,521.02,0.3193359375
318.52,521.02,0.3193359375
321.48,521.02,0.3232421875
324.43,521.02,0.259765625
327.39,521.02,0.10546875

333.3,487.02,0.00390625
334.78,485.54,0.19140625
331.82,487.02,0.2109375
328.87,491.45,0.2197265625
322.96,497.37,0.2548828125
320.0,503.28,0.2861328125
317.04,507.71,0.3134765625
317.04,510.67,0.3154296875
318.52,512.15,0.31640625
320.0,512.15,0.3115234375
322.96,509.19,0.2138671875
325.91,507.71,0.001953125

294.87,473.72,0.0107421875
296.35,472.24,0.2138671875
296.35,473.72,0.23828125
296.35,476.67,0.2763671875
296.35,479.63,0.2958984375
297.83,482.59,0.310546875
297.83,485.54,0.3212890625
297.83,487.02,0.3251953125
296.35,489.98,0.3330078125
294.87,491.45,0.337890625
293.39,492.93,0.3408203125
291.92,494.41,0.3466796875
291.92,495.89,0.3564453125
291.92,494.41,0.359375
293.39,489.98,0.3447265625
297.83,485.54,0.326171875
300.79,481.11,0.3076171875
305.22,476.67,0.30078125
306.7,473.72,0.302734375
305.22,475.2,0.3203125
303.74,475.2,0.3212890625
300.79,478.15,0.333984375
300.79,479.63,0.3427734375
299.31,481.11,0.3505859375
299.31,479.63,0.3857421875
297.83,479.63,0.38671875
297.83,478.15,0.3896484375
296.35,476.67,0.38671875
296.35,473.72,0.388671875
294.87,472.24,0.3896484375
294.87,470.76,0.3876953125
294.87,469.28,0.34765625
297.83,470.76,0.0458984375

566.84,534.32,0.001953125
565.36,540.23,0.0283203125
565.36,547.62,0.0517578125
565.36,556.49,0.0537109375
565.36,565.36,0.0537109375
566.84,578.66,0.052734375
568.31,586.05,0.06640625
569.79,593.44,0.07421875
572.75,600.83,0.080078125
577.18,608.22,0.08203125
578.66,614.13,0.087890625
581.62,620.05,0.0859375
583.09,623.0,0.0859375
584.57,625.96,0.087890625
587.53,628.91,0.08984375
589.01,630.39,0.0869140625
589.01,628.91,0.0673828125
589.01,627.44,0.0029296875

591.96,522.49,0.013671875
589.01,525.45,0.1005859375
589.01,526.93,0.1025390625
587.53,529.88,0.103515625
587.53,537.27,0.1162109375
587.53,544.67,0.1220703125
587.53,556.49,0.12890625
589.01,566.84,0.1259765625
590.48,575.7,0.123046875
591.96,584.57,0.1142578125
594.92,594.92,0.099609375
596.4,600.83,0.095703125
599.35,606.74,0.107421875
600.83,611.18,0.1103515625
603.79,614.13,0.111328125
605.27,618.57,0.1123046875
606.74,621.52,0.1123046875
608.22,623.0,0.1103515625
609.7,624.48,0.1103515625
611.18,625.96,0.107421875
612.66,627.44,0.1025390625
612.66,628.91,0.1015625
612.66,627.44,0.0703125
612.66,625.96,0.0673828125
612.66,624.48,0.0546875
611.18,623.0,0.0166015625

543.19,535.8,0.0068359375
541.71,534.32,0.015625
540.23,534.32,0.0205078125
538.75,532.84,0.0400390625
537.27,532.84,0.0478515625
537.27,531.36,0.0498046875
537.27,532.84,0.0498046875
537.27,534.32,0.0634765625
537.27,535.8,0.0654296875
537.27,538.75,0.064453125
537.27,541.71,0.0693359375
537.27,546.14,0.0693359375
537.27,553.53,0.0703125
537.27,560.92,0.0693359375
537.27,571.27,0.0693359375
537.27,580.14,0.0712890625
537.27,587.53,0.0712890625
537.27,594.92,0.0712890625
538.75,603.79,0.0693359375
538.75,611.18,0.0693359375
540.23,615.61,0.0712890625
541.71,623.0,0.0712890625
543.19,627.44,0.0751953125
543.19,631.87,0.087890625
544.67,633.35,0.095703125
544.67,634.83,0.1103515625
546.14,634.83,0.1201171875
546.14,636.3,0.1484375
546.14,634.83,0.1474609375
544.67,633.35,0.0302734375

507.71,544.67,0.00390625
506.24,550.58,0.099609375
504.76,552.06,0.109375
504.76,557.97,0.126953125
504.76,565.36,0.1376953125
504.76,574.23,0.140625
507.71,589.01,0.1416015625
509.19,599.35,0.13671875
512.15,611.18,0.12109375
513.63,614.13,0.1181640625
516.58,620.05,0.1162109375
518.06,623.0,0.119140625
519.54,624.48,0.1181640625
519.54,623.0,0.09375
518.06,623.0,0.0703125
518.06,621.52,0.0439453125

488.5,544.67,0.00390625
485.54,549.1,0.0869140625
485.54,553.53,0.1015625
484.06,560.92,0.1181640625
482.59,572.75,0.1259765625
481.11,578.66,0.130859375
481.11,587.53,0.14453125
482.59,591.96,0.1513671875
484.06,596.4,0.15234375
484.06,597.88,0.15234375
484.06,599.35,0.1533203125
484.06,596.4,0.1103515625
484.06,593.44,0.037109375
482.59,591.96,0.005859375

464.85,566.84,0.001953125
460.42,572.75,0.1171875
458.94,574.23,0.1201171875
457.46,575.7,0.1201171875

543.19,416.07,0.0146484375
541.71,416.07,0.1259765625
543.19,417.55,0.1494140625
546.14,420.51,0.1748046875
549.1,423.46,0.193359375
553.53,427.9,0.205078125
557.97,430.85,0.2060546875
560.92,432.33,0.2060546875
565.36,433.81,0.20703125
568.31,433.81,0.205078125
569.79,433.81,0.2158203125
569.79,430.85,0.21875
569.79,427.9,0.21875
569.79,426.42,0.22265625
569.79,421.99,0.2197265625
569.79,419.03,0.2421875
571.27,417.55,0.251953125
571.27,414.6,0.26171875
572.75,413.12,0.275390625
574.23,413.12,0.2841796875
572.75,413.12,0.32421875

