423.87,222.78,0.07999999999999999
422.42,222.78,0.07999999999999999
416.64,222.78,0.050127777099609375
410.85,224.23,0.06171807861328125
406.51,225.68,0.06638177490234375
399.28,228.57,0.07591836547851563
394.94,230.02,0.08164657592773436
380.47,240.14,0.08781311035156249
373.24,247.38,0.09281481933593749
360.22,261.84,0.09420645141601562
350.09,276.31,0.09677450561523437
344.3,292.22,0.09921401977539063
342.86,302.35,0.09824502563476561
341.41,324.05,0.09813781738281249
342.86,341.41,0.09756939697265625
344.3,354.43,0.09805227661132812
347.2,366.0,0.07223272705078124
350.09,370.34,0.05365576171875
351.54,371.79,0.024388610839843748

405.06,413.74,0.07999999999999999
406.51,415.19,0.07999999999999999
410.85,418.08,0.012749664306640623
415.19,418.08,0.02248471069335937
420.98,419.53,0.03378805541992187
432.55,420.98,0.04375350952148437
441.23,420.98,0.053626647949218745
452.8,419.53,0.058575897216796874
467.27,418.08,0.06353775024414063
474.5,416.64,0.0627874755859375
483.18,415.19,0.06233663940429687
487.52,415.19,0.06159454345703125
487.52,413.74,0.06106326293945312

431.1,225.68,0.07999999999999999
432.55,225.68,0.04745578002929687
438.34,227.12,0.04652532958984375
445.57,227.12,0.07178045654296875
452.8,224.23,0.08780062866210937
460.04,222.78,0.09810321044921874
468.72,221.34,0.11117175292968749
477.4,221.34,0.11336343383789062
484.63,221.34,0.11624896240234374
491.86,221.34,0.11431631469726561
496.2,221.34,0.1106163330078125
500.54,221.34,0.07658297729492188
501.99,221.34,0.024362243652343747

504.88,232.91,0.07999999999999999
504.88,234.36,0.07999999999999999
506.33,235.8,0.034727294921875
510.67,237.25,0.028230102539062496
516.46,241.59,0.03712832641601562
523.69,248.82,0.050977783203125
533.82,260.4,0.07061480712890625
549.73,280.65,0.09015188598632812
561.3,295.12,0.0971949462890625
572.88,309.58,0.09789801025390625
583.0,325.5,0.09671704101562499
593.13,339.96,0.09494522094726562
600.36,351.54,0.0958620910644531
606.15,361.66,0.0961015625
609.04,367.45,0.10776516723632812
613.38,373.24,0.10977563476562499
614.83,376.13,0.10430642700195313
613.38,376.13,0.024846923828125
610.49,374.68,0.0
609.04,373.24,0.0

603.25,358.77,0.07999999999999999
603.25,360.22,0.05872088623046875
601.81,363.11,0.07920718383789062
598.92,366.0,0.10022192382812499
591.68,371.79,0.1301298828125
583.0,380.47,0.15888290405273436
571.43,393.49,0.15803881835937497
561.3,405.06,0.18037130737304688
555.52,410.85,0.18816958618164062
546.84,418.08,0.101212158203125
539.6,422.42,0.041526977539062496

471.61,422.42,0.027374999999999997
470.16,422.42,0.022494903564453123
471.61,423.87,0.052681610107421874
475.95,425.32,0.08552246093749999
488.97,429.66,0.12748251342773437
504.88,434.0,0.15947543334960937
516.46,436.89,0.18104559326171876
530.92,436.89,0.14781738281249998
532.37,435.44,0.14706671142578126
533.82,435.44,0.14287969970703124
536.71,435.44,0.08247225952148436

366.0,368.9,0.07999999999999999
360.22,373.24,0.03485855102539062
351.54,381.92,0.039334411621093746
334.18,405.06,0.06360388183593749
324.05,425.32,0.06559371948242186
321.16,432.55,0.06931945800781249
318.26,457.14,0.07498016357421874
322.6,474.5,0.08024951171875
326.94,490.42,0.07416903686523438
332.73,499.1,0.06618670654296875
342.86,515.01,0.059531982421875
350.09,519.35,0.05007009887695312
351.54,520.8,0.04897262573242187
363.11,526.58,0.021247406005859372

371.79,542.5,0.07999999999999999
371.79,543.94,0.07999999999999999
373.24,545.39,0.014921874999999998
374.68,548.28,0.005625
379.02,552.62,0.005625
387.7,555.52,0.005625
390.6,555.52,0.005625
397.83,556.96,0.007897003173828125
406.51,558.41,0.007950653076171875
415.19,558.41,0.008544586181640624
435.44,555.52,0.004886810302734374
448.46,552.62,0.009353271484374998
464.38,548.28,0.022505279541015624
475.95,543.94,0.03653659057617187
487.52,536.71,0.04365432739257812
494.76,530.92,0.05349584960937499
503.44,522.24,0.05860430908203124
506.33,516.46,0.06510604858398437
509.22,510.67,0.0506199951171875
512.12,504.88,0.014310638427734373

519.35,457.14,0.07999999999999999
520.8,458.59,0.07999999999999999
522.24,460.04,0.067270751953125
525.14,467.27,0.08546188354492187
525.14,477.4,0.10266323852539061
525.14,488.97,0.09994308471679687
519.35,503.44,0.09413882446289061
512.12,513.56,0.07812832641601561
507.78,517.9,0.06292169189453124
503.44,519.35,0.005234893798828124

339.96,354.43,0.07999999999999999

347.2,360.22,0.07999999999999999
345.75,360.22,0.07999999999999999
342.86,361.66,0.07999999999999999
341.41,361.66,0.026750823974609372
338.52,361.66,0.027144317626953123
332.73,363.11,0.047353271484375
324.05,367.45,0.052761627197265626
313.92,374.68,0.04512368774414062
302.35,384.81,0.045767211914062494
290.78,394.94,0.039743927001953124
274.86,418.08,0.037874877929687495
260.4,442.68,0.04174310302734375
250.27,468.72,0.048496154785156245
243.04,493.31,0.06026043701171874
241.59,517.9,0.07217239379882812
245.93,532.37,0.07405087280273437
251.72,546.84,0.06339608764648437
257.5,558.41,0.04626672363281249
261.84,565.64,0.011449737548828123

581.56,380.47,0.07999999999999999
580.11,380.47,0.0023749999999999995
580.11,379.02,0.020917144775390622
583.0,379.02,0.047771911621093746
585.9,381.92,0.062273437499999994
590.24,386.26,0.07189349365234375
597.47,394.94,0.08287545776367188
606.15,405.06,0.08472430419921875
614.83,416.64,0.08297515869140625
622.06,429.66,0.08078775024414062
627.85,452.8,0.08197500610351562
629.29,462.93,0.08239843749999999
632.19,490.42,0.08278671264648438
630.74,507.78,0.08279736328125
626.4,523.69,0.07240237426757812
620.61,538.16,0.054214813232421874
616.27,545.39,0.04203781127929687
610.49,551.18,0.013440399169921874

598.92,376.13,0.07999999999999999
600.36,377.58,0.07999999999999999
603.25,381.92,0.0218125
611.93,397.83,0.017089599609375
614.83,405.06,0.017538482666015626
623.51,438.34,0.037957885742187496
626.4,461.48,0.03719586181640625
627.85,494.76,0.03804141235351562
626.4,515.01,0.0404818115234375
622.06,536.71,0.03970272827148437
616.27,554.07,0.06324703979492187
610.49,567.09,0.09901168823242187
600.36,577.22,0.11598114013671874
594.58,583.0,0.12415994262695311
584.45,588.79,0.10078543090820312
583.0,590.24,0.09956399536132812
578.66,591.68,0.056788177490234376
571.43,596.02,0.02150628662109375
567.09,598.92,0.0
564.2,600.36,0.0

283.54,577.22,0.07999999999999999
290.78,585.9,0.029983612060546873

257.5,552.62,0.07999999999999999
257.5,554.07,0.07999999999999999
257.5,556.96,0.071875
258.95,562.75,0.06906234741210937
274.86,580.11,0.10470449829101562
295.12,600.36,0.13457037353515625
308.14,609.04,0.15015606689453126
321.16,616.27,0.16325100708007811
332.73,619.17,0.170784912109375
345.75,623.51,0.17424560546874998
350.09,626.4,0.15949301147460937
354.43,627.85,0.10813485717773437
357.32,627.85,0.05388177490234375
358.77,624.95,0.0096435546875

352.98,543.94,0.07999999999999999
352.98,545.39,0.032
354.43,546.84,0.020616546630859375
357.32,555.52,0.04186077880859374
358.77,562.75,0.05459732055664062
361.66,571.43,0.07678866577148437
364.56,583.0,0.09725546264648437
366.0,590.24,0.10632196044921874
366.0,598.92,0.11224142456054687
364.56,613.38,0.115077880859375
363.11,620.61,0.11651336669921875
361.66,627.85,0.11006259155273436
360.22,627.85,0.09568930053710938
360.22,626.4,0.04638824462890625
360.22,622.06,0.0

364.56,629.29,0.07999999999999999
363.11,629.29,0.03579110717773437
361.66,630.74,0.04485650634765625
358.77,632.19,0.05737380981445312
354.43,636.53,0.07054898071289062
350.09,640.87,0.08282452392578124
345.75,646.65,0.07901724243164061
342.86,648.1,0.07983404541015625
339.96,649.55,0.0823753662109375
338.52,650.99,0.07908660888671874
337.07,652.44,0.07855755615234375
335.62,653.89,0.08004415893554687
335.62,655.33,0.08031555175781249
335.62,656.78,0.0904766845703125
337.07,658.23,0.09250866699218749
341.41,661.12,0.10537142944335937
341.41,662.57,0.10619506835937499
348.64,664.01,0.13424899291992187
352.98,665.46,0.14680657958984372
355.88,665.46,0.14944659423828124
364.56,665.46,0.16000262451171873
376.13,668.35,0.1578990478515625
383.36,668.35,0.16596032714843748
389.15,666.91,0.15019482421874997
393.49,666.91,0.14950579833984376
399.28,666.91,0.14929013061523436
402.17,666.91,0.14891946411132811
403.62,666.91,0.14850988769531248
405.06,666.91,0.13433502197265623
406.51,666.91,0.06205209350585937

487.52,546.84,0.07999999999999999
487.52,548.28,0.07999999999999999
487.52,549.73,0.0657650146484375
490.42,555.52,0.06746347045898438
491.86,564.2,0.08349868774414061
496.2,587.34,0.09904913330078124
494.76,598.92,0.1024700927734375
491.86,610.49,0.10678131103515624
487.52,620.61,0.11714813232421874
483.18,627.85,0.1187884521484375
481.74,630.74,0.124405029296875
481.74,632.19,0.12385867309570313
483.18,632.19,0.012376464843749999
484.63,632.19,0.0
486.08,632.19,0.005326568603515625
487.52,633.63,0.0048787231445312496
488.97,635.08,0.006338531494140625
491.86,636.53,0.004231231689453124
491.86,637.97,0.004544799804687499
493.31,637.97,0.004597839355468749
494.76,639.42,0.010490447998046874
496.2,639.42,0.011282379150390624
497.65,637.97,0.00747637939453125
497.65,633.63,0.006671844482421875
499.1,630.74,0.00708026123046875
500.54,620.61,0.005271484375

525.14,487.52,0.07999999999999999
525.14,486.08,0.07999999999999999
525.14,481.74,0.04153131103515625
526.58,471.61,0.0030673217773437497
526.58,464.38,0.003089447021484375
526.58,461.48,0.0030803222656249998
525.14,457.14,0.00571612548828125
523.69,454.25,0.016974395751953125
522.24,452.8,0.032185363769531246
522.24,449.91,0.0413502197265625
520.8,448.46,0.04708023071289062
520.8,447.02,0.036655029296874996

522.24,441.23,0.07999999999999999
526.58,445.57,0.048444610595703125
530.92,457.14,0.07092117309570312
535.26,471.61,0.08536721801757811
535.26,481.74,0.09201397705078125
535.26,491.86,0.09919665527343749
532.37,501.99,0.10792373657226562
528.03,513.56,0.11590887451171873
522.24,522.24,0.12594149780273436
517.9,529.48,0.13491726684570313
512.12,535.26,0.13486831665039062
509.22,538.16,0.131669677734375
506.33,539.6,0.12467504882812498
504.88,539.6,0.07210824584960937
506.33,539.6,0.03076202392578125
509.22,536.71,0.0
510.67,533.82,0.00047625732421875

532.37,439.78,0.07999999999999999
532.37,438.34,0.07999999999999999
532.37,436.89,0.06399252319335937
533.82,441.23,0.11324063110351561
536.71,449.91,0.13338800048828123
541.05,461.48,0.1532374572753906
542.5,467.27,0.16094610595703124
541.05,490.42,0.1547403869628906
533.82,507.78,0.15864694213867186
529.48,519.35,0.16570660400390622
519.35,533.82,0.16597808837890624
509.22,545.39,0.15961795043945312
504.88,549.73,0.12974862670898438
501.99,549.73,0.09350863647460937
501.99,551.18,0.030305145263671875
501.99,552.62,0.0
501.99,554.07,0.0

500.54,609.04,0.07999999999999999
500.54,610.49,0.010624999999999999
500.54,609.04,0.0030238952636718747

503.44,552.62,0.07999999999999999
504.88,549.73,0.07999999999999999
506.33,548.28,0.02436944580078125
506.33,554.07,0.07825836181640625
507.78,564.2,0.11465722656249999
512.12,581.56,0.16651141357421875
516.46,594.58,0.19877410888671873
516.46,604.7,0.21962097167968747
515.01,614.83,0.21822140502929688
512.12,626.4,0.2029372863769531
509.22,632.19,0.20133642578125
507.78,637.97,0.20119613647460938
504.88,646.65,0.1907274475097656
504.88,653.89,0.151819580078125
504.88,655.33,0.13522567749023437
504.88,658.23,0.08234991455078124
504.88,655.33,0.011722991943359374
504.88,653.89,0.0

507.78,561.3,0.07999999999999999
507.78,558.41,0.04325
507.78,556.96,0.017157745361328122
509.22,556.96,0.03980868530273437
510.67,559.86,0.07378646850585938
510.67,564.2,0.09222039794921874
510.67,568.54,0.10768441772460938
509.22,574.32,0.1257075500488281
507.78,580.11,0.13007040405273437
504.88,590.24,0.13512542724609375
503.44,598.92,0.1470606994628906
500.54,604.7,0.07054254150390624
500.54,606.15,0.021135711669921873
501.99,603.25,0.004988555908203124

529.48,536.71,0.07999999999999999
529.48,535.26,0.04565859985351562
528.03,533.82,0.06885906982421874
526.58,541.05,0.12507769775390626
522.24,549.73,0.16357495117187498
515.01,564.2,0.19939529418945312
509.22,575.77,0.21283590698242189
501.99,590.24,0.2247953186035156
497.65,606.15,0.23490109252929686
494.76,616.27,0.22729818725585937
493.31,620.61,0.2129232482910156
494.76,620.61,0.080935791015625
496.2,617.72,0.0375
497.65,614.83,0.010750976562499999
499.1,611.93,0.0025337219238281247
500.54,609.04,4.43115234375e-05
500.54,607.59,0.0
501.99,609.04,0.033162689208984374
501.99,614.83,0.057133178710937496
501.99,617.72,0.0872310791015625
501.99,622.06,0.12987918090820313
503.44,626.4,0.1620688781738281
504.88,630.74,0.18845068359374997
507.78,633.63,0.2091227416992187
512.12,637.97,0.21784710693359374
515.01,639.42,0.2335897521972656
517.9,640.87,0.2385416259765625
520.8,642.31,0.24280715942382813
526.58,645.21,0.25663497924804685
528.03,646.65,0.262419189453125
529.48,650.99,0.2581659545898437
530.92,656.78,0.2579424743652344
530.92,658.23,0.2542596740722656
530.92,661.12,0.25295462036132815
530.92,665.46,0.2510334777832031
529.48,668.35,0.243415283203125
528.03,671.25,0.17163912963867187
526.58,671.25,0.06539584350585936

442.68,671.25,0.07999999999999999
441.23,671.25,0.07999999999999999
457.14,671.25,0.16869360351562498
480.29,675.59,0.19466436767578124
494.76,677.03,0.1828551330566406
500.54,677.03,0.17268417358398436
507.78,675.59,0.16284051513671874
509.22,675.59,0.1292108154296875

562.75,620.61,0.07999999999999999
562.75,619.17,0.07999999999999999
561.3,617.72,0.06956399536132812
564.2,617.72,0.12646624755859373
567.09,619.17,0.1637805480957031
571.43,622.06,0.208875
575.77,622.06,0.23487499999999997
580.11,626.4,0.26012399291992183
585.9,632.19,0.2633663330078125
587.34,643.76,0.2741528015136719
587.34,648.1,0.271291748046875
587.34,655.33,0.2480083312988281
587.34,661.12,0.24165927124023434
587.34,662.57,0.20724328613281248
583.0,661.12,0.0

526.58,668.35,0.07999999999999999
525.14,669.8,0.09699999999999999
526.58,668.35,0.15718698120117186
536.71,665.46,0.25737399291992186
554.07,665.46,0.3291239929199219
564.2,665.46,0.34631298828125
571.43,665.46,0.35540109252929686
580.11,664.01,0.34018933105468746
583.0,664.01,0.3329359436035156
584.45,662.57,0.32329660034179686
583.0,662.57,0.1456706848144531
583.0,661.12,0.06728256225585937

574.32,598.92,0.07999999999999999
572.88,598.92,0.07235769653320312
574.32,601.81,0.1371260070800781
575.77,604.7,0.170125
580.11,607.59,0.2152510070800781
583.0,610.49,0.2400010070800781
585.9,617.72,0.26757394409179686
587.34,624.95,0.2851914367675781
588.79,632.19,0.2948145141601562
588.79,639.42,0.3041809387207031
590.24,643.76,0.28037445068359373
588.79,643.76,0.05312399291992187

293.67,606.15,0.07999999999999999
292.22,606.15,0.020624999999999998
290.78,604.7,0.1294061279296875
286.44,607.59,0.17951739501953123
279.2,619.17,0.17544210815429687
274.86,627.85,0.1707716369628906
270.52,637.97,0.18177301025390624
267.63,646.65,0.19668637084960935
267.63,653.89,0.19778860473632812
269.08,658.23,0.19423535156249996
270.52,659.67,0.16279046630859376
271.97,659.67,0.1281347961425781
274.86,659.67,0.0987578125
276.31,659.67,0.07418521118164062
277.76,659.67,0.0669827880859375
279.2,659.67,0.04390191650390624
279.2,661.12,0.03762533569335937
279.2,662.57,0.0460423583984375
277.76,662.57,0.06303717041015625
277.76,664.01,0.09971270751953125
280.65,664.01,0.18771710205078124
286.44,662.57,0.25086288452148436
293.67,662.57,0.30274951171875
305.24,662.57,0.334875
312.48,662.57,0.35724999999999996
325.5,661.12,0.3661239929199218
332.73,659.67,0.33579461669921873
337.07,659.67,0.2198313293457031
337.07,661.12,0.051125

426.76,221.34,0.07999999999999999
423.87,221.34,0.06894503784179687
419.53,221.34,0.08561407470703124
405.06,214.1,0.08503973388671875
396.38,211.21,0.08986740112304688
384.81,205.42,0.10293124389648436
370.34,198.19,0.1203983154296875
352.98,189.51,0.13282601928710935
334.18,177.94,0.12440698242187499
315.37,166.37,0.11948654174804688
302.35,159.13,0.11514907836914062
290.78,151.9,0.11759585571289062
280.65,144.67,0.11880187988281249
271.97,137.43,0.12006427001953125
264.74,130.2,0.11290731811523436
258.95,125.86,0.1006466064453125
257.5,122.97,0.1011864013671875
254.61,121.52,0.095798828125
254.61,120.07,0.07995040893554688
253.16,120.07,0.06358367919921874
251.72,121.52,0.0022639770507812498

190.96,86.8,0.07999999999999999
189.51,88.25,0.07999999999999999

189.51,89.69,0.07999999999999999
188.07,88.25,0.024312499999999997
188.07,86.8,0.00575
186.62,86.8,0.014305053710937498
186.62,85.35,0.0456341552734375
188.07,86.8,0.07004913330078125
190.96,91.14,0.10158990478515624
196.75,96.93,0.12742547607421875
205.42,104.16,0.14689141845703124
217.0,114.29,0.16274887084960935
228.57,122.97,0.17607952880859373
240.14,128.75,0.18361846923828123
247.38,133.09,0.16531423950195312
251.72,134.54,0.1598512268066406
256.06,135.99,0.12159188842773436
258.95,138.88,0.07506353759765624
261.84,140.33,0.022167449951171873
260.4,140.33,0.0
258.95,140.33,0.0
256.06,138.88,0.010798583984374999
254.61,137.43,0.03276486206054687
253.16,135.99,0.061314849853515624
251.72,134.54,0.09083062744140624
251.72,133.09,0.10736282348632811
253.16,133.09,0.13106842041015623
256.06,134.54,0.1488133544921875
261.84,134.54,0.16005487060546875
270.52,137.43,0.18353466796874998
276.31,138.88,0.18318939208984372
284.99,141.77,0.1751912536621094
293.67,143.22,0.17811508178710936
302.35,146.11,0.17587896728515623
311.03,147.56,0.1735343322753906
318.26,151.9,0.17121124267578125
328.39,157.69,0.1704071044921875
332.73,160.58,0.17107357788085936
339.96,166.37,0.17085089111328125
347.2,172.15,0.16050747680664063
354.43,177.94,0.12770770263671874
363.11,183.73,0.09798870849609374
368.9,189.51,0.07785446166992187
373.24,192.41,0.03636138916015625
374.68,193.85,0.009751739501953124
373.24,193.85,0.0
371.79,192.41,0.0
367.45,189.51,0.005875457763671875
364.56,188.07,0.021315185546874997
363.11,186.62,0.05096591186523437
364.56,188.07,0.10212832641601562
367.45,190.96,0.1436512451171875
371.79,193.85,0.17798583984375
381.92,199.64,0.21913949584960934
389.15,203.98,0.24286108398437498
400.72,211.21,0.25096246337890626
413.74,217.0,0.23817761230468748
423.87,219.89,0.231653564453125
429.66,219.89,0.23824487304687497
432.55,219.89,0.15115045166015625
434.0,217.0,0.025126495361328122

219.89,115.73,0.07999999999999999
219.89,117.18,0.06404141235351563
218.44,117.18,0.06020532226562499
218.44,115.73,0.0791279296875
217.0,114.29,0.10116995239257812
215.55,112.84,0.11136166381835937
212.66,108.5,0.12634503173828124
209.76,105.61,0.1259870910644531
208.32,102.71,0.12013458251953124
203.98,99.82,0.13813458251953123
202.53,99.82,0.15187445068359373
201.08,101.27,0.17188659667968748
199.64,107.05,0.17874105834960935
198.19,112.84,0.16937185668945312
196.75,120.07,0.17596554565429684
196.75,124.41,0.1786859436035156
196.75,131.65,0.18147210693359372
198.19,141.77,0.17777951049804686
203.98,156.24,0.17168783569335935
209.76,166.37,0.16216195678710937
212.66,173.6,0.15951629638671874
218.44,182.28,0.15007998657226562
225.68,190.96,0.10946365356445312
234.36,198.19,0.09742416381835937
241.59,205.42,0.06748583984375
248.82,209.76,0.03104119873046875
251.72,214.1,0.011565704345703125
253.16,215.55,0.010664794921874998
254.61,215.55,0.0014848022460937499
257.5,217.0,0.0
258.95,217.0,0.0
260.4,217.0,0.0

350.09,245.93,0.07999999999999999
357.32,244.48,0.07999999999999999
363.11,243.04,0.040124999999999994
366.0,245.93,0.00025
363.11,247.38,0.001121734619140625

290.78,230.02,0.07999999999999999
295.12,230.02,0.11549999999999999
316.82,227.12,0.1659265441894531
324.05,225.68,0.18074423217773436
335.62,225.68,0.20854425048828124
347.2,228.57,0.22394625854492184
358.77,234.36,0.2488097534179687
371.79,240.14,0.2560961608886718
374.68,241.59,0.26583755493164063
379.02,241.59,0.24047885131835936
380.47,243.04,0.20422125244140624
379.02,243.04,0.07649273681640624
377.58,241.59,0.024367553710937497

380.47,235.8,0.07999999999999999
381.92,243.04,0.07612823486328124
384.81,245.93,0.04498269653320312
387.7,245.93,0.0169024658203125

434.0,224.23,0.07999999999999999
434.0,222.78,0.034624999999999996
432.55,222.78,0.0361883544921875
432.55,221.34,0.08026416015625
431.1,219.89,0.0876021728515625
431.1,218.44,0.06810690307617187

434.0,217.0,0.07999999999999999
435.44,217.0,0.014237396240234373
435.44,218.44,0.03871139526367187
434.0,217.0,0.09966702270507811
431.1,215.55,0.13032604980468748
428.21,211.21,0.14675714111328123
423.87,205.42,0.1430545654296875
419.53,198.19,0.14596405029296874
415.19,189.51,0.14932345581054685
409.4,182.28,0.15254794311523437
405.06,172.15,0.1536416320800781
402.17,160.58,0.15286788940429685
399.28,151.9,0.15106549072265624
397.83,141.77,0.14954217529296873
397.83,135.99,0.14155175781249998
397.83,130.2,0.13987408447265623
397.83,127.31,0.1396053771972656
397.83,122.97,0.13982272338867188
397.83,120.07,0.13944329833984373
397.83,118.63,0.14068157958984373
397.83,117.18,0.14085894775390623
397.83,115.73,0.140875
396.38,115.73,0.06004656982421875

396.38,117.18,0.07999999999999999
394.94,115.73,0.07999999999999999
394.94,112.84,0.047702484130859375
394.94,108.5,0.022580902099609373
393.49,104.16,0.04174612426757812
390.6,94.03,0.05410226440429687
387.7,89.69,0.060240631103515616
383.36,79.57,0.07304959106445312
381.92,76.67,0.08144116210937499
377.58,70.89,0.07883789062499999
374.68,66.55,0.08621231079101561
373.24,62.21,0.08029837036132813
370.34,56.42,0.07431179809570312
367.45,49.19,0.0726524658203125
366.0,46.29,0.07233782958984374
364.56,43.4,0.07236026000976561
363.11,41.95,0.07291064453125
361.66,41.95,0.07277291870117188
361.66,40.51,0.07641275024414063
361.66,39.06,0.07702218627929687
363.11,39.06,0.018848205566406248
363.11,37.61,0.0022735595703125

366.0,34.72,0.07999999999999999
368.9,34.72,0.060983154296874995
373.24,34.72,0.0857686767578125
376.13,33.27,0.11024740600585936
380.47,33.27,0.1308138427734375
384.81,33.27,0.15088735961914063
389.15,36.17,0.16990066528320313
397.83,40.51,0.17505560302734374
403.62,44.85,0.17012966918945313
409.4,53.53,0.16711740112304685
415.19,60.76,0.1654832763671875
423.87,69.44,0.15466027832031248
431.1,79.57,0.13070852661132812
438.34,91.14,0.10046356201171874
442.68,95.48,0.08936557006835938
445.57,101.27,0.05319635009765625
447.02,105.61,0.027896514892578123
448.46,108.5,0.007449127197265625
448.46,109.95,0.0
448.46,108.5,0.017304931640624997
449.91,109.95,0.022524719238281248
451.36,114.29,0.029467559814453124
454.25,117.18,0.0475986328125
455.7,121.52,0.07623812866210937
457.14,127.31,0.12340252685546875
458.59,134.54,0.18709188842773436
458.59,137.43,0.215
460.04,143.22,0.24056198120117184
461.48,153.35,0.2647801818847656
462.93,160.58,0.28771029663085934
464.38,169.26,0.31756365966796873
465.82,177.94,0.3419515380859375
467.27,190.96,0.3785803527832031
467.27,198.19,0.3542629699707031
467.27,202.53,0.3617101135253906
467.27,206.87,0.33953387451171874
467.27,211.21,0.30031781005859376
467.27,212.66,0.2415346984863281
468.72,212.66,0.13750442504882812
468.72,209.76,0.0988759765625
468.72,205.42,0.050624999999999996
468.72,202.53,0.024624999999999998
467.27,199.64,0.0115009765625
467.27,195.3,0.0160072021484375
465.82,193.85,0.045765167236328126
465.82,196.75,0.27799899291992186
465.82,201.08,0.30999899291992183
467.27,206.87,0.3639989929199219
468.72,211.21,0.38925
470.16,215.55,0.40846273803710936
470.16,217.0,0.4205702209472656
470.16,218.44,0.3949287109375
471.61,218.44,0.24443466186523433
471.61,217.0,0.16800100708007812
470.16,214.1,0.14406298828125
470.16,211.21,0.14078308105468748
470.16,214.1,0.36088726806640625
473.06,217.0,0.4230155029296875
475.95,219.89,0.44849899291992185
480.29,222.78,0.454875
486.08,224.23,0.43754986572265625
487.52,225.68,0.4326216430664062
490.42,225.68,0.3237033081054687
491.86,224.23,0.20166674804687498
491.86,222.78,0.07609896850585937

205.42,105.61,0.07999999999999999
205.42,102.71,0.0451875
202.53,99.82,0.10999999999999999
201.08,98.37,0.17087399291992186
199.64,98.37,0.20287399291992186
198.19,99.82,0.25268698120117183
196.75,105.61,0.2919989929199219
196.75,115.73,0.31975
196.75,124.41,0.3228317565917968
199.64,133.09,0.3393363647460937
205.42,144.67,0.3213857421875
211.21,157.69,0.30923422241210935
219.89,170.71,0.30246563720703123
225.68,180.83,0.30224999999999996
232.91,189.51,0.30224999999999996
240.14,196.75,0.2851689453125
245.93,201.08,0.2496761474609375
251.72,206.87,0.191843017578125
257.5,209.76,0.09662499999999999
260.4,209.76,0.03824999999999999
260.4,211.21,0.012623992919921874
258.95,211.21,0.005284851074218749
256.06,211.21,0.0
256.06,212.66,0.012887847900390624
254.61,214.1,0.015830932617187498
253.16,214.1,0.012968048095703125

237.25,196.75,0.07999999999999999
235.8,196.75,0.06819268798828125
234.36,199.64,0.10186099243164062
237.25,203.98,0.13217922973632812
241.59,209.76,0.15573089599609374
247.38,217.0,0.17561456298828124
253.16,224.23,0.17975161743164061
257.5,228.57,0.18921380615234373
264.74,231.46,0.17870578002929685
271.97,232.91,0.13517913818359373
280.65,232.91,0.07965646362304687
287.88,234.36,0.024082061767578124
293.67,234.36,0.0
299.46,234.36,0.0
305.24,234.36,0.00666876220703125
308.14,232.91,0.03704843139648437
312.48,231.46,0.07753491210937499
318.26,231.46,0.10427655029296874
324.05,230.02,0.12948861694335936
331.28,228.57,0.14976730346679687
338.52,228.57,0.17098678588867186
344.3,230.02,0.20796099853515623
350.09,232.91,0.23681448364257812
352.98,235.8,0.2306518859863281
354.43,235.8,0.14202801513671875
350.09,231.46,0.019616882324218748

203.98,105.61,0.07999999999999999
208.32,105.61,0.1335061340332031
219.89,112.84,0.18571588134765624
243.04,128.75,0.24582507324218747
256.06,137.43,0.24710870361328122
260.4,141.77,0.2446583251953125
264.74,143.22,0.18883172607421875
266.18,143.22,0.15180081176757812
261.84,140.33,0.018402648925781247

208.32,125.86,0.07999999999999999
206.87,125.86,0.07112399291992187
206.87,124.41,0.06019012451171875
206.87,122.97,0.04242242431640625
206.87,121.52,0.03903768920898437

206.87,121.52,0.07999999999999999
206.87,120.07,0.07149740600585937
208.32,118.63,0.08261749267578124
209.76,118.63,0.09605862426757812
211.21,120.07,0.09692465209960936
215.55,125.86,0.11912490844726562
228.57,138.88,0.1389774169921875
237.25,144.67,0.1366162109375
253.16,159.13,0.10435317993164062
261.84,166.37,0.05442785644531249
264.74,169.26,0.03896054077148438
271.97,173.6,0.0
273.42,175.05,0.0019737854003906248
269.08,172.15,0.010474761962890624
263.29,167.81,0.017398468017578123
260.4,164.92,0.017403076171874997
253.16,160.58,0.04099139404296875
250.27,157.69,0.055060150146484375
248.82,156.24,0.0748818359375
251.72,159.13,0.10493362426757812
258.95,164.92,0.11474655151367186
264.74,169.26,0.08703738403320313
273.42,173.6,0.053863769531249994
280.65,179.39,0.01750799560546875
289.33,185.17,0.0
293.67,188.07,0.0
299.46,190.96,0.0
302.35,192.41,0.0
311.03,195.3,0.03987786865234375
316.82,198.19,0.04913998413085937
322.6,201.08,0.0626485595703125
328.39,203.98,0.09161062622070312
335.62,206.87,0.12739404296874998
339.96,211.21,0.15051577758789061
344.3,214.1,0.1506236572265625
350.09,217.0,0.14057733154296873
351.54,218.44,0.13614071655273438
355.88,221.34,0.13069677734375
358.77,225.68,0.1277561340332031
360.22,225.68,0.11147988891601561
357.32,222.78,0.009221160888671875

328.39,166.37,0.07999999999999999
328.39,164.92,0.055192291259765616
334.18,167.81,0.14175100708007812
351.54,179.39,0.21912499999999996
367.45,192.41,0.267375
380.47,203.98,0.3050010070800781
393.49,214.1,0.3525
405.06,219.89,0.3746260070800781
412.3,222.78,0.3755695190429687
416.64,224.23,0.3457012634277344
418.08,224.23,0.23190338134765623
418.08,222.78,0.19405209350585936

367.45,41.95,0.07999999999999999
366.0,41.95,0.0703125
364.56,39.06,0.1493331298828125
364.56,41.95,0.2512581176757812
366.0,49.19,0.28077987670898436
368.9,56.42,0.30715832519531244
376.13,67.99,0.2915596313476562
383.36,81.01,0.28262237548828123
386.26,91.14,0.26043466186523434
392.04,107.05,0.21772497558593748
393.49,115.73,0.1783616027832031
396.38,128.75,0.13766183471679685
397.83,133.09,0.05530148315429687
399.28,135.99,0.0
399.28,137.43,0.0

399.28,138.88,0.07999999999999999
399.28,140.33,0.07999999999999999
397.83,140.33,0.07666250610351562
397.83,143.22,0.09023504638671875
397.83,147.56,0.11224468994140624
399.28,153.35,0.1497742004394531
400.72,162.03,0.17701519775390623
403.62,175.05,0.21468310546875
406.51,183.73,0.2338537902832031
410.85,195.3,0.2520326843261719
413.74,201.08,0.24957400512695307
422.42,209.76,0.18618194580078123
425.32,212.66,0.11931246948242187
426.76,212.66,0.045939208984375
426.76,211.21,0.028249999999999997

379.02,52.08,0.07999999999999999
377.58,52.08,0.07999999999999999
377.58,53.53,0.0351875
376.13,52.08,0.02339276123046875
376.13,50.63,0.0657822265625
374.68,50.63,0.08476312255859375
373.24,50.63,0.08187643432617187
371.79,50.63,0.061974578857421865
370.34,49.19,0.06364794921875
370.34,47.74,0.07832891845703124
368.9,47.74,0.0972462158203125
368.9,46.29,0.10909402465820311
368.9,44.85,0.13962799072265625
367.45,44.85,0.15719735717773436
367.45,43.4,0.17106982421875
367.45,41.95,0.1840443420410156
367.45,40.51,0.16447222900390623
367.45,39.06,0.1606431884765625
368.9,39.06,0.16900091552734375
371.79,37.61,0.1819796447753906
374.68,37.61,0.19255853271484374
379.02,37.61,0.190357421875
386.26,39.06,0.17348208618164063
393.49,43.4,0.16391009521484373
400.72,52.08,0.13729510498046874
407.96,60.76,0.09580191040039063
412.3,65.1,0.047308898925781245
418.08,70.89,0.0
420.98,72.33,0.0
422.42,73.78,0.0
419.53,73.78,0.0
415.19,70.89,0.0
410.85,69.44,0.0019249267578124998
406.51,66.55,0.002
403.62,63.65,0.002
396.38,59.31,0.002

376.13,52.08,0.07999999999999999
374.68,50.63,0.015249999999999998
373.24,49.19,0.06795401000976561
373.24,47.74,0.09770846557617187
373.24,46.29,0.13077871704101562
376.13,46.29,0.18134542846679688
381.92,46.29,0.24140020751953126
387.7,46.29,0.27562600708007806
394.94,50.63,0.307125
403.62,57.87,0.32250100708007806
412.3,67.99,0.3373162536621093
418.08,73.78,0.33447393798828123
428.21,83.91,0.3298054504394531
434.0,89.69,0.33986502075195313
438.34,95.48,0.35074267578124996
447.02,105.61,0.34636871337890623
451.36,114.29,0.3081013793945312
457.14,125.86,0.213783935546875
458.59,131.65,0.10946176147460937
458.59,133.09,0.028748992919921872

374.68,59.31,0.07999999999999999
371.79,57.87,0.07345242309570311
373.24,56.42,0.1479718017578125
381.92,54.97,0.2363760070800781
394.94,57.87,0.27124999999999994
403.62,62.21,0.29524999999999996
415.19,72.33,0.2917874145507812
428.21,86.8,0.2783404541015625
431.1,89.69,0.27482955932617187
436.89,99.82,0.23881781005859373
445.57,114.29,0.1842043762207031
452.8,128.75,0.134393798828125
458.59,141.77,0.10945053100585937
462.93,154.79,0.09756094360351562
465.82,166.37,0.11678067016601562
467.27,177.94,0.12339596557617186
467.27,188.07,0.170302490234375
468.72,195.3,0.20517959594726562
470.16,202.53,0.20374606323242186
471.61,209.76,0.20242282104492187
473.06,212.66,0.19529101562499998
474.5,215.55,0.19129895019531248
474.5,217.0,0.17728189086914062
474.5,215.55,0.11946078491210937
473.06,212.66,0.10404907226562499
473.06,211.21,0.11279544067382812
473.06,214.1,0.18599942016601562
475.95,218.44,0.21380401611328123
477.4,222.78,0.3254949035644531
478.84,224.23,0.3403760070800781
480.29,224.23,0.27475335693359376
480.29,222.78,0.1643795166015625

484.63,218.44,0.07999999999999999
484.63,222.78,0.013837188720703124
483.18,221.34,0.045064544677734374
481.74,221.34,0.11717733764648436
480.29,221.34,0.3074989929199219
478.84,221.34,0.13818469238281247
477.4,221.34,0.24003784179687496
478.84,221.34,0.37334417724609376
480.29,221.34,0.36351269531249997
486.08,224.23,0.3857769775390625
491.86,227.12,0.40942294311523436
499.1,232.91,0.424001708984375
507.78,238.7,0.3508863525390625
520.8,248.82,0.17136654663085937
523.69,251.72,0.14812075805664063

477.4,230.02,0.07999999999999999
475.95,230.02,0.06343698120117187
478.84,230.02,0.21262399291992187
484.63,231.46,0.256
493.31,234.36,0.28549899291992187
501.99,237.25,0.29037399291992183
510.67,240.14,0.2323218078613281
517.9,244.48,0.16594564819335936
523.69,245.93,0.0929560546875
525.14,245.93,0.014095245361328123

483.18,230.02,0.07999999999999999
478.84,228.57,0.07999999999999999
475.95,228.57,0.12668798828125
474.5,228.57,0.23349999999999999
475.95,228.57,0.24949999999999997
490.42,228.57,0.362625
499.1,232.91,0.39825
504.88,235.8,0.4261260070800781
513.56,240.14,0.44014077758789055
520.8,243.04,0.46662002563476557
526.58,244.48,0.45001358032226557
529.48,245.93,0.42968231201171875
530.92,245.93,0.42130133056640623
530.92,247.38,0.42130227661132813
532.37,247.38,0.40577102661132813
532.37,248.82,0.36987332153320307
533.82,248.82,0.33735449218749997
535.26,251.72,0.2803536071777344
541.05,258.95,0.18087399291992187
546.84,267.63,0.15687399291992188
552.62,274.86,0.09081149291992187

543.94,263.29,0.07999999999999999
541.05,263.29,0.07999999999999999
542.5,264.74,0.20800100708007813
548.28,271.97,0.2584385070800781
556.96,283.54,0.29525100708007807
567.09,300.9,0.319375
577.22,319.71,0.34112600708007806
588.79,338.52,0.35435241699218745
596.02,351.54,0.3659125671386718
600.36,360.22,0.32608990478515626
603.25,363.11,0.2539201354980469
603.25,364.56,0.18824774169921873
601.81,363.11,0.051
598.92,358.77,0.006749969482421874
597.47,357.32,0.0

588.79,334.18,0.07999999999999999
590.24,338.52,0.07487499999999998
593.13,345.75,0.21259423828125
597.47,352.98,0.30587499999999995
598.92,355.88,0.2993760070800781
600.36,355.88,0.1899237365722656

371.79,248.82,0.07999999999999999
371.79,250.27,0.02118316650390625
371.79,251.72,0.018297607421874997
370.34,253.16,0.011151611328124998
368.9,253.16,0.0018502807617187499

368.9,247.38,0.07999999999999999
370.34,247.38,0.031738006591796875
371.79,247.38,0.030983642578124998
373.24,245.93,0.040282775878906246
373.24,244.48,0.15234808349609374
371.79,244.48,0.25591650390625
368.9,244.48,0.30803060913085933
364.56,247.38,0.307317138671875
360.22,253.16,0.2937244873046875
354.43,261.84,0.2946502380371094
350.09,270.52,0.3143131103515625
347.2,276.31,0.32788824462890626
347.2,279.2,0.3236973266601562
347.2,282.1,0.26576245117187497
347.2,283.54,0.17535302734375
347.2,284.99,0.08374999999999999
345.75,286.44,0.06237399291992188
345.75,287.88,0.06383877563476562
344.3,289.33,0.09485330200195312
344.3,296.56,0.12851422119140624
342.86,302.35,0.134741455078125
341.41,315.37,0.11667388916015624
341.41,321.16,0.08771252441406249

410.85,280.65,0.07999999999999999
410.85,282.1,0.07999999999999999
419.53,286.44,0.016625
432.55,290.78,0.010733215332031249
436.89,293.67,0.031979156494140626
438.34,295.12,0.03396560668945312
438.34,293.67,0.016718597412109376
436.89,293.67,0.009903198242187498
434.0,293.67,0.002580291748046875
432.55,293.67,0.009163116455078125
431.1,292.22,0.032660400390625
429.66,292.22,0.0721636962890625
431.1,292.22,0.10646817016601562
434.0,292.22,0.1370475158691406
438.34,292.22,0.1551891174316406
439.78,292.22,0.156630615234375
442.68,293.67,0.18078433227539062
444.12,293.67,0.16129895019531248
442.68,293.67,0.045183929443359375

434.0,290.78,0.07999999999999999
432.55,289.33,0.07999999999999999
431.1,289.33,0.0860262451171875
432.55,289.33,0.1464980773925781
435.44,289.33,0.166276123046875
439.78,289.33,0.18399984741210937
442.68,290.78,0.19103515625
445.57,292.22,0.20850750732421872
448.46,292.22,0.19746862792968747
451.36,293.67,0.1969796447753906
454.25,295.12,0.19461129760742185
455.7,298.01,0.19220764160156248
457.14,302.35,0.19144622802734373
460.04,306.69,0.18547320556640626
462.93,311.03,0.156234619140625
464.38,313.92,0.1137586669921875
464.38,315.37,0.07134793090820311

428.21,303.8,0.07999999999999999
428.21,305.24,0.06031249999999999
429.66,311.03,0.09266610717773438
435.44,319.71,0.12774105834960936
436.89,319.71,0.13651675415039063
442.68,322.6,0.1578271789550781
445.57,324.05,0.1599729309082031
451.36,324.05,0.13969515991210937
454.25,325.5,0.12329669189453124
458.59,324.05,0.07560116577148437
461.48,322.6,0.038481933593749997
465.82,322.6,0.023528350830078124
467.27,322.6,0.010105682373046874
468.72,321.16,0.0

473.06,322.6,0.07999999999999999
474.5,322.6,0.0721875
474.5,324.05,0.1042509765625
475.95,324.05,0.1142509765625
477.4,325.5,0.15325
478.84,325.5,0.1493321533203125
480.29,326.94,0.12270785522460938
481.74,326.94,0.08488418579101563
483.18,328.39,0.0
484.63,328.39,0.0
486.08,328.39,0.03487579345703125
487.52,329.84,0.05745883178710937
488.97,329.84,0.07560769653320312
490.42,331.28,0.08059219360351562
488.97,331.28,0.0774854736328125
487.52,329.84,0.06403698730468749
486.08,329.84,0.060080810546874995
487.52,329.84,0.12310055541992186
488.97,331.28,0.1310936279296875
491.86,332.73,0.12975784301757812
494.76,334.18,0.13165206909179686
496.2,335.62,0.13116961669921876
497.65,337.07,0.1343100891113281
499.1,337.07,0.11693502807617187
497.65,335.62,0.041095642089843745
499.1,337.07,0.02258453369140625
501.99,338.52,0.024175903320312497
504.88,341.41,0.02933551025390625
509.22,344.3,0.046667572021484374
512.12,347.2,0.047924194335937496
515.01,348.64,0.03607369995117187
516.46,350.09,0.03801187133789062
517.9,351.54,0.039790557861328124

517.9,351.54,0.07999999999999999
516.46,350.09,0.07999999999999999
517.9,350.09,0.10408956909179687
522.24,352.98,0.11563626098632812
526.58,355.88,0.11400942993164061
530.92,358.77,0.08410305786132811

569.98,354.43,0.07999999999999999
571.43,357.32,0.049135498046875
571.43,358.77,0.021123077392578123
571.43,360.22,0.0074356384277343745

559.86,370.34,0.07999999999999999
559.86,371.79,0.09743798828124998
564.2,374.68,0.171125
567.09,381.92,0.2017510070800781
568.54,387.7,0.21252911376953124
568.54,389.15,0.18493124389648435
568.54,390.6,0.16391339111328124
568.54,389.15,0.02637420654296875
568.54,387.7,0.0320799560546875
568.54,389.15,0.1908865966796875
569.98,390.6,0.2667489929199218
571.43,390.6,0.3106239929199219
572.88,392.04,0.33350363159179686
574.32,392.04,0.3630491027832031
577.22,390.6,0.3704147644042969
580.11,389.15,0.37972399902343745
581.56,386.26,0.37599731445312495
584.45,383.36,0.3519482421875
585.9,380.47,0.3053890991210937
585.9,376.13,0.2762747802734375
587.34,373.24,0.16814080810546875
588.79,370.34,0.09912499999999999
588.79,368.9,0.051750976562499995
590.24,368.9,0.008437499999999999
590.24,367.45,0.21924899291992186
590.24,366.0,0.19541534423828122
590.24,364.56,0.04535525512695312
590.24,363.11,0.03625463867187499
591.68,364.56,0.22872201538085934
591.68,367.45,0.32662499999999994
591.68,370.34,0.346875
591.68,373.24,0.3507713012695312
590.24,376.13,0.35
588.79,377.58,0.31556344604492187
590.24,376.13,0.26775134277343743
591.68,374.68,0.2690484008789062
594.58,371.79,0.27073141479492185
596.02,367.45,0.27351843261718745
597.47,363.11,0.2685423889160156
598.92,358.77,0.245679931640625
600.36,354.43,0.21104608154296875
600.36,351.54,0.20248345947265622
600.36,345.75,0.18152127075195312
598.92,342.86,0.1784049377441406
596.02,339.96,0.12533053588867188
594.58,337.07,0.08515518188476562
593.13,335.62,0.04633706665039062
591.68,334.18,0.037634765625
590.24,332.73,0.045783264160156247
590.24,331.28,0.09216769409179687
591.68,332.73,0.10966656494140624
593.13,335.62,0.18091442871093746
596.02,338.52,0.2361056213378906
598.92,341.41,0.25643701171874994
600.36,344.3,0.2583482360839844
600.36,347.2,0.2468837280273437
600.36,352.98,0.21218063354492187
597.47,358.77,0.1621434326171875
594.58,364.56,0.0931273193359375
593.13,370.34,0.03403466796875

598.92,373.24,0.07999999999999999
598.92,371.79,0.0021249999999999997
597.47,371.79,0.083109375
597.47,373.24,0.16453366088867186
598.92,377.58,0.20799655151367188
598.92,380.47,0.24308831787109372
598.92,386.26,0.28219674682617185
597.47,392.04,0.30059301757812495
594.58,396.38,0.3019102172851562
591.68,400.72,0.29421661376953123
587.34,403.62,0.21413552856445311
581.56,405.06,0.07524996948242188
580.11,406.51,0.023750244140624998

588.79,403.62,0.07999999999999999
585.9,405.06,0.1003125
580.11,407.96,0.19374899291992187
572.88,407.96,0.10350186157226561
569.98,405.06,0.06717449951171874
568.54,403.62,0.016856933593749998

569.98,396.38,0.07999999999999999
569.98,397.83,0.20524899291992185
568.54,402.17,0.236125
565.64,407.96,0.26275
562.75,413.74,0.26943585205078124
559.86,418.08,0.2831044006347656
554.07,420.98,0.2770394897460937
551.18,422.42,0.24531304931640624
548.28,422.42,0.08866326904296874
546.84,420.98,0.04216580200195313

565.64,400.72,0.07999999999999999
565.64,402.17,0.14964425659179686
565.64,403.62,0.17007870483398435
564.2,406.51,0.19393676757812497
561.3,409.4,0.2329211730957031
554.07,415.19,0.27887499999999993
543.94,420.98,0.2855596008300781
533.82,423.87,0.2943935546875
525.14,425.32,0.19298538208007812
513.56,422.42,0.07959857177734375
504.88,419.53,0.0046259765625
500.54,418.08,0.0

481.74,410.85,0.07999999999999999
483.18,412.3,0.07237448120117188
494.76,416.64,0.12244522094726562
512.12,419.53,0.13859832763671875
523.69,420.98,0.14919598388671873
533.82,420.98,0.07699136352539063
536.71,420.98,0.06929766845703125

565.64,412.3,0.07999999999999999
567.09,412.3,0.17225
568.54,412.3,0.21734298706054686
571.43,412.3,0.289
574.32,412.3,0.33949999999999997
577.22,410.85,0.38487399291992186
580.11,410.85,0.399875
584.45,409.4,0.4127699584960937
587.34,407.96,0.39873706054687497
591.68,405.06,0.3657311096191406
594.58,402.17,0.28142541503906243
596.02,396.38,0.12326495361328126
597.47,393.49,0.02822247314453125

598.92,376.13,0.07999999999999999
598.92,374.68,0.010374999999999999
600.36,376.13,0.18374899291992186
600.36,377.58,0.20974899291992186
598.92,380.47,0.26025
597.47,384.81,0.289375
596.02,389.15,0.3058245544433594
594.58,393.49,0.3159201354980469
591.68,397.83,0.3153682861328125
588.79,403.62,0.3122356567382812
584.45,409.4,0.3138545227050781
580.11,412.3,0.30805841064453127
574.32,415.19,0.27554415893554685
571.43,416.64,0.2441978759765625
568.54,416.64,0.175453125
567.09,416.64,0.06858224487304687
564.2,416.64,0.023373992919921874
562.75,416.64,0.002124969482421875
562.75,419.53,0.00037399291992187497
561.3,419.53,0.0
559.86,420.98,0.017814056396484375
558.41,420.98,0.029365631103515623
556.96,420.98,0.0384232177734375
555.52,422.42,0.050818176269531244
552.62,422.42,0.08295251464843749
549.73,423.87,0.1073983154296875
548.28,423.87,0.12021313476562498
548.28,425.32,0.12063641357421874
549.73,425.32,0.12534085083007812
552.62,425.32,0.1423350830078125
555.52,425.32,0.1426683654785156
556.96,425.32,0.1465322570800781
555.52,425.32,0.0782813720703125
554.07,425.32,0.03604446411132812
551.18,423.87,0.0
549.73,423.87,0.0
548.28,423.87,0.001919677734375
545.39,423.87,0.013807220458984373
545.39,425.32,0.026482849121093745
543.94,425.32,0.04604586791992187
542.5,426.76,0.04746328735351562
543.94,426.76,0.02926300048828125
545.39,426.76,0.013672271728515624
546.84,426.76,0.012545013427734375
548.28,426.76,0.02343316650390625
546.84,426.76,0.06134133911132813
543.94,428.21,0.07487539672851562
541.05,428.21,0.08231982421874999
538.16,429.66,0.08304800415039061
535.26,429.66,0.08280395507812499
533.82,429.66,0.08811798095703124
532.37,429.66,0.08438494873046874
529.48,429.66,0.112007080078125
525.14,429.66,0.09601785278320313
513.56,429.66,0.0892213134765625
496.2,425.32,0.05696261596679687
490.42,420.98,0.0274716796875
481.74,413.74,0.00023880004882812498

458.59,384.81,0.07999999999999999
460.04,384.81,0.07999999999999999
461.48,386.26,0.0409635009765625
462.93,389.15,0.0020845031738281248

467.27,392.04,0.07999999999999999
467.27,393.49,0.07999999999999999
467.27,394.94,0.059473876953125
470.16,399.28,0.049042388916015624
477.4,405.06,0.06291497802734375
488.97,410.85,0.08181173706054687
499.1,415.19,0.08050881958007812
507.78,419.53,0.07981152343749999
510.67,420.98,0.03965759277343749

367.45,263.29,0.07999999999999999
371.79,257.5,0.03946734619140625
374.68,253.16,0.04462503051757812
374.68,251.72,0.13248541259765623
371.79,256.06,0.24192388916015625
364.56,269.08,0.28968701171875
357.32,280.65,0.33925
350.09,295.12,0.3781239929199218
344.3,312.48,0.39525
342.86,324.05,0.405874267578125
341.41,345.75,0.4018287048339843
345.75,361.66,0.3840983276367187
348.64,370.34,0.34773458862304685
352.98,376.13,0.218510986328125
355.88,379.02,0.07489205932617188
357.32,379.02,0.0285009765625

351.54,367.45,0.07999999999999999
351.54,368.9,0.06517016601562499
351.54,370.34,0.06000244140625
352.98,370.34,0.028244812011718745
352.98,371.79,0.0

354.43,373.24,0.07999999999999999
354.43,374.68,0.07999999999999999
354.43,376.13,0.07999999999999999
351.54,380.47,0.005499999999999999
348.64,381.92,0.005499999999999999
345.75,383.36,0.03673806762695313
344.3,386.26,0.0529635009765625
342.86,387.7,0.057732971191406246
341.41,387.7,0.047874938964843745

344.3,384.81,0.07999999999999999
345.75,383.36,0.07999999999999999
347.2,380.47,0.01628924560546875
348.64,380.47,0.0172515869140625
350.09,377.58,0.01565386962890625
351.54,376.13,0.01955825805664062
351.54,374.68,0.08929757690429686
350.09,374.68,0.1513265380859375
347.2,376.13,0.18126678466796872
342.86,379.02,0.20119931030273436
337.07,384.81,0.20536807250976563
332.73,389.15,0.2096607666015625
331.28,392.04,0.21261373901367187
326.94,399.28,0.21986932373046872
325.5,405.06,0.1479140930175781
324.05,410.85,0.12571051025390623
324.05,416.64,0.06650253295898437
322.6,428.21,0.023295471191406247

352.98,400.72,0.07999999999999999
351.54,400.72,0.09
348.64,405.06,0.13068749999999998
339.96,418.08,0.1530010070800781
328.39,442.68,0.14099203491210935
322.6,457.14,0.05987841796874999

341.41,543.94,0.07999999999999999
341.41,545.39,0.07999999999999999
342.86,545.39,0.021953826904296873
342.86,543.94,0.031764923095703126
342.86,542.5,0.02923443603515625
341.41,539.6,0.014133331298828124

335.62,517.9,0.07999999999999999
334.18,515.01,0.05384954833984375
332.73,513.56,0.086707763671875
331.28,516.46,0.168731689453125
331.28,526.58,0.259375
329.84,532.37,0.2905010070800781
332.73,538.16,0.31675
335.62,542.5,0.32675048828125
342.86,548.28,0.31396224975585935
347.2,551.18,0.25973248291015627
350.09,552.62,0.17737615966796874
351.54,552.62,0.07819702148437499
350.09,551.18,0.03187399291992187
350.09,549.73,0.0148125
348.64,549.73,0.0
348.64,551.18,0.17215417480468748
351.54,552.62,0.229625
357.32,556.96,0.2405010070800781
364.56,559.86,0.24623504638671873
370.34,562.75,0.17376913452148438
376.13,565.64,0.03765255737304687

533.82,426.76,0.07999999999999999
535.26,429.66,0.0555
542.5,438.34,0.25736669921875
545.39,460.04,0.35149899291992187
545.39,473.06,0.38649899291992185
542.5,486.08,0.40199999999999997
538.16,497.65,0.37205877685546873
533.82,506.33,0.23649969482421873
530.92,510.67,0.07802798461914062
528.03,512.12,0.008894226074218749

529.48,510.67,0.07999999999999999
532.37,515.01,0.07999999999999999
532.37,516.46,0.1196875
533.82,522.24,0.22237399291992188
533.82,523.69,0.23037399291992186
533.82,525.14,0.27099999999999996
533.82,526.58,0.28099999999999997
532.37,528.03,0.29624899291992185
528.03,530.92,0.32625
522.24,535.26,0.34775
519.35,538.16,0.365286865234375
516.46,541.05,0.3236935424804687
515.01,542.5,0.23802508544921874
513.56,542.5,0.1751379699707031
512.12,542.5,0.1619938049316406
506.33,545.39,0.13212600708007813
501.99,548.28,0.13548391723632813
494.76,551.18,0.17364178466796873
486.08,554.07,0.19177706909179687
478.84,556.96,0.20109262084960935
475.95,556.96,0.20338665771484374
471.61,556.96,0.18837765502929685
462.93,558.41,0.012739318847656248

454.25,561.3,0.07999999999999999
452.8,561.3,0.07999999999999999
452.8,562.75,0.0744375
457.14,562.75,0.100155517578125
467.27,562.75,0.15037399291992187
473.06,562.75,0.17437399291992187
486.08,558.41,0.19625115966796874
499.1,548.28,0.138100830078125
503.44,542.5,0.07251144409179687

594.58,412.3,0.07999999999999999
593.13,407.96,0.0074916076660156245
593.13,403.62,0.006324584960937499
590.24,400.72,0.030987915039062498
593.13,402.17,0.29818701171875
594.58,403.62,0.313875
603.25,410.85,0.37262499999999993
611.93,416.64,0.3756239929199218
616.27,423.87,0.3336710205078125
622.06,436.89,0.1966051025390625
624.95,448.46,0.09310513305664062
626.4,455.7,0.0

619.17,442.68,0.07999999999999999
617.72,442.68,0.07999999999999999
617.72,441.23,0.07026107788085936
617.72,442.68,0.08572161865234375
619.17,444.12,0.10145697021484375
622.06,451.36,0.17367794799804687
623.51,457.14,0.21537399291992188
626.4,467.27,0.25275000000000003
627.85,478.84,0.27812399291992185
629.29,488.97,0.28710705566406247
627.85,501.99,0.2884473876953125
626.4,512.12,0.28684249877929685
622.06,522.24,0.26921051025390624
619.17,530.92,0.20579196166992186
617.72,536.71,0.07239895629882812
616.27,538.16,0.01320611572265625

617.72,548.28,0.07999999999999999
617.72,549.73,0.07999999999999999
617.72,551.18,0.11581198120117187
617.72,556.96,0.21949999999999997
619.17,561.3,0.26599899291992185
619.17,565.64,0.3075
619.17,572.88,0.3222489929199218
617.72,577.22,0.34899899291992187
613.38,583.0,0.3375313110351562
606.15,590.24,0.2498359375
598.92,596.02,0.15409002685546874
593.13,600.36,0.07417144775390624
591.68,601.81,0.014312744140625

594.58,597.47,0.07999999999999999
594.58,596.02,0.07999999999999999
597.47,593.13,0.0034999999999999996
600.36,588.79,0.003308685302734375
600.36,587.34,0.0032905273437499995

604.7,581.56,0.07999999999999999
606.15,580.11,0.04887399291992187
604.7,580.11,0.18493725585937498
603.25,583.0,0.22687399291992186
600.36,587.34,0.268375
597.47,590.24,0.29837499999999995
590.24,596.02,0.34974999999999995
585.9,600.36,0.36525
583.0,601.81,0.3556449279785156
581.56,603.25,0.33258935546874996
580.11,603.25,0.27226153564453126
583.0,603.25,0.0661259765625
587.34,601.81,0.03055926513671875
588.79,597.47,0.0

607.59,574.32,0.07999999999999999
604.7,578.66,0.15249999999999997
600.36,583.0,0.20575
597.47,587.34,0.24112399291992187
591.68,593.13,0.27862499999999996
584.45,600.36,0.34349899291992186
577.22,606.15,0.39649999999999996
575.77,609.04,0.415
575.77,611.93,0.3693489379882812
577.22,611.93,0.25420101928710936
578.66,613.38,0.1282876281738281
580.11,613.38,0.07037597656249998
581.56,613.38,0.0
583.0,613.38,0.0

587.34,613.38,0.07999999999999999
587.34,614.83,0.12246899414062498
588.79,616.27,0.16399999999999998
588.79,617.72,0.172
590.24,619.17,0.2119070129394531
593.13,623.51,0.25175100708007814
596.02,629.29,0.28375
597.47,633.63,0.2851289672851562
597.47,636.53,0.2820748901367187
597.47,637.97,0.1983417053222656
596.02,637.97,0.08352880859375
596.02,635.08,0.042375
593.13,629.29,0.029936737060546875
591.68,626.4,0.0031239929199218747
591.68,624.95,0.1351195068359375
593.13,627.85,0.2943359375
597.47,632.19,0.3507510070800781
600.36,637.97,0.3837510070800781
603.25,646.65,0.408875
603.25,655.33,0.41525100708007806
603.25,662.57,0.4038962707519531
603.25,664.01,0.2918563232421875
601.81,664.01,0.17729876708984374
597.47,662.57,0.06401040649414062
593.13,661.12,0.0

578.66,662.57,0.07999999999999999
577.22,662.57,0.07999999999999999
575.77,662.57,0.11471151733398437
580.11,662.57,0.2920938720703125
585.9,664.01,0.331375
596.02,664.01,0.41174999999999995
601.81,664.01,0.3521885070800781
606.15,664.01,0.14642596435546876
607.59,664.01,0.10939035034179687

300.9,374.68,0.07999999999999999
302.35,374.68,0.07999999999999999
308.14,374.68,0.045218749999999995
316.82,374.68,0.00764715576171875
318.26,374.68,0.0013449707031249999

344.3,367.45,0.07999999999999999
344.3,366.0,0.07449423217773436
344.3,364.56,0.17974899291992186
344.3,363.11,0.37259301757812496
341.41,363.11,0.436625
337.07,363.11,0.4929989929199219
328.39,366.0,0.522875
316.82,371.79,0.5558740234374999
306.69,379.02,0.5573122558593749
293.67,386.26,0.4819474487304687
284.99,392.04,0.36179080200195307
273.42,407.96,0.18093798828125
270.52,422.42,0.057595794677734374
270.52,428.21,0.0

277.76,429.66,0.07999999999999999
279.2,426.76,0.053582122802734375
282.1,423.87,0.0282496337890625
283.54,422.42,0.027029602050781247
284.99,422.42,0.024095458984375
286.44,420.98,0.025159332275390623
286.44,419.53,0.039449554443359375
286.44,418.08,0.0678759765625
284.99,418.08,0.1506292724609375
280.65,418.08,0.20542623901367185
276.31,419.53,0.25368698120117184
264.74,428.21,0.31912499999999994
258.95,435.44,0.31649899291992184
251.72,451.36,0.3359643249511719
250.27,461.48,0.33156365966796875
251.72,475.95,0.30144958496093743
258.95,493.31,0.17533004760742185
263.29,501.99,0.07288681030273436

256.06,483.18,0.07999999999999999
254.61,483.18,0.056644500732421874
253.16,486.08,0.17724899291992186
250.27,488.97,0.21871850585937497
247.38,496.2,0.2707489929199218
243.04,509.22,0.32112399291992183
241.59,525.14,0.354875
240.14,539.6,0.37949899291992184
241.59,549.73,0.3602077941894531
244.48,556.96,0.37253179931640623
245.93,559.86,0.1933639221191406
247.38,559.86,0.07797113037109374
247.38,556.96,0.014750976562499999
244.48,552.62,0.0137509765625
244.48,549.73,0.022389862060546873
243.04,549.73,0.08455621337890624
241.59,548.28,0.17038015747070312
241.59,551.18,0.25478179931640627
241.59,555.52,0.29312399291992186
243.04,559.86,0.3669373779296875
245.93,564.2,0.4095
251.72,569.98,0.4331239929199219
261.84,581.56,0.4599989929199218
269.08,588.79,0.4125960693359375
274.86,593.13,0.3053368530273437
280.65,598.92,0.1389192199707031
283.54,598.92,0.04061489868164062

279.2,591.68,0.07999999999999999
277.76,591.68,0.10643698120117187
279.2,594.58,0.21812499999999999
283.54,597.47,0.254125
289.33,603.25,0.2996260070800781
289.33,604.7,0.26093795776367185
290.78,606.15,0.24756982421874998
289.33,606.15,0.2365500793457031
287.88,606.15,0.2341183166503906
284.99,607.59,0.2342995910644531
283.54,610.49,0.24425070190429687
279.2,613.38,0.2650837707519531
276.31,617.72,0.286719482421875
273.42,623.51,0.2909613037109375
270.52,630.74,0.26310589599609374
269.08,637.97,0.18729525756835935
270.52,639.42,0.10993527221679686
271.97,639.42,0.054483795166015626

344.3,396.38,0.07999999999999999
341.41,400.72,0.2616433715820312
334.18,407.96,0.3127510070800781
328.39,416.64,0.349875
322.6,429.66,0.3441414794921875
321.16,442.68,0.2542032470703125
321.16,452.8,0.13916732788085937
321.16,460.04,0.031728576660156244

331.28,474.5,0.07999999999999999
331.28,473.06,0.07999999999999999
329.84,471.61,0.095635009765625
328.39,468.72,0.17333203125
325.5,468.72,0.21297265624999998
321.16,470.16,0.24825
316.82,473.06,0.28225
313.92,480.29,0.3262510070800781
313.92,487.52,0.34074999999999994
315.37,494.76,0.3297022094726562
321.16,501.99,0.2766176452636719
331.28,510.67,0.1486596984863281
337.07,513.56,0.10646188354492186

352.98,501.99,0.07999999999999999
351.54,501.99,0.06637753295898437
350.09,506.33,0.131125
351.54,515.01,0.1635
355.88,523.69,0.18130303955078123
360.22,530.92,0.1690741271972656
370.34,538.16,0.12477630615234374
376.13,541.05,0.06597601318359374
379.02,541.05,0.030241485595703128
383.36,539.6,0.0
383.36,538.16,0.0

387.7,535.26,0.07999999999999999
387.7,536.71,0.07606298828125
387.7,539.6,0.102
387.7,541.05,0.12568722534179688
389.15,543.94,0.13271615600585934
390.6,548.28,0.1266568603515625
394.94,551.18,0.10898388671874999
397.83,552.62,0.08331610107421873
400.72,552.62,0.051339843749999996
400.72,551.18,0.0
399.28,551.18,0.0
397.83,551.18,0.052644226074218745
396.38,551.18,0.13797222900390624
394.94,552.62,0.19937399291992186
394.94,554.07,0.22887499999999997
394.94,556.96,0.2701239929199219
397.83,562.75,0.317125
402.17,567.09,0.364125
407.96,571.43,0.38374951171874994
416.64,572.88,0.37403308105468747
425.32,574.32,0.30465093994140624
434.0,574.32,0.10858331298828125

457.14,558.41,0.07999999999999999
458.59,559.86,0.15537499999999999
458.59,561.3,0.1814408264160156
455.7,562.75,0.21723757934570312
449.91,567.09,0.24856942749023433
444.12,572.88,0.24144229125976557
441.23,577.22,0.2056151123046875

354.43,572.88,0.07999999999999999
354.43,569.98,0.06494406127929687
352.98,567.09,0.1161387939453125
352.98,571.43,0.20449899291992185
351.54,581.56,0.24574899291992186
351.54,596.02,0.3014989929199218
354.43,609.04,0.32337399291992186
358.77,620.61,0.3173434448242187
361.66,627.85,0.31661462402343743
363.11,632.19,0.2398729248046875
364.56,635.08,0.1533670959472656
364.56,636.53,0.0812509765625
363.11,636.53,0.026999969482421875
360.22,636.53,0.012294403076171873
358.77,636.53,0.0438426513671875
355.88,637.97,0.0960443115234375
354.43,637.97,0.15501000976562498
355.88,637.97,0.122392578125
355.88,636.53,0.07747467041015624
357.32,633.63,0.02914840698242187
357.32,632.19,0.013146667480468749
358.77,630.74,0.0
358.77,629.29,0.03628073120117187
358.77,627.85,0.06584713745117186
357.32,627.85,0.13195202636718747
355.88,626.4,0.19392172241210937
354.43,627.85,0.24274899291992189
352.98,630.74,0.272875
350.09,633.63,0.28438067626953123
348.64,636.53,0.2392142944335937
347.2,636.53,0.15136648559570312
347.2,635.08,0.0
348.64,633.63,0.0
350.09,632.19,0.0
351.54,630.74,0.0
352.98,629.29,0.0
354.43,627.85,0.003783233642578125
355.88,627.85,0.004013092041015625

360.22,614.83,0.07999999999999999
360.22,613.38,0.05231249999999999
360.22,609.04,0.039412231445312494
361.66,604.7,0.033063964843749995
361.66,601.81,0.03569375610351562

358.77,565.64,0.07999999999999999
358.77,564.2,0.058625
358.77,559.86,0.08009820556640625
358.77,556.96,0.12005999755859373
358.77,559.86,0.2145010070800781
355.88,568.54,0.28470324707031247
355.88,580.11,0.32187499999999997
355.88,590.24,0.386125
358.77,601.81,0.4036260070800781
361.66,610.49,0.39449999999999996
363.11,620.61,0.3872988586425781
363.11,626.4,0.38108618164062497
363.11,629.29,0.3673096313476562
363.11,630.74,0.35013500976562495
361.66,630.74,0.27101425170898436
360.22,630.74,0.2444236145019531
358.77,630.74,0.22960565185546875
357.32,632.19,0.23940060424804685
357.32,633.63,0.2561908264160156
355.88,635.08,0.29051840209960933
354.43,635.08,0.3135064697265625
352.98,637.97,0.34598886108398436
350.09,639.42,0.38620797729492184
350.09,640.87,0.3912640991210937
347.2,642.31,0.42111813354492184
344.3,645.21,0.4516247253417969
342.86,649.55,0.44749432373046877
341.41,653.89,0.4353987121582031
339.96,658.23,0.420346435546875
341.41,664.01,0.3771558532714843
342.86,665.46,0.28946969604492184
345.75,665.46,0.14424313354492188
347.2,664.01,0.021592437744140623

348.64,650.99,0.07999999999999999
348.64,649.55,0.07999999999999999
348.64,643.76,0.0691259765625
347.2,640.87,0.12724999999999997
345.75,643.76,0.2397510070800781
342.86,646.65,0.3131251220703125
339.96,650.99,0.4020010070800781
338.52,653.89,0.44625
338.52,656.78,0.47225
338.52,659.67,0.49199999999999994
338.52,664.01,0.5003538818359375
338.52,665.46,0.5050553588867187
341.41,665.46,0.4983452758789062
344.3,665.46,0.4730089416503906
347.2,665.46,0.4641181945800781
348.64,665.46,0.4427987365722656
351.54,665.46,0.41142272949218744
354.43,665.46,0.39374319458007806
360.22,665.46,0.3846865234375
367.45,665.46,0.38699359130859373
376.13,666.91,0.3872767333984375
384.81,668.35,0.372881103515625
394.94,669.8,0.3376759033203125
403.62,672.69,0.2855619201660156
407.96,674.14,0.23408663940429686
409.4,674.14,0.17687499999999998
409.4,672.69,0.10470223999023437

366.0,639.42,0.07999999999999999
364.56,639.42,0.07475
361.66,639.42,0.12118798828124999
360.22,640.87,0.20256661987304686
355.88,649.55,0.2522510070800781
354.43,655.33,0.267875
355.88,662.57,0.28095623779296874
360.22,664.01,0.28015869140625
364.56,664.01,0.14506716918945312
366.0,662.57,0.0696881103515625

387.7,656.78,0.07999999999999999
389.15,656.78,0.07999999999999999
390.6,655.33,0.104
392.04,655.33,0.1587510070800781
393.49,655.33,0.16824999999999998
394.94,653.89,0.17822985839843747
394.94,652.44,0.14690127563476563
394.94,650.99,0.06166729736328124
393.49,650.99,0.05286001586914062
392.04,650.99,0.04092520141601562
392.04,652.44,0.10775796508789062
390.6,655.33,0.16667785644531247
389.15,656.78,0.17232025146484373
387.7,659.67,0.1946725158691406
384.81,661.12,0.09706146240234374
380.47,662.57,0.023176025390625
376.13,662.57,0.0
370.34,665.46,0.0
360.22,668.35,0.0
354.43,671.25,0.022679260253906246
350.09,672.69,0.09505166625976562
348.64,674.14,0.17483444213867186
350.09,672.69,0.225875
355.88,671.25,0.26999999999999996
360.22,669.8,0.29862500000000003
366.0,669.8,0.32462499999999994
373.24,669.8,0.35474899291992185
383.36,671.25,0.38115353393554685
390.6,671.25,0.37484686279296875
396.38,669.8,0.35930944824218747
403.62,668.35,0.33213891601562495
406.51,666.91,0.29262240600585937
409.4,664.01,0.278620361328125
410.85,662.57,0.18569741821289062
412.3,661.12,0.09701773071289062
413.74,661.12,0.019035675048828124

397.83,672.69,0.07999999999999999
399.28,674.14,0.16464422607421872
407.96,671.25,0.2950255737304687
418.08,669.8,0.3473739929199218
428.21,668.35,0.36487499999999995
432.55,666.91,0.36337451171874996
435.44,664.01,0.3341308898925781
438.34,662.57,0.2963222961425781
439.78,662.57,0.11466156005859374

445.57,659.67,0.07999999999999999
444.12,659.67,0.07999999999999999
442.68,659.67,0.07999999999999999
449.91,661.12,0.29274999999999995
464.38,666.91,0.3862489929199219
470.16,671.25,0.4086239929199218
477.4,674.14,0.429875
484.63,675.59,0.463875
490.42,677.03,0.4712839660644531
499.1,677.03,0.48889190673828126
504.88,674.14,0.4993304443359375
509.22,672.69,0.4918523864746093
515.01,671.25,0.4250109252929687
519.35,669.8,0.3894209594726562
523.69,666.91,0.2081233215332031
525.14,665.46,0.12640658569335939

513.56,629.29,0.07999999999999999
512.12,627.85,0.04631249999999999
510.67,627.85,0.08962399291992187
512.12,627.85,0.23762399291992187
515.01,630.74,0.31246826171875
519.35,633.63,0.3896613159179687
525.14,637.97,0.43524999999999997
530.92,643.76,0.44037399291992185
533.82,649.55,0.456125
533.82,656.78,0.45491815185546874
533.82,661.12,0.4646854248046875
533.82,665.46,0.4794704895019531
533.82,668.35,0.48360177612304683
532.37,668.35,0.3689659423828125
532.37,665.46,0.15845809936523436
530.92,661.12,0.02694354248046875

447.02,659.67,0.07999999999999999
444.12,659.67,0.09218749999999999
451.36,662.57,0.316500732421875
454.25,664.01,0.3392510070800781
464.38,671.25,0.41462499999999997
471.61,675.59,0.43800048828124993
478.84,678.48,0.44604437255859375
487.52,678.48,0.4554476013183593
494.76,678.48,0.42286254882812496
501.99,678.48,0.37068389892578124
507.78,675.59,0.24648333740234374
512.12,672.69,0.09162179565429687

488.97,656.78,0.07999999999999999
487.52,653.89,0.0648658447265625
486.08,653.89,0.11902688598632812
488.97,653.89,0.17462548828125
493.31,656.78,0.22999999999999998
496.2,664.01,0.264
499.1,668.35,0.27837548828124997
500.54,672.69,0.23700436401367186
501.99,672.69,0.17614144897460934
504.88,671.25,0.1497507629394531
504.88,668.35,0.06554428100585936

516.46,656.78,0.07999999999999999
517.9,656.78,0.1120625
519.35,658.23,0.19362185668945311
520.8,662.57,0.25375
520.8,665.46,0.2543760070800781
520.8,668.35,0.21306954956054686
520.8,666.91,0.09245657348632812

510.67,565.64,0.07999999999999999
509.22,565.64,0.063469482421875
507.78,564.2,0.07775
506.33,561.3,0.07833621215820312
504.88,558.41,0.0845184326171875
504.88,552.62,0.07116070556640623
504.88,551.18,0.07287051391601562
504.88,549.73,0.14531347656250002
506.33,548.28,0.16419692993164062
509.22,548.28,0.14239453124999998
512.12,546.84,0.0560892333984375
513.56,546.84,0.00521807861328125

523.69,538.16,0.07999999999999999
522.24,538.16,0.14974899291992189
517.9,542.5,0.21549899291992186
515.01,545.39,0.27825
510.67,549.73,0.36181201171875
507.78,554.07,0.402875
506.33,556.96,0.41587451171874995
506.33,559.86,0.4072020263671875
506.33,564.2,0.3724055786132812
506.33,565.64,0.32997055053710933
506.33,567.09,0.3073317260742187
506.33,569.98,0.25935528564453125
507.78,571.43,0.2624644165039063
510.67,578.66,0.27270462036132814
510.67,587.34,0.2726338195800781
512.12,598.92,0.2618094482421875
512.12,610.49,0.2430254516601562
512.12,617.72,0.22656082153320312
513.56,620.61,0.20768618774414063
513.56,619.17,0.1290173645019531
513.56,616.27,0.09747677612304687
513.56,613.38,0.07221209716796875
513.56,611.93,0.072375
513.56,610.49,0.0513709716796875
513.56,613.38,0.08083065795898436
515.01,620.61,0.12918630981445312
517.9,627.85,0.18233389282226561
522.24,633.63,0.20555416870117188
523.69,636.53,0.2215369873046875
525.14,636.53,0.16059490966796874
525.14,635.08,0.06590435791015624
523.69,632.19,0.026066253662109372
523.69,629.29,0.0

583.0,402.17,0.07999999999999999
581.56,402.17,0.07999999999999999
580.11,402.17,0.049997375488281245
578.66,400.72,0.03371975708007812
577.22,400.72,0.06303424072265625
581.56,405.06,0.16451620483398438
588.79,412.3,0.19806137084960937
596.02,423.87,0.21236526489257812
601.81,439.78,0.20791503906249997
606.15,455.7,0.19953289794921875
606.15,470.16,0.12015444946289063
606.15,478.84,0.02069741821289062

607.59,473.06,0.07999999999999999
607.59,474.5,0.07999999999999999
610.49,475.95,0.08691815185546875
611.93,478.84,0.13121386718749997
613.38,488.97,0.21349066162109373
611.93,494.76,0.24462499999999998
610.49,497.65,0.25221289062499996
610.49,499.1,0.25998641967773434
610.49,500.54,0.1879991455078125
611.93,501.99,0.14039117431640624
613.38,503.44,0.11137057495117186
616.27,506.33,0.08229132080078125
619.17,510.67,0.08966909790039061
622.06,520.8,0.11374563598632811
623.51,532.37,0.1362355651855469
623.51,543.94,0.14285568237304686
622.06,556.96,0.14380001831054687
620.61,564.2,0.10555023193359374
619.17,569.98,0.046741394042968745
616.27,571.43,0.0

548.28,432.55,0.07999999999999999
546.84,431.1,0.090625
545.39,429.66,0.1286260070800781
546.84,431.1,0.24124999999999996
549.73,436.89,0.27324999999999994
551.18,442.68,0.309875
554.07,449.91,0.3306260070800781
555.52,455.7,0.31847027587890625
555.52,458.59,0.30996493530273433
555.52,461.48,0.22562194824218748
554.07,462.93,0.11725793457031249
551.18,467.27,0.024538787841796875
548.28,468.72,0.0

542.5,470.16,0.07999999999999999
542.5,468.72,0.11193798828124998
543.94,470.16,0.15037600708007812
546.84,474.5,0.21999999999999997
549.73,478.84,0.261625
549.73,483.18,0.2855010070800781
549.73,488.97,0.29896899414062494
549.73,493.31,0.28507183837890626
546.84,497.65,0.2787779541015625
543.94,501.99,0.23822204589843748
541.05,504.88,0.18090216064453124
536.71,510.67,0.07958709716796875
533.82,515.01,0.0

536.71,523.69,0.07999999999999999
538.16,522.24,0.046514831542968746
539.6,523.69,0.14266162109375
542.5,526.58,0.2054385070800781
543.94,530.92,0.2528760070800781
543.94,535.26,0.28062499999999996
542.5,542.5,0.314625
539.6,548.28,0.321781982421875
538.16,554.07,0.31909130859374996
533.82,562.75,0.32454711914062495
530.92,567.09,0.17021841430664061
529.48,569.98,0.11344311523437499
528.03,569.98,0.10872454833984374

523.69,572.88,0.07999999999999999
523.69,574.32,0.08237499999999999
522.24,575.77,0.12199948120117188
519.35,578.66,0.22374899291992187
516.46,580.11,0.25774899291992187
512.12,585.9,0.27962399291992185
507.78,594.58,0.29125
504.88,603.25,0.26850042724609374
504.88,609.04,0.15391586303710936
504.88,610.49,0.13368786621093748

526.58,590.24,0.07999999999999999
523.69,591.68,0.1315
520.8,594.58,0.20724899291992185
519.35,600.36,0.241625
519.35,606.15,0.26512399291992184
519.35,616.27,0.28212499999999996
520.8,624.95,0.27813815307617185
523.69,632.19,0.29269116210937496
525.14,633.63,0.19814044189453126
526.58,633.63,0.06840512084960937
528.03,632.19,0.0206259765625
529.48,629.29,0.0
529.48,627.85,0.0

538.16,610.49,0.07999999999999999
538.16,609.04,0.02178125
536.71,607.59,0.09837499999999999
535.26,610.49,0.17887448120117186
535.26,616.27,0.23012399291992186
533.82,629.29,0.29324899291992185
533.82,633.63,0.29025
535.26,636.53,0.27197534179687494
536.71,636.53,0.1871476135253906
538.16,636.53,0.055154235839843746
539.6,635.08,0.00025097656249999995

546.84,626.4,0.07999999999999999
545.39,627.85,0.10762448120117186
543.94,632.19,0.16962448120117185
545.39,635.08,0.1507059631347656
546.84,635.08,0.07506262207031249

556.96,630.74,0.07999999999999999
555.52,630.74,0.07999999999999999
554.07,630.74,0.08062499999999999
554.07,632.19,0.16390536499023436
559.86,635.08,0.26937451171875
564.2,640.87,0.3106239929199219
565.64,646.65,0.33475
567.09,655.33,0.35187399291992183
565.64,661.12,0.38494345092773435
565.64,664.01,0.36971630859375
565.64,665.46,0.283899658203125
565.64,662.57,0.13432266235351562
565.64,658.23,0.024083587646484373
565.64,656.78,0.011000976562499999

577.22,633.63,0.07999999999999999
580.11,635.08,0.18275
584.45,637.97,0.22249899291992187
587.34,649.55,0.2833739929199219
584.45,664.01,0.30933435058593745
583.0,665.46,0.32322061157226556
581.56,665.46,0.1661954650878906

554.07,668.35,0.07999999999999999
554.07,669.8,0.12884375
556.96,669.8,0.21737399291992185
565.64,671.25,0.29574899291992185
574.32,668.35,0.31462451171874994
581.56,664.01,0.3315
588.79,662.57,0.31270657348632813
593.13,662.57,0.30359960937499997
596.02,662.57,0.30452145385742185
597.47,664.01,0.32838470458984376
598.92,664.01,0.33135659790039057
598.92,662.57,0.27421975708007806
598.92,661.12,0.24076556396484375
598.92,659.67,0.18487084960937497
598.92,658.23,0.09337274169921875
598.92,656.78,0.07468637084960937

306.69,630.74,0.07999999999999999
303.8,629.29,0.07999999999999999
303.8,627.85,0.05949343872070312
303.8,624.95,0.045302978515624995
305.24,623.51,0.036685241699218746
303.8,623.51,0.10717749023437499
300.9,623.51,0.16810104370117185
299.46,623.51,0.21110363769531248
296.56,626.4,0.22949999999999998
292.22,632.19,0.2504529724121094
287.88,637.97,0.27884002685546877
286.44,648.1,0.30060739135742187
284.99,655.33,0.3147216186523437
286.44,659.67,0.31190283203124997
287.88,662.57,0.31139935302734373
289.33,662.57,0.2579868469238281
290.78,662.57,0.18180270385742187
292.22,662.57,0.17070455932617185
293.67,661.12,0.07761843872070312
295.12,661.12,0.057748992919921874

318.26,640.87,0.07999999999999999
318.26,642.31,0.11475048828125
316.82,645.21,0.20325
315.37,650.99,0.2427510070800781
315.37,656.78,0.26475
315.37,662.57,0.25881298828125
315.37,664.01,0.192525390625

292.22,661.12,0.07999999999999999
290.78,661.12,0.07999999999999999
289.33,661.12,0.1285625
289.33,662.57,0.19399999999999998
295.12,664.01,0.27942260742187497
303.8,665.46,0.3075
313.92,665.46,0.3255010070800781
324.05,665.46,0.3204671630859375
329.84,664.01,0.1845713195800781

436.89,298.01,0.07999999999999999
436.89,296.56,0.01053900146484375
438.34,296.56,0.17060574340820311
439.78,298.01,0.18977377319335936
439.78,300.9,0.20697213745117185
439.78,302.35,0.21834628295898437
438.34,303.8,0.2185104064941406
436.89,303.8,0.22548895263671875
435.44,303.8,0.07395504760742187

435.44,308.14,0.07999999999999999
434.0,308.14,0.06574948120117187
434.0,309.58,0.09878741455078124
434.0,311.03,0.1446894836425781
434.0,312.48,0.15340505981445313
434.0,313.92,0.1524585266113281
435.44,313.92,0.14532232666015624
435.44,315.37,0.1329283752441406
436.89,313.92,0.014399322509765623

444.12,295.12,0.07999999999999999
442.68,296.56,0.130875
442.68,298.01,0.14413040161132812
441.23,299.46,0.1551745910644531
441.23,300.9,0.1631778259277344
438.34,306.69,0.16857324218749997
436.89,311.03,0.17155657958984374
436.89,313.92,0.16311657714843747
438.34,313.92,0.04387857055664062
438.34,312.48,0.0
439.78,309.58,0.0
439.78,308.14,0.0

444.12,296.56,0.0026249999999999997
445.57,293.67,0.0026249999999999997
445.57,292.22,0.09749899291992187
444.12,298.01,0.18624899291992186
441.23,303.8,0.20498883056640624
439.78,309.58,0.19125610351562497
438.34,315.37,0.18349774169921873
438.34,316.82,0.1868435363769531
438.34,319.71,0.10527606201171875
439.78,315.37,0.03909555053710938
441.23,311.03,0.0
441.23,309.58,0.0
442.68,305.24,0.0
444.12,302.35,0.012510650634765625
445.57,299.46,0.035888092041015625
447.02,298.01,0.04919375610351562
447.02,296.56,0.06111068725585937
447.02,298.01,0.08877618408203124
445.57,300.9,0.12581842041015623
444.12,306.69,0.1417165832519531
442.68,311.03,0.14567935180664063
441.23,316.82,0.15895852661132812
439.78,321.16,0.12719781494140622
439.78,324.05,0.06618988037109375
441.23,319.71,0.0062755126953125
442.68,313.92,0.0
445.57,308.14,0.0
447.02,303.8,0.008485809326171875
449.91,299.46,0.0159503173828125
449.91,298.01,0.025740509033203123
449.91,296.56,0.06787280273437499
449.91,298.01,0.10883868408203125
448.46,303.8,0.11801800537109373
447.02,306.69,0.12433340454101562
445.57,311.03,0.12529721069335936
442.68,319.71,0.13265426635742186
442.68,322.6,0.12354965209960936
444.12,319.71,0.024008087158203125
445.57,313.92,0.0017377319335937498
447.02,311.03,0.00882861328125
448.46,306.69,0.018043121337890624
449.91,302.35,0.03595471191406249
451.36,299.46,0.0579925537109375
452.8,298.01,0.07254080200195312
452.8,296.56,0.08613049316406249
452.8,298.01,0.11136758422851563
451.36,303.8,0.12144757080078124
449.91,309.58,0.12741812133789063
447.02,316.82,0.13343881225585935
445.57,321.16,0.13296194458007812
445.57,324.05,0.13859671020507813
445.57,325.5,0.10642861938476562
447.02,324.05,0.053552124023437495
447.02,321.16,0.022059478759765622
448.46,315.37,0.00836968994140625
451.36,311.03,0.0
452.8,306.69,0.013593170166015625
455.7,300.9,0.03254315185546875
455.7,299.46,0.04523919677734375
457.14,299.46,0.07106521606445312
455.7,300.9,0.09194729614257811
454.25,305.24,0.11458236694335937
454.25,308.14,0.12463992309570311
451.36,316.82,0.14024029541015623
451.36,319.71,0.13805419921874998
451.36,321.16,0.125536376953125
452.8,318.26,0.006208892822265624
454.25,309.58,0.006443786621093749
454.25,308.14,0.001470001220703125
455.7,305.24,0.04571343994140625
457.14,302.35,0.0535963134765625
457.14,306.69,0.11121142578125
455.7,311.03,0.12340573120117188
454.25,315.37,0.1297561340332031
454.25,319.71,0.13357672119140623
452.8,321.16,0.12855343627929686
454.25,319.71,0.05972705078125
455.7,315.37,0.027542510986328123
455.7,312.48,0.028182922363281248
457.14,311.03,0.03188653564453125
457.14,309.58,0.0332774658203125
458.59,308.14,0.08238095092773436
458.59,309.58,0.12762542724609374
458.59,315.37,0.15265472412109374
457.14,318.26,0.1714723205566406
457.14,322.6,0.18970736694335935
455.7,324.05,0.19748568725585935
458.59,322.6,0.12401898193359373
458.59,321.16,0.040440673828124996
460.04,318.26,0.00963507080078125
460.04,316.82,0.008621246337890624
460.04,315.37,0.023489105224609372
460.04,318.26,0.14984933471679684
458.59,321.16,0.17849459838867188
458.59,322.6,0.13946124267578125
458.59,321.16,0.00471942138671875

431.1,312.48,0.07999999999999999
429.66,312.48,0.025625
428.21,311.03,0.07049392700195313
428.21,313.92,0.11439697265625
428.21,315.37,0.13663198852539063
429.66,316.82,0.149970703125
431.1,318.26,0.16442440795898436
434.0,319.71,0.1719464111328125
436.89,322.6,0.17261813354492186
439.78,324.05,0.17881814575195312
441.23,324.05,0.18246389770507812
444.12,324.05,0.18620138549804688
449.91,324.05,0.18554089355468747
454.25,322.6,0.17475988769531248
457.14,322.6,0.168296630859375
458.59,321.16,0.16066806030273437
460.04,321.16,0.152242431640625
460.04,319.71,0.13334091186523436
460.04,318.26,0.0757806396484375
458.59,318.26,0.008631164550781249

432.55,316.82,0.07999999999999999
431.1,316.82,0.07999999999999999
429.66,316.82,0.118625
429.66,315.37,0.16249899291992187
429.66,316.82,0.19174999999999998
429.66,319.71,0.20974999999999996
432.55,322.6,0.25099899291992184
436.89,324.05,0.2747331237792968
439.78,326.94,0.305342529296875
444.12,328.39,0.3061902770996094
448.46,329.84,0.2995195007324219
451.36,329.84,0.2993242187499999
455.7,326.94,0.30865133666992184
457.14,326.94,0.310923583984375
460.04,325.5,0.31522909545898437
461.48,324.05,0.29166326904296874
462.93,322.6,0.2283381652832031
464.38,322.6,0.12873883056640623

441.23,292.22,0.07999999999999999
439.78,292.22,0.12449899291992188
444.12,293.67,0.187625
449.91,296.56,0.2042264404296875
452.8,298.01,0.19838583374023436
455.7,300.9,0.19149069213867187
457.14,305.24,0.18995541381835937
458.59,306.69,0.1891625061035156
458.59,308.14,0.17540011596679686
458.59,309.58,0.13204052734375
458.59,308.14,0.04440939331054687
457.14,306.69,0.04445220947265625
457.14,305.24,0.054155761718749994
455.7,303.8,0.05668154907226562
455.7,302.35,0.05563381958007812
455.7,303.8,0.17762698364257812
457.14,308.14,0.21729663085937498
458.59,309.58,0.23649670410156248
460.04,311.03,0.23844174194335938
461.48,312.48,0.25759689331054686
462.93,315.37,0.2840969848632812
462.93,316.82,0.29332421875
464.38,318.26,0.2523295288085938
465.82,318.26,0.21686099243164061
467.27,318.26,0.2064224853515625
468.72,318.26,0.20183129882812498
471.61,318.26,0.1548314208984375
473.06,319.71,0.06657229614257812
474.5,319.71,0.019322692871093748

386.26,292.22,0.07999999999999999
384.81,292.22,0.08438949584960936
381.92,292.22,0.10150149536132812
377.58,302.35,0.11653027343749998
374.68,311.03,0.1560606994628906
373.24,319.71,0.17758535766601563
376.13,325.5,0.17944744873046875
380.47,328.39,0.17837719726562498
384.81,329.84,0.06637875366210938
386.26,329.84,0.03130795288085937

390.6,326.94,0.07999999999999999
390.6,328.39,0.07999999999999999
389.15,328.39,0.09200497436523436
389.15,329.84,0.16149899291992187
387.7,331.28,0.19774999999999998
387.7,335.62,0.2189942932128906
387.7,339.96,0.2225198974609375
387.7,342.86,0.23188919067382813
387.7,344.3,0.22899346923828123
392.04,348.64,0.209248779296875
394.94,350.09,0.21582000732421874
397.83,350.09,0.040140808105468745

400.72,347.2,0.07999999999999999
400.72,348.64,0.15437499999999998
402.17,350.09,0.12732052612304687
403.62,350.09,0.085490966796875

405.06,371.79,0.07999999999999999
402.17,370.34,0.07999999999999999
402.17,377.58,0.15134979248046876
406.51,381.92,0.152286376953125
407.96,381.92,0.1399488830566406

354.43,322.6,0.07999999999999999
354.43,324.05,0.07999999999999999
352.98,324.05,0.09799899291992187
351.54,325.5,0.11400192260742187
350.09,329.84,0.15562399291992185
350.09,334.18,0.17074999999999999
351.54,337.07,0.1631541748046875
355.88,341.41,0.1535572814941406
358.77,344.3,0.11778060913085936
361.66,345.75,0.030723815917968748

406.51,389.15,0.07999999999999999
407.96,390.6,0.03635937499999999
412.3,396.38,0.15912399291992188
415.19,399.28,0.11714715576171875

366.0,277.76,0.07999999999999999
364.56,280.65,0.03689495849609375
364.56,282.1,0.051425231933593746
363.11,284.99,0.08643588256835938
360.22,287.88,0.10779602050781249
357.32,290.78,0.1197855224609375
352.98,303.8,0.13696542358398436
351.54,311.03,0.1255819396972656
351.54,315.37,0.1308712158203125
351.54,318.26,0.12300924682617186
351.54,322.6,0.11730462646484374
355.88,329.84,0.050256164550781246

354.43,308.14,0.055874999999999994
352.98,306.69,0.055874999999999994
351.54,305.24,0.057370300292968746
350.09,303.8,0.13624374389648436
348.64,305.24,0.16661193847656247
347.2,309.58,0.20664733886718747
344.3,315.37,0.2473538818359375
344.3,322.6,0.27930825805664056
344.3,324.05,0.2867461853027343
344.3,331.28,0.296425048828125
345.75,334.18,0.2965453186035156
348.64,339.96,0.3037278442382812
354.43,345.75,0.28149423217773434
358.77,350.09,0.2638296508789062
360.22,351.54,0.24509506225585936
361.66,352.98,0.22930172729492185
361.66,354.43,0.21152209472656247
360.22,354.43,0.1163778076171875
360.22,352.98,0.11124749755859374
357.32,352.98,0.095050048828125
357.32,354.43,0.12889624023437501
357.32,355.88,0.14921267700195312
358.77,355.88,0.15290924072265624
358.77,358.77,0.20744647216796874
358.77,360.22,0.2460809936523437
357.32,363.11,0.29472903442382814
357.32,364.56,0.31325
354.43,367.45,0.3313760070800781
351.54,370.34,0.32747033691406247
350.09,371.79,0.22704565429687498
351.54,371.79,0.0

352.98,366.0,0.07999999999999999
352.98,364.56,0.07999999999999999
352.98,363.11,0.07999999999999999
352.98,360.22,0.012187499999999999
352.98,355.88,0.007465179443359374
352.98,352.98,0.008858886718749999
352.98,351.54,0.06205477905273437
351.54,351.54,0.11387994384765623
350.09,351.54,0.195988525390625
348.64,354.43,0.236625
345.75,358.77,0.271875
342.86,361.66,0.30587499999999995
339.96,363.11,0.3201260070800781
338.52,363.11,0.2989672241210937
337.07,364.56,0.2653536376953125
338.52,364.56,0.1510845947265625
339.96,364.56,0.14250601196289062
344.3,366.0,0.17584588623046873
348.64,368.9,0.2133541259765625
352.98,368.9,0.22599923706054684
355.88,370.34,0.2169144592285156
357.32,370.34,0.2090927734375
358.77,370.34,0.1870353088378906
358.77,371.79,0.06816708374023436
357.32,376.13,0.03575198364257812
357.32,377.58,0.06480267333984374
357.32,381.92,0.0867413330078125
360.22,386.26,0.09605807495117187
363.11,387.7,0.10512744140625
366.0,389.15,0.11334661865234374

383.36,394.94,0.07999999999999999
380.47,396.38,0.07999999999999999
379.02,396.38,0.07999999999999999
379.02,397.83,0.184
380.47,399.28,0.2042669067382812
383.36,400.72,0.20120513916015623
389.15,402.17,0.20635174560546873
392.04,402.17,0.2009802551269531
394.94,402.17,0.15447839355468748
396.38,402.17,0.10178622436523437
396.38,403.62,0.02113137817382812
394.94,405.06,0.0391063232421875
393.49,406.51,0.060628112792968744
392.04,407.96,0.11758392333984374
393.49,407.96,0.13320904541015624
397.83,406.51,0.12910995483398435
402.17,406.51,0.09200216674804686
403.62,406.51,0.06349096679687499
405.06,406.51,0.034522735595703125
403.62,407.96,0.16086846923828124
400.72,409.4,0.1939319152832031
399.28,412.3,0.215
396.38,415.19,0.2284695129394531
393.49,416.64,0.21596978759765623
392.04,418.08,0.16962326049804688

418.08,415.19,0.07999999999999999
415.19,415.19,0.146
413.74,415.19,0.16729010009765624
412.3,416.64,0.15244705200195313
413.74,416.64,0.1382059631347656
415.19,415.19,0.13719091796875
418.08,413.74,0.13630056762695314
420.98,412.3,0.1358865051269531
423.87,412.3,0.1312607421875
425.32,412.3,0.13214056396484375
425.32,413.74,0.1430065002441406
425.32,415.19,0.1491850891113281
426.76,415.19,0.08733099365234374
429.66,415.19,0.06003799438476562

458.59,418.08,0.07999999999999999
457.14,418.08,0.08049999999999999
455.7,418.08,0.20974999999999996
452.8,419.53,0.25145367431640625
449.91,420.98,0.263217529296875
445.57,426.76,0.2769693603515625
444.12,429.66,0.23478253173828123
444.12,434.0,0.11841967773437499
445.57,434.0,0.07513134765624999

457.14,423.87,0.07999999999999999
457.14,422.42,0.03018896484375
457.14,420.98,0.19525375366210934
461.48,419.53,0.21762600708007812
467.27,416.64,0.24518798828125
471.61,415.19,0.2308643798828125
473.06,415.19,0.19144671630859375
474.5,415.19,0.17160452270507812
473.06,415.19,0.19123617553710937
471.61,416.64,0.19013995361328123
471.61,418.08,0.08966809082031249
474.5,418.08,0.03543197631835937
475.95,416.64,0.0063749694824218744
478.84,416.64,0.018871093749999998
484.63,416.64,0.0076458129882812495
487.52,418.08,0.09380343627929687
490.42,419.53,0.12926495361328122
496.2,419.53,0.15847378540039062
500.54,416.64,0.08560168457031249

371.79,300.9,0.024125
368.9,305.24,0.128125
367.45,311.03,0.11587499999999999
366.0,313.92,0.13198846435546874
367.45,315.37,0.14862170410156247
371.79,316.82,0.08340744018554687
373.24,316.82,0.07462341308593749

415.19,296.56,0.07999999999999999
415.19,298.01,0.10514736938476561
419.53,303.8,0.1000906982421875
422.42,309.58,0.10350848388671874
423.87,311.03,0.10173043823242187

415.19,293.67,0.07999999999999999
413.74,293.67,0.057108032226562494
415.19,295.12,0.06515078735351562
416.64,295.12,0.07392468261718749
418.08,298.01,0.08400756835937499
420.98,302.35,0.09700048828124999
423.87,308.14,0.104234619140625
426.76,312.48,0.10439590454101562
428.21,315.37,0.08397573852539061
428.21,316.82,0.06967932128906248

434.0,326.94,0.07999999999999999
435.44,326.94,0.061850616455078125
436.89,328.39,0.08678094482421875
438.34,329.84,0.10757269287109374
439.78,331.28,0.12063644409179686
442.68,331.28,0.12408108520507811
445.57,332.73,0.12931784057617188
451.36,332.73,0.12111804199218751
455.7,332.73,0.08453903198242187
458.59,332.73,0.08117337036132811
460.04,332.73,0.08047070312499999

461.48,326.94,0.07999999999999999
460.04,326.94,0.03156405639648437
460.04,328.39,0.03930050659179687
462.93,328.39,0.04651943969726562
465.82,326.94,0.050051239013671874
468.72,326.94,0.05649664306640625
471.61,325.5,0.05850180053710937
474.5,325.5,0.057793151855468745
478.84,325.5,0.057349548339843744
480.29,326.94,0.02304718017578125

