0.128204;0.021851;0.127930;0.021851;0.127655;0.021851;0.127350;0.021851;0.127350;0.022125;0.127075;0.022125;0.126801;0.022125;0.126251;0.022125;0.125977;0.022125;0.125427;0.022400;0.125122;0.022400;0.124847;0.022675;0.124298;0.022675;0.124023;0.022949;0.123749;0.023224;0.123474;0.023224;0.123474;0.023529;0.123199;0.023529;
0.125427;0.022400;0.125122;0.022400;0.125122;0.022675;0.124847;0.022675;0.124573;0.022675;0.124573;0.022949;0.124298;0.023224;0.124023;0.023804;0.124023;0.024078;0.123749;0.024902;0.123749;0.025452;0.123474;0.026031;0.123474;0.026581;0.123474;0.027130;0.123199;0.027679;0.123199;0.027954;0.123199;0.028259;0.122925;0.028534;0.122925;0.028809;0.122925;0.029358;0.122925;0.029633;0.122925;0.029907;0.122925;0.030182;0.122925;0.030457;
0.122925;0.029907;0.122620;0.029907;0.122620;0.030182;0.122620;0.030457;0.122620;0.030762;0.122620;0.031036;0.122620;0.031311;0.122620;0.031586;0.122620;0.031860;0.122620;0.032135;0.122620;0.032410;0.122925;0.032684;0.123199;0.032684;
0.127075;0.031311;0.126801;0.031311;0.126526;0.031311;0.126801;0.031311;0.127075;0.031036;0.127350;0.031036;0.127655;0.031036;0.127930;0.031036;0.128204;0.031036;0.128479;0.031036;0.128754;0.031036;
0.133484;0.021576;0.133759;0.021576;0.134033;0.021576;0.134033;0.021851;0.134308;0.022125;0.134583;0.022125;0.135162;0.022400;0.135437;0.022400;0.135712;0.022675;0.135986;0.022675;0.136261;0.022675;0.136810;0.022949;0.137085;0.022949;0.137360;0.022949;0.137939;0.022949;
0.142670;0.022675;0.142944;0.022675;0.143219;0.022400;0.143494;0.022400;0.144043;0.022400;0.144318;0.022125;0.144897;0.022125;0.145447;0.022125;0.145996;0.021851;0.146545;0.021851;0.147400;0.021576;0.147949;0.021576;0.148499;0.021301;0.149048;0.021301;0.149902;0.021301;0.150452;0.020996;0.150726;0.020996;0.151276;0.020996;0.151550;0.020996;0.151825;0.020996;0.152130;0.020996;0.152405;0.020996;0.152679;0.020996;0.152954;0.020996;
0.154327;0.021301;0.154633;0.021301;0.154633;0.021576;0.154907;0.021576;0.154907;0.021851;0.155182;0.021851;0.155457;0.022125;0.155457;0.022400;0.155731;0.022675;0.156281;0.022675;0.156555;0.023224;0.156830;0.023529;0.157135;0.024078;0.157410;0.024353;0.157684;0.024902;0.157959;0.025452;0.158234;0.025726;0.158508;0.026306;0.158783;0.026581;0.158783;0.026855;0.159058;0.027130;0.159058;0.027405;0.159058;0.027679;0.159058;0.027954;0.159058;0.028259;
0.158508;0.028534;0.158234;0.028809;0.157959;0.029083;0.157959;0.029358;0.157684;0.029907;0.157684;0.030182;0.157410;0.030762;0.157410;0.031036;0.157135;0.031586;0.156830;0.031860;0.156555;0.032410;0.156281;0.032684;0.156281;0.032959;0.156006;0.033264;0.156006;0.033539;0.155731;0.033539;0.155731;0.033813;
0.138489;0.022400;0.139038;0.022400;0.139313;0.022400;0.139587;0.022400;0.140167;0.022400;0.140717;0.022675;0.140991;0.022675;0.141541;0.022675;0.141815;0.022675;0.142090;0.022675;0.142090;0.022949;0.142395;0.022949;0.142670;0.022949;0.142944;0.023224;0.142944;0.023529;0.143219;0.023529;0.143219;0.023804;0.143494;0.024078;0.144043;0.024628;0.144318;0.024902;0.144592;0.025177;0.145172;0.025452;0.145447;0.026031;0.145721;0.026306;0.146271;0.026581;0.146545;0.026855;0.146820;0.026855;0.147095;0.027130;0.147400;0.027405;0.147675;0.027405;0.147949;0.027405;0.148224;0.027405;0.148499;0.027405;0.148499;0.027130;0.148499;0.026855;0.148224;0.026855;
0.145172;0.023804;0.145172;0.023529;0.145172;0.023224;0.145447;0.023224;0.145721;0.023224;0.145996;0.023224;0.146271;0.023529;0.146545;0.023804;0.146820;0.024078;0.146820;0.024353;0.147095;0.024902;0.147400;0.025177;0.147675;0.025452;0.147675;0.025726;0.147949;0.026031;0.148224;0.026306;0.148499;0.026306;0.148773;0.026306;0.149048;0.026306;0.149323;0.026306;0.149323;0.026031;0.149628;0.026031;0.150177;0.026031;0.150452;0.025726;0.151001;0.025452;0.151550;0.025452;0.152130;0.025177;0.152679;0.024902;0.153229;0.024628;0.153778;0.024353;0.154053;0.024078;0.154633;0.024078;0.155182;0.023804;0.155457;0.023804;0.155731;0.023804;0.156006;0.023529;0.155731;0.023529;0.155457;0.023529;0.155182;0.023804;0.154907;0.023804;0.154327;0.024078;0.154053;0.024353;0.153503;0.024628;0.153229;0.024902;
0.124298;0.037140;0.124298;0.037415;0.124573;0.037689;0.124573;0.037964;0.124847;0.038269;0.124847;0.038544;0.124573;0.038818;
0.124023;0.039917;0.124023;0.040192;0.124298;0.040192;0.124298;0.039917;0.124847;0.039642;0.125122;0.039642;0.125427;0.039368;0.125977;0.039093;0.126526;0.038818;0.127075;0.038544;0.127350;0.038544;0.127930;0.038269;
0.130981;0.036865;0.130707;0.036865;0.130707;0.037140;0.130432;0.037140;0.130432;0.037415;0.130432;0.037689;0.130157;0.037689;0.130157;0.037964;0.130432;0.037964;
0.137939;0.028809;0.137939;0.029083;0.137665;0.029358;0.137360;0.029633;0.137085;0.029907;0.136810;0.030182;0.136810;0.030457;0.136536;0.030762;0.136261;0.031036;0.135986;0.031311;0.135712;0.031586;0.135437;0.031860;0.135162;0.032135;0.135162;0.032410;0.134857;0.032684;0.134857;0.032959;0.134857;0.033264;0.134857;0.033539;0.134857;0.033813;0.134857;0.034088;0.135162;0.034363;0.135437;0.034363;0.135712;0.034637;0.135986;0.035187;0.136261;0.035461;0.136536;0.035767;0.136810;0.036316;0.137085;0.036865;0.137360;0.037140;0.137665;0.037415;0.137939;0.037964;0.137939;0.038269;0.138214;0.038269;0.138214;0.038544;0.138214;0.038818;0.138489;0.038818;
0.138489;0.039093;0.138763;0.039093;0.139038;0.039093;0.139313;0.039368;0.139587;0.039368;0.139862;0.039642;0.140442;0.039642;0.140717;0.039917;0.141266;0.040192;0.141815;0.040192;0.142395;0.040466;0.142944;0.040771;0.143494;0.041046;0.144318;0.041321;0.144897;0.041870;0.145172;0.042145;
0.143219;0.032135;0.143494;0.032135;0.143768;0.032135;0.144318;0.032410;0.144897;0.032684;0.145447;0.032684;0.145996;0.032959;0.146545;0.032959;0.147400;0.033264;0.148224;0.033264;0.149048;0.033264;0.149902;0.033539;0.151001;0.033813;0.151825;0.034088;0.152679;0.034363;
0.157684;0.034637;0.157684;0.034363;0.157959;0.034363;0.158234;0.034637;0.158783;0.034637;0.159058;0.034912;0.159332;0.034912;0.159637;0.034912;0.160187;0.035187;0.160461;0.035187;0.160736;0.035461;0.161011;0.035461;0.161011;0.035767;0.161285;0.036041;0.161285;0.036316;
0.158783;0.032410;0.158508;0.032410;0.158783;0.032410;0.159058;0.032684;0.159332;0.032959;0.159637;0.033264;0.159912;0.033264;0.160187;0.033539;0.160461;0.033813;0.161011;0.034088;0.161865;0.034363;0.162415;0.034912;0.162689;0.034912;0.162964;0.035187;0.162964;0.035461;0.163239;0.035767;0.163239;0.036041;0.163239;0.036316;0.163239;0.036591;0.163239;0.036865;0.163239;0.037140;0.163239;0.037415;0.163239;0.037689;0.163239;0.038269;0.163239;0.038544;0.162964;0.039093;0.162964;0.039642;0.162964;0.039917;0.162964;0.040466;0.162964;0.041046;0.162964;0.041321;0.163239;0.041870;0.163239;0.042145;0.163513;0.042419;0.163513;0.042694;0.163788;0.042999;0.163788;0.043274;0.164062;0.043549;
0.147675;0.042999;0.147675;0.043274;0.147949;0.043274;0.148499;0.043549;0.148773;0.043823;0.149323;0.044098;0.149902;0.044373;0.150726;0.044922;0.151276;0.045197;0.151825;0.045502;0.152679;0.046051;0.153229;0.046326;0.153778;0.046600;0.154327;0.046875;0.154633;0.047150;0.154907;0.047424;0.155182;0.047729;0.155457;0.048004;0.155731;0.048279;0.156006;0.048279;0.156281;0.048553;0.156281;0.048828;0.156555;0.048828;
0.155731;0.049927;0.156006;0.050232;0.156006;0.050507;0.156281;0.051056;0.156555;0.051605;0.156555;0.051880;0.156830;0.052429;0.156830;0.052734;0.157135;0.053284;0.157135;0.053558;0.157410;0.054108;0.157410;0.054657;0.157410;0.054932;0.157684;0.055237;0.157684;0.055511;0.157959;0.055786;0.158234;0.056061;
0.163513;0.044647;0.163788;0.044647;0.164062;0.044922;0.164368;0.044922;0.164642;0.044922;0.164917;0.044922;
0.163788;0.043549;0.163788;0.043274;0.164062;0.043274;0.164368;0.043549;0.164642;0.043549;0.165192;0.043823;0.165466;0.044098;0.166016;0.044373;0.166565;0.044647;0.167145;0.044922;0.167419;0.045197;0.167969;0.045502;0.168518;0.045776;0.168793;0.046051;0.169098;0.046051;0.169373;0.046326;0.169647;0.046326;0.169922;0.046600;0.170197;0.046600;0.170471;0.046600;0.170471;0.046875;0.170746;0.046875;0.171021;0.047150;0.171021;0.047424;0.171295;0.047729;0.171295;0.048004;0.171295;0.048279;0.171600;0.048553;0.171600;0.048828;0.171600;0.049103;0.171600;0.049377;0.171600;0.049652;0.171600;0.049927;0.171600;0.050232;0.171600;0.050781;0.171600;0.051056;0.171600;0.051605;0.171600;0.052155;0.171600;0.052734;0.171600;0.053284;0.171295;0.054382;0.171021;0.055511;0.170746;0.056610;0.170746;0.057434;0.170471;0.058289;0.170197;0.059387;0.169922;0.060516;0.169647;0.061615;0.169647;0.062469;0.169373;0.063019;0.169098;0.063568;0.168793;0.064117;0.168793;0.064392;0.168518;0.064972;0.168243;0.065247;0.168243;0.065521;0.167969;0.066071;0.167694;0.066620;0.167419;0.066895;0.167419;0.067474;0.167145;0.067749;
0.160187;0.071625;0.160461;0.071625;0.160461;0.071899;0.160736;0.071899;0.161011;0.072205;0.161011;0.072479;0.161285;0.072754;0.161560;0.073029;0.161865;0.073303;0.162140;0.073303;0.162415;0.073578;
0.122620;0.048553;0.122620;0.049377;0.122620;0.049927;0.122620;0.050507;0.122925;0.051056;0.122925;0.051880;0.122925;0.052734;0.123199;0.053833;0.123199;0.054932;0.123199;0.055786;0.123474;0.056610;0.123474;0.057159;0.123474;0.057739;0.123474;0.058014;0.123749;0.058289;0.123749;0.058563;
0.123749;0.059937;0.124023;0.060242;0.124023;0.060516;0.124023;0.060791;0.124023;0.061066;0.124298;0.061340;0.124298;0.061615;0.124573;0.062164;0.124847;0.062744;0.125122;0.063293;0.125427;0.063843;0.125702;0.064392;0.125977;0.064667;0.126526;0.065247;0.126801;0.065796;0.127075;0.066071;0.127350;0.066620;0.127655;0.066895;0.127930;0.067169;0.127930;0.067749;0.128204;0.068024;0.128479;0.068024;0.128479;0.068298;0.128479;0.068573;0.128754;0.068848;
0.124573;0.052734;0.124573;0.053009;0.124573;0.053284;0.124573;0.053558;0.124573;0.054108;0.124573;0.054932;0.124573;0.055511;0.124298;0.056335;0.124298;0.056610;0.124023;0.057159;0.124023;0.057434;0.123749;0.058014;0.123749;0.058289;0.123749;0.058563;0.123749;0.058838;0.123749;0.059113;0.123749;0.059387;0.123749;0.059662;
0.124023;0.058838;0.123749;0.058838;0.123749;0.059113;0.124023;0.059662;0.124023;0.059937;0.124298;0.060516;0.124298;0.061340;0.124573;0.061890;0.124847;0.062744;0.125122;0.063568;0.125427;0.064117;0.125702;0.064972;0.125977;0.065521;0.126251;0.066620;0.126801;0.067474;0.127075;0.068298;0.127350;0.068848;0.127930;0.069702;0.128204;0.070251;0.128479;0.070801;0.128754;0.071075;0.129028;0.071625;0.129028;0.071899;0.129303;0.072479;0.129578;0.072754;0.129578;0.073029;0.129852;0.073029;0.130157;0.073029;0.130157;0.073303;
0.127655;0.067749;0.127655;0.067474;0.127350;0.067474;0.127655;0.067474;0.127655;0.067169;0.127655;0.067474;0.127930;0.067749;0.127930;0.068024;0.127930;0.068298;0.128204;0.068573;0.128204;0.068848;0.128204;0.069397;0.128479;0.069702;0.128754;0.070251;0.128754;0.070526;0.129028;0.071075;0.129303;0.071625;0.129303;0.072479;0.129578;0.073029;0.129852;0.073578;0.130157;0.074127;0.130157;0.074402;0.130432;0.074982;0.130707;0.075256;0.130707;0.075531;0.130981;0.075806;0.131256;0.075806;0.131256;0.076080;0.131531;0.076355;0.131805;0.076355;0.132080;0.076630;0.132355;0.076630;0.132660;0.076630;0.132935;0.076630;0.133209;0.076630;0.133484;0.076904;0.133759;0.076904;0.134033;0.076904;0.134308;0.077209;0.134583;0.077209;0.134857;0.077484;0.135162;0.077484;0.135437;0.077759;0.135986;0.077759;0.136261;0.078033;0.136536;0.078033;0.136810;0.078308;0.137085;0.078308;0.137360;0.078308;0.137665;0.078583;0.137939;0.078583;0.138214;0.078857;0.138489;0.078857;0.138763;0.078857;0.139038;0.078857;0.139038;0.079132;0.138763;0.079132;0.138763;0.078857;0.139038;0.078857;0.139313;0.078583;0.139587;0.078583;0.139862;0.078308;0.140167;0.078308;0.140442;0.078308;0.140717;0.078033;0.140991;0.078033;0.141266;0.078033;0.141541;0.078033;0.141815;0.078033;0.142090;0.077759;0.142395;0.077759;0.142670;0.077759;0.142944;0.077759;0.143219;0.077484;0.143494;0.077484;0.143768;0.077484;
0.156006;0.064392;0.155731;0.064972;0.155457;0.065247;0.155182;0.065521;0.155182;0.066071;0.154907;0.066620;0.154633;0.067474;0.154053;0.068024;0.153778;0.068848;0.153503;0.069397;0.153229;0.069702;0.152954;0.069977;0.152954;0.070251;0.152679;0.070526;0.152679;0.070801;0.152405;0.070801;0.152405;0.071075;0.152405;0.070801;0.152679;0.070526;0.152679;0.070251;0.152954;0.069977;0.153229;0.069702;0.153229;0.069397;0.153503;0.068848;0.153778;0.068573;0.153778;0.068024;0.154053;0.067474;0.154327;0.066895;0.154327;0.066620;
0.155457;0.063843;0.155457;0.064117;0.155182;0.064392;0.155182;0.064972;0.154907;0.065521;0.154633;0.066345;0.154327;0.067169;0.154053;0.068298;0.153503;0.069122;0.152954;0.070251;0.152405;0.071075;0.151825;0.072205;0.151550;0.073303;0.151001;0.074127;0.150726;0.074707;0.150177;0.075256;0.150177;0.075531;0.149902;0.075806;0.150177;0.075806;0.150452;0.075531;
0.136536;0.079987;0.136810;0.079987;0.136810;0.080261;0.137085;0.080536;0.137085;0.081085;0.137360;0.081360;0.137665;0.081940;0.137939;0.082489;0.138489;0.083313;0.139038;0.084137;0.139313;0.084991;0.139862;0.086090;0.140442;0.086945;0.140991;0.087769;0.141541;0.088593;0.142090;0.089447;0.142670;0.090546;0.143219;0.091675;0.143494;0.092773;0.144043;0.093597;0.144592;0.094177;0.145172;0.094727;0.145447;0.095001;0.145996;0.095551;0.146271;0.096100;0.146545;0.096680;0.146545;0.096954;0.146545;0.097229;0.146820;0.097504;0.146820;0.097778;0.146545;0.097778;
0.164368;0.069122;0.164917;0.069122;0.165192;0.069122;0.165741;0.069122;0.166016;0.069122;0.166565;0.069122;0.167145;0.069122;0.167419;0.069122;0.167694;0.069122;0.168243;0.069122;0.168793;0.069122;0.169098;0.069397;0.169647;0.069702;0.169922;0.069702;0.170197;0.069977;0.170746;0.069977;0.171021;0.069977;0.171021;0.070251;0.171295;0.070251;0.171600;0.070526;0.171875;0.070526;0.171875;0.070801;0.171875;0.071075;0.171875;0.071350;0.171875;0.071625;0.171875;0.072205;0.171875;0.072479;0.171875;0.073029;0.171600;0.073303;0.171295;0.073853;0.171295;0.074402;0.171021;0.074982;0.170471;0.075256;0.170197;0.075806;0.169647;0.076355;0.169373;0.076904;0.169098;0.077484;0.168793;0.077759;0.168518;0.078033;0.168243;0.078308;0.167969;0.078583;0.167694;0.078857;0.167694;0.078583;0.167694;0.078308;0.167419;0.078308;0.167419;0.078033;0.167419;0.077759;0.167419;0.077484;
0.160461;0.073578;0.160736;0.073578;0.161011;0.073578;0.161560;0.073578;0.162140;0.073578;0.162689;0.073578;0.163239;0.073303;0.163788;0.073303;0.164642;0.073303;0.165192;0.073029;0.165741;0.073029;0.166290;0.072754;0.166870;0.072754;0.167419;0.072479;0.167969;0.072479;0.168518;0.072205;0.169098;0.072205;0.169373;0.071899;0.169647;0.071899;0.170197;0.071899;0.170471;0.071899;0.170746;0.071899;0.171021;0.071899;0.171021;0.072205;0.171021;0.072479;0.171021;0.072754;0.171021;0.073029;0.171021;0.073303;0.171021;0.073578;0.171021;0.073853;0.171021;0.074402;0.170746;0.074707;0.170471;0.074982;0.170197;0.075531;0.169922;0.075806;0.169647;0.076080;0.169373;0.076355;0.169373;0.076630;0.169098;0.076630;0.169098;0.076904;0.168793;0.076904;
0.165741;0.074402;0.165741;0.074707;0.165741;0.074982;0.165741;0.075256;0.165741;0.075531;0.165741;0.075806;0.165466;0.076080;0.165466;0.076355;0.165466;0.076630;
0.123474;0.034912;0.123199;0.035187;0.122925;0.035187;0.122620;0.035461;0.122345;0.035767;0.121796;0.036316;0.121246;0.036865;0.120697;0.037689;0.120117;0.037964;0.119293;0.038544;0.118744;0.039093;0.117889;0.039368;0.117340;0.039917;0.116791;0.040192;0.115967;0.040466;0.115387;0.041046;0.114563;0.041321;0.114288;0.041870;0.113739;0.042145;0.113464;0.042419;0.113464;0.042694;0.113464;0.042999;0.113190;0.043274;0.113190;0.043549;0.113190;0.043823;0.113190;0.044098;0.113190;0.044373;0.113464;0.044373;0.113464;0.044647;0.113464;0.044922;0.113739;0.045197;0.113739;0.045502;0.114014;0.045776;0.114288;0.046051;0.114838;0.046326;0.115112;0.046875;0.115387;0.047150;0.115692;0.047424;0.115967;0.047729;0.116241;0.048004;0.116516;0.048279;0.116791;0.048553;0.117065;0.049103;0.117340;0.049377;0.117340;0.049652;0.117615;0.049652;0.117889;0.049652;0.117889;0.049377;0.117889;0.049103;0.117615;0.048828;0.117615;0.048553;0.117615;0.048279;0.117889;0.048279;
0.117889;0.048279;0.117889;0.048553;0.117615;0.049103;0.117615;0.049652;0.117615;0.049927;0.117615;0.050232;0.117340;0.050781;0.117340;0.051056;0.117340;0.051605;0.117340;0.051880;0.117065;0.052155;0.117065;0.052734;0.116791;0.053009;0.116791;0.053284;0.116791;0.053558;0.116516;0.053833;0.116516;0.054108;0.116516;0.054382;0.116516;0.054657;0.116516;0.054932;0.116516;0.055237;0.116516;0.055511;0.116516;0.055786;0.116791;0.056061;0.116791;0.056335;0.117065;0.056335;0.117340;0.056610;0.117615;0.056610;0.117889;0.056885;0.118195;0.056885;0.118469;0.057159;0.118744;0.057434;0.119293;0.057739;0.119568;0.057739;0.119843;0.058014;0.120392;0.058289;0.120697;0.058563;0.120972;0.058563;0.121521;0.058838;0.121796;0.058838;0.122070;0.059113;0.122345;0.059113;0.122345;0.059387;0.122620;0.059387;0.122620;0.059113;0.122345;0.058838;
0.119019;0.048004;0.119019;0.047729;0.119293;0.047729;0.119568;0.047729;0.119843;0.048004;0.120117;0.048279;0.120392;0.048553;0.120697;0.048828;0.120972;0.049103;0.121246;0.049103;0.121521;0.049377;0.121796;0.049377;0.122070;0.049377;0.122070;0.049652;0.122070;0.049927;0.122070;0.050232;0.122070;0.050507;0.122070;0.050781;0.122070;0.051056;0.122070;0.051331;0.122070;0.051605;0.121796;0.051880;0.121796;0.052155;0.121796;0.052734;0.121796;0.053009;0.121796;0.053284;0.121796;0.053833;0.121796;0.054108;0.121796;0.054657;0.121796;0.054932;0.121796;0.055237;0.121796;0.055511;0.121796;0.055786;0.121796;0.056061;0.121796;0.056335;0.121796;0.056610;0.122070;0.056610;0.122345;0.056885;0.122620;0.056885;0.122925;0.057159;0.123199;0.057159;0.123199;0.057434;0.123474;0.057434;0.123474;0.057739;0.123749;0.057739;0.123749;0.058014;0.123749;0.057739;0.123474;0.057739;0.123474;0.057434;0.123474;0.057159;
0.123199;0.046326;0.123199;0.046051;0.123199;0.045776;0.123474;0.045502;0.123474;0.045197;0.123749;0.044922;0.124023;0.044647;0.124023;0.044373;0.124298;0.044098;0.124298;0.043823;0.124298;0.044098;0.124298;0.044373;0.124298;0.044647;
0.124023;0.044647;0.124023;0.044922;
0.124023;0.044922;
0.124023;0.044922;0.124298;0.044647;0.124573;0.044647;0.124847;0.044373;0.125122;0.044373;0.125427;0.044098;0.125977;0.044098;0.126526;0.043823;0.126801;0.043549;0.127350;0.043274;0.127930;0.042999;0.128204;0.042694;0.129028;0.042419;0.129303;0.042419;0.129578;0.042145;0.129852;0.042145;0.129852;0.041870;0.130157;0.041870;0.130157;0.041595;0.130432;0.041321;0.130707;0.041321;0.130707;0.041046;0.130981;0.040771;0.131256;0.040466;0.131531;0.040192;0.131805;0.039917;0.132080;0.039642;0.132355;0.039368;0.132660;0.039093;0.132935;0.038818;0.132935;0.038544;0.133209;0.038269;0.133484;0.037964;0.133484;0.037689;0.133759;0.037415;0.133759;0.037140;0.133759;0.037415;0.133759;0.037689;0.133484;0.037689;
0.124847;0.036865;0.125122;0.037415;0.125427;0.037964;0.125427;0.038269;0.125702;0.038269;0.125702;0.038544;0.125977;0.038818;0.126251;0.038818;0.126526;0.038818;0.126801;0.038818;0.127075;0.038818;0.127350;0.038818;0.127655;0.038818;0.127655;0.038544;0.128204;0.038544;0.128479;0.038269;0.128754;0.038269;0.129028;0.037964;0.129578;0.037689;0.130157;0.037415;0.130432;0.037140;0.130981;0.036591;0.131531;0.036316;0.131805;0.036041;0.132660;0.035461;0.132935;0.035461;0.133209;0.035187;0.133484;0.035187;0.133484;0.034912;0.133759;0.034912;0.133484;0.034912;0.133209;0.034912;0.132935;0.034912;0.132660;0.034912;0.132355;0.035187;0.132080;0.035187;0.131531;0.035187;
0.129303;0.032959;0.129028;0.033264;0.128754;0.033539;0.128754;0.033813;0.128754;0.034088;0.128479;0.034363;0.128479;0.034637;0.128479;0.034912;0.128204;0.035187;0.128479;0.035187;0.128754;0.035187;0.129028;0.035187;0.129303;0.035187;0.129578;0.034912;0.130157;0.034637;0.130432;0.034637;0.130707;0.034363;0.131256;0.034363;0.131805;0.034088;0.132080;0.033813;0.132660;0.033813;0.132935;0.033539;0.133209;0.033539;0.133484;0.033539;0.133484;0.033264;0.133759;0.033264;0.133484;0.033264;0.133484;0.033539;
0.135712;0.034363;0.135712;0.034637;0.135437;0.034637;0.135437;0.034912;0.135437;0.035187;0.135162;0.035461;0.134857;0.036041;0.134857;0.036591;0.134583;0.036591;0.134308;0.037140;0.134308;0.037415;0.134033;0.037964;0.134033;0.038269;0.133759;0.038544;
0.140442;0.051605;0.141266;0.051331;0.141815;0.051331;0.142090;0.051331;0.142670;0.051056;0.142944;0.051056;0.143219;0.051056;0.143494;0.051056;0.143768;0.051056;0.144043;0.051056;0.144318;0.051056;0.144043;0.051056;0.143768;0.051056;0.143494;0.051056;0.143219;0.051056;0.142944;0.051056;0.142670;0.051056;0.142395;0.051056;0.142090;0.051056;0.141815;0.051056;0.141541;0.051056;0.141266;0.051056;0.141541;0.051056;0.141815;0.051056;0.142090;0.051056;0.142395;0.051056;0.142944;0.051056;0.143219;0.051056;0.143768;0.051056;0.144318;0.051056;0.144897;0.051056;0.145447;0.051331;0.145996;0.051331;0.146271;0.051605;0.146820;0.051605;0.147095;0.051605;0.147400;0.051880;0.147949;0.051880;0.148224;0.052155;0.148499;0.052155;0.148499;0.052429;0.148773;0.052429;0.148499;0.052429;
0.142944;0.053284;0.142670;0.053284;0.142395;0.053284;0.142090;0.053284;0.142090;0.053558;0.142090;0.053833;
0.141541;0.053833;0.141266;0.053833;0.141541;0.053833;0.141815;0.053558;0.142090;0.053558;0.142395;0.053284;0.142670;0.053284;0.142944;0.053284;0.142944;0.053009;0.143219;0.053009;0.142944;0.053009;0.142670;0.053009;
0.142670;0.053009;0.142944;0.053009;0.143219;0.052734;0.143494;0.052734;0.143768;0.052734;0.144043;0.052734;0.144318;0.052734;0.144592;0.052429;0.144897;0.052429;0.145172;0.052429;0.145447;0.052429;0.145721;0.052734;0.145996;0.052734;0.146271;0.052734;0.146545;0.053009;0.146820;0.053009;0.147095;0.053284;0.147400;0.053558;0.147675;0.053558;0.147949;0.053833;0.148224;0.053833;0.148499;0.054108;0.148773;0.054108;0.149048;0.054382;0.148773;0.054382;0.148499;0.054382;
0.142090;0.056061;0.142395;0.056061;0.142395;0.056335;0.142670;0.056335;0.142944;0.056335;0.142944;0.056610;0.142670;0.056610;0.142944;0.056610;0.142944;0.056885;0.143219;0.056885;0.143494;0.056885;0.143494;0.057159;0.143768;0.057159;0.144043;0.057159;0.144318;0.057159;0.144592;0.057159;0.144897;0.057159;0.145172;0.056885;0.145447;0.056885;0.145721;0.056885;0.145996;0.056885;0.145996;0.056610;0.146271;0.056610;0.146545;0.056610;0.146820;0.056610;0.147095;0.056335;0.147400;0.056335;0.147675;0.056335;0.147949;0.056335;0.147949;0.056061;0.148224;0.056061;0.147949;0.056061;0.147949;0.056335;0.147675;0.056335;0.147400;0.056610;0.147095;0.056610;0.146820;0.056610;0.146545;0.056885;0.146820;0.056885;0.146820;0.056610;0.147095;0.056610;0.147400;0.056335;
0.129852;0.052429;0.130157;0.052734;
0.125702;0.052734;0.125977;0.052734;0.126251;0.052734;0.126526;0.052734;0.127075;0.052429;0.127350;0.052429;0.127930;0.052429;0.128479;0.052429;0.128754;0.052429;0.129028;0.052429;0.129303;0.052429;0.129578;0.052429;0.129852;0.052429;0.129578;0.052429;0.129303;0.052429;0.129028;0.052429;0.128754;0.052734;0.128479;0.052734;0.127930;0.052734;0.127655;0.052734;0.127350;0.052734;0.126801;0.053009;0.126526;0.053009;0.126251;0.053009;0.125977;0.053009;0.125702;0.053009;0.125427;0.053009;0.125427;0.053284;0.125122;0.053284;0.125122;0.053558;0.125122;0.053833;0.125122;0.054108;
0.124573;0.054657;0.124573;0.054382;0.124847;0.054108;0.125122;0.053833;0.125427;0.053558;0.125977;0.053284;0.126251;0.053009;0.126801;0.053009;0.127350;0.052734;0.127655;0.052734;0.128204;0.052429;0.128479;0.052429;0.128754;0.052429;0.129028;0.052429;0.129303;0.052429;0.129578;0.052429;0.129852;0.052429;0.129852;0.052734;0.130157;0.052734;0.130157;0.053009;0.130432;0.053009;
0.124847;0.055786;0.125122;0.055786;0.125427;0.055511;0.125702;0.055511;0.125977;0.055511;0.125977;0.055786;0.125702;0.055786;0.125427;0.055786;0.125427;0.055511;0.125122;0.055511;0.124847;0.055237;0.124847;0.054932;0.124573;0.054932;0.124573;0.054657;0.124298;0.054382;0.124298;0.054108;0.124298;0.053833;0.124573;0.053833;0.124847;0.053833;0.125122;0.053833;0.125427;0.053833;0.125702;0.053558;0.125977;0.053558;0.126526;0.053558;0.127350;0.053558;0.127655;0.053558;0.127930;0.053558;0.128204;0.053558;0.128479;0.053558;0.128754;0.053558;0.129028;0.053558;0.129303;0.053833;0.129578;0.053833;0.129852;0.054108;0.130157;0.054382;0.130432;0.054657;0.130707;0.054932;0.130981;0.055237;0.130981;0.055511;0.131256;0.055511;0.130981;0.055511;0.130707;0.055511;0.130432;0.055511;0.130432;0.055237;0.130157;0.055237;0.129852;0.055237;0.129852;0.054932;0.129578;0.054932;0.129852;0.054932;0.130157;0.054932;0.130432;0.054932;0.130432;0.055237;0.130707;0.055237;0.130981;0.055237;0.130981;0.055511;0.130981;0.055237;0.130707;0.055237;0.130707;0.054932;0.130432;0.054932;0.130432;0.054657;0.130157;0.054382;0.129852;0.054108;0.129578;0.054108;0.129303;0.053833;0.129028;0.053833;0.128754;0.053833;0.128479;0.053833;0.128204;0.054108;0.127930;0.054108;0.127655;0.054108;0.127350;0.054382;0.126801;0.054382;0.126526;0.054657;0.126251;0.054932;0.125977;0.054932;0.125702;0.055237;0.125427;0.055511;0.125122;0.055786;
0.125427;0.055786;0.125122;0.055786;0.125122;0.056061;0.125122;0.056335;0.125122;0.056610;0.125122;0.056885;0.125122;0.057159;0.124847;0.057159;0.124573;0.057159;0.124298;0.057159;0.124573;0.057159;0.124847;0.057159;0.125122;0.057159;0.125427;0.057434;0.125702;0.057739;0.125977;0.057739;0.125977;0.058014;0.126251;0.058014;0.126526;0.058014;0.126251;0.058014;0.125977;0.057739;0.125702;0.057739;0.125977;0.057739;0.126251;0.057739;0.126526;0.057739;0.126801;0.057739;0.127075;0.057739;0.127075;0.058014;
0.126801;0.057434;0.126526;0.057434;0.126251;0.057434;0.126251;0.057159;0.125977;0.056885;0.125702;0.056885;0.125977;0.056885;0.126251;0.056885;0.126526;0.056885;0.126801;0.057159;0.127075;0.057159;0.126801;0.057159;0.126526;0.057159;0.126251;0.057159;0.126251;0.056885;0.125977;0.056885;0.125977;0.056610;0.125977;0.056335;0.125977;0.056610;0.126251;0.056610;0.126526;0.056885;0.126801;0.056885;0.127075;0.057159;0.127350;0.057434;0.127655;0.057434;0.127930;0.057434;
0.127655;0.057434;0.127930;0.057434;0.128204;0.057434;0.128479;0.057159;0.128754;0.057159;0.129028;0.056885;0.129303;0.056885;0.129578;0.056885;0.129578;0.056610;0.129852;0.056610;0.130157;0.056610;0.130432;0.056610;0.130432;0.056335;0.130157;0.056335;0.130157;0.056610;0.129852;0.056610;0.129578;0.056885;0.129303;0.056885;0.129028;0.056885;0.129028;0.057159;0.129303;0.057159;0.129578;0.057159;0.129852;0.056885;
0.129852;0.053284;0.130157;0.053558;0.130432;0.053833;0.130432;0.054108;0.130707;0.054382;0.130707;0.054657;0.130981;0.054932;0.130981;0.055237;0.131256;0.055511;0.131256;0.055786;0.131531;0.056061;0.131805;0.056335;
0.130432;0.053009;0.130432;0.053284;0.130707;0.053284;
0.130432;0.053009;0.130432;0.053284;0.130707;0.053284;0.130707;0.053558;0.130981;0.053558;0.130981;0.053833;0.131256;0.054108;0.131256;0.054382;0.131256;0.054108;0.130981;0.054108;0.130981;0.053833;0.130707;0.053833;0.130707;0.053558;0.130432;0.053558;0.130707;0.053558;0.130707;0.053833;0.130981;0.054108;0.130981;0.054382;0.131256;0.054657;0.131256;0.054932;0.131531;0.055237;0.131805;0.055511;
0.137360;0.052429;0.137360;0.052734;0.137665;0.052734;0.137665;0.053009;0.137939;0.053009;0.138214;0.053284;0.138489;0.053558;0.138763;0.053558;0.138763;0.053833;0.139038;0.053833;0.139038;0.054108;0.139313;0.054108;0.139313;0.054382;0.139313;0.054108;0.139038;0.054108;0.139038;0.053833;0.138763;0.053558;0.138489;0.053284;0.138214;0.053284;0.137939;0.053009;0.137665;0.052734;0.137360;0.052734;0.137665;0.052734;0.137939;0.052734;0.138214;0.052734;0.138214;0.053009;0.137939;0.052734;0.137665;0.052429;0.137665;0.052155;0.137665;0.051880;0.137665;0.051605;0.137939;0.051605;0.138214;0.051331;0.138489;0.051331;0.138763;0.051331;0.139038;0.051056;0.139313;0.051056;0.139587;0.051056;0.140167;0.050781;0.140442;0.050781;0.140717;0.050781;0.140991;0.050507;0.141266;0.050507;0.141541;0.050507;0.141541;0.050781;0.141266;0.050781;
0.139862;0.052429;0.139862;0.052734;0.139862;0.053009;0.139862;0.053284;0.139862;0.053558;0.139862;0.053833;0.139862;0.054108;0.139862;0.054382;0.140167;0.054382;0.140167;0.054657;
0.139862;0.055237;0.140167;0.055237;0.140442;0.054932;0.140717;0.054932;0.140991;0.054657;0.141266;0.054382;0.141541;0.054108;0.141815;0.053833;0.142090;0.053558;0.142395;0.053284;0.142670;0.053284;0.142670;0.053009;0.142944;0.052734;0.143219;0.052734;0.142944;0.052734;
0.130981;0.057739;0.131256;0.058014;0.131256;0.058289;0.131531;0.058563;0.131531;0.058838;0.131805;0.058838;0.131805;0.059113;
0.132355;0.057739;0.132355;0.058014;0.132355;0.058289;0.132355;0.058563;0.132355;0.058838;0.132355;0.059113;0.132355;0.059387;0.132355;0.059662;0.132355;0.060242;0.132355;0.060516;0.132355;0.061066;0.132355;0.061340;0.132080;0.061615;0.132080;0.061890;0.132080;0.062164;0.131805;0.062469;0.131805;0.062744;0.131805;0.063019;
0.132080;0.063019;0.132080;0.063293;0.132080;0.063568;0.132355;0.063568;
0.131805;0.062744;0.131805;0.063019;0.131531;0.063293;0.131256;0.063568;0.131256;0.063843;0.131256;0.064117;0.131531;0.064117;0.131805;0.064392;0.132080;0.064667;0.132355;0.064972;0.132355;0.065247;0.132660;0.065521;0.132660;0.065796;0.132660;0.066071;0.132935;0.066071;0.132935;0.066345;0.133209;0.066620;0.132935;0.066620;0.132660;0.066620;0.133209;0.066620;0.133484;0.066620;0.133759;0.066620;0.133759;0.066895;0.134033;0.066895;0.134033;0.067169;0.134308;0.067474;0.134308;0.067169;0.134308;0.066895;0.134583;0.066895;0.134583;0.066620;0.134857;0.066345;0.135162;0.066345;0.135162;0.066071;0.135437;0.066071;0.135712;0.065796;0.135986;0.065521;0.136261;0.065521;0.136261;0.065796;
0.137085;0.065247;0.137360;0.065247;0.137665;0.065247;0.137939;0.065521;0.138214;0.065521;0.138489;0.065521;0.138489;0.065796;0.138489;0.066071;0.138214;0.066071;0.138214;0.066345;0.137939;0.066345;0.137939;0.066620;0.137665;0.066620;0.137360;0.066895;0.137085;0.066895;0.136810;0.066895;0.136536;0.067169;0.136261;0.067169;0.135986;0.067474;0.135712;0.067474;0.135986;0.067474;0.136261;0.067474;0.136261;0.067169;0.136536;0.067169;0.136810;0.067169;0.137085;0.067169;0.137360;0.067169;0.137665;0.067169;
0.132355;0.070251;0.132660;0.070251;0.132935;0.070251;0.133209;0.069977;0.133484;0.069977;0.133759;0.069977;0.134033;0.069977;0.134308;0.069977;0.134583;0.069977;0.134857;0.069977;0.135162;0.069977;0.135437;0.070251;0.135712;0.070251;0.135986;0.070251;0.136261;0.070251;0.136536;0.070251;0.136536;0.069977;0.136810;0.069977;0.137085;0.069977;0.137360;0.069977;0.137665;0.069977;0.137939;0.069977;0.138214;0.069977;0.138489;0.069977;0.138763;0.069977;0.138763;0.069702;0.139038;0.069702;0.139313;0.069702;0.139587;0.069702;0.139862;0.069702;0.140167;0.069702;0.140442;0.069702;0.140442;0.069977;0.140717;0.069977;0.140991;0.069977;0.140717;0.069977;0.140442;0.069977;0.140167;0.069977;0.139862;0.069977;0.139862;0.069702;0.140167;0.069702;0.140442;0.069702;0.140167;0.069702;0.139862;0.069702;0.139587;0.069702;0.139313;0.069702;0.139038;0.069702;0.138763;0.069702;
0.132660;0.069977;0.132935;0.069977;0.132935;0.069702;0.133209;0.069702;0.133484;0.069702;0.133759;0.069397;0.134033;0.069397;0.134033;0.069122;0.134308;0.069122;0.134583;0.069122;0.134857;0.069122;0.135162;0.069122;0.135437;0.069397;0.135712;0.069397;0.135986;0.069397;0.136261;0.069397;0.136261;0.069702;0.136536;0.069702;0.136810;0.069702;0.136810;0.069397;0.137085;0.069397;0.137360;0.069397;0.137665;0.069397;0.137939;0.069397;0.137939;0.069122;0.138214;0.069122;0.138489;0.069122;0.138763;0.069122;0.139038;0.069122;0.139313;0.069397;0.139587;0.069397;0.139862;0.069702;0.140167;0.069702;0.140442;0.069702;0.140717;0.069977;0.140991;0.069977;0.141266;0.069977;
0.135986;0.073029;0.136536;0.073029;0.136810;0.073029;0.136810;0.072754;
0.135437;0.072754;0.135712;0.072754;0.135986;0.072754;0.135712;0.072754;0.135437;0.072754;0.135162;0.072754;0.135437;0.072754;0.135712;0.072479;0.135986;0.072479;0.136261;0.072479;0.136536;0.072205;0.136261;0.072205;0.135986;0.072205;0.135712;0.072205;0.135437;0.071899;0.135162;0.071899;0.134857;0.071899;0.134583;0.071899;0.134308;0.071899;0.134583;0.071899;0.134857;0.071899;0.135162;0.072205;0.135437;0.072205;0.135712;0.072205;0.136261;0.072205;0.136536;0.072205;0.136810;0.072205;0.137085;0.072205;0.137360;0.072205;0.137665;0.072205;0.137665;0.071899;0.137360;0.071899;0.137085;0.072205;0.137360;0.072205;0.137360;0.071899;0.137665;0.071899;0.137939;0.071899;0.138214;0.071625;0.138489;0.071625;
0.149902;0.064392;0.150177;0.064117;0.150452;0.063843;0.150726;0.063568;0.151001;0.063293;0.151001;0.063019;0.151276;0.063019;0.151276;0.062744;0.151550;0.062744;0.151550;0.062469;0.151550;0.062164;0.151550;0.061890;0.151825;0.061890;0.151825;0.061615;0.151825;0.061340;0.152130;0.061340;0.152130;0.061066;0.152405;0.060791;0.152405;0.060516;0.152679;0.060242;0.152679;0.059937;0.152954;0.059662;0.152954;0.059387;0.152954;0.059113;
0.141266;0.054657;0.141541;0.054657;0.141815;0.054932;0.142090;0.054932;0.142395;0.055237;0.142670;0.055511;0.142944;0.055511;0.143219;0.055511;0.143494;0.055511;0.143768;0.055511;0.143768;0.055786;0.144043;0.055786;0.144318;0.055786;0.144592;0.055786;0.144897;0.055786;0.144897;0.055511;0.145172;0.055511;0.145447;0.055237;0.145721;0.055237;0.145721;0.054932;0.145996;0.054932;0.146271;0.054657;0.146545;0.054657;0.146545;0.054382;0.146820;0.054382;0.146820;0.054657;0.146820;0.054932;0.146545;0.054932;0.146545;0.055237;0.146271;0.055237;0.146545;0.055237;0.146545;0.054932;0.146820;0.054932;0.146820;0.054657;0.147095;0.054382;0.146820;0.054657;0.146545;0.054932;0.146545;0.055237;0.146271;0.055511;
0.142090;0.053833;0.142395;0.053833;0.142395;0.053558;0.142670;0.053558;0.142944;0.053558;0.143219;0.053558;0.143494;0.053558;0.143768;0.053558;0.144043;0.053558;0.144318;0.053833;0.144897;0.053833;0.145172;0.053833;0.145447;0.053833;0.145721;0.054108;0.145996;0.054108;0.146271;0.054108;0.146545;0.054382;0.146545;0.054657;0.146271;0.054932;0.145996;0.054932;0.145721;0.054932;0.145447;0.054657;0.145172;0.054657;0.144897;0.054382;0.144592;0.054108;0.144318;0.054108;0.143768;0.053558;0.143494;0.053558;0.143219;0.053284;0.142944;0.053284;0.142670;0.053284;0.142670;0.053009;0.142944;0.053009;0.143219;0.053009;0.143494;0.053009;0.143768;0.053009;0.144043;0.053009;0.144318;0.053009;0.144592;0.053009;0.144897;0.053284;0.145447;0.053284;0.145721;0.053284;0.145996;0.053284;0.146271;0.053558;0.146545;0.053558;0.146820;0.053833;0.147095;0.053833;0.147095;0.054108;0.147400;0.054108;0.147400;0.054382;0.147675;0.054382;0.147675;0.054657;0.147949;0.054657;
0.142090;0.056061;0.141541;0.056061;0.141266;0.056061;0.140991;0.056061;0.140991;0.055786;0.141266;0.055786;0.141541;0.055786;0.141815;0.055786;0.142395;0.055786;0.142670;0.055786;0.143494;0.055786;0.143768;0.055786;0.144043;0.055786;0.144318;0.055786;0.144592;0.055786;0.144897;0.056061;0.145172;0.056061;0.145447;0.056061;0.145447;0.056335;
0.142670;0.056335;0.142090;0.056335;0.142090;0.056061;0.141815;0.056061;
0.126251;0.054657;0.126526;0.054657;0.126526;0.054932;0.126801;0.054932;0.127075;0.054932;0.127655;0.054932;0.127930;0.054932;0.128204;0.054932;0.128754;0.055237;0.129028;0.055237;0.129303;0.055237;0.129303;0.055511;0.129578;0.055511;0.129852;0.055786;0.130157;0.055786;0.130157;0.056061;0.129852;0.056061;0.129578;0.056061;0.129852;0.056061;
0.130432;0.054382;0.130157;0.053833;0.129852;0.053833;0.129578;0.053833;0.129303;0.053833;0.129028;0.053833;0.128754;0.054108;0.128479;0.054382;0.128204;0.054657;0.127930;0.054657;0.127655;0.055237;0.127350;0.055511;0.127075;0.055786;0.126801;0.056061;0.126526;0.056061;0.126251;0.056335;0.126251;0.056610;0.126251;0.056885;0.125977;0.056885;0.125977;0.057159;0.126251;0.057159;0.126251;0.057434;0.126526;0.057434;
0.128204;0.055237;0.128204;0.054932;0.128204;0.054657;0.128204;0.054382;0.127930;0.054382;0.127655;0.054382;0.127350;0.054382;0.127350;0.054657;0.127075;0.054932;0.127075;0.055237;0.126801;0.055237;0.126801;0.055511;0.126801;0.055786;0.126801;0.056061;0.126526;0.056061;0.126526;0.056335;0.126801;0.056335;0.126801;0.056610;0.127075;0.056610;0.127350;0.056885;0.127655;0.056885;0.127930;0.057159;0.128204;0.057159;0.128479;0.057159;0.128479;0.057434;0.128754;0.057434;
0.129303;0.055786;0.129303;0.055511;0.129578;0.055511;0.129852;0.055511;0.130157;0.055786;0.130432;0.056061;0.130707;0.056335;0.130981;0.056610;
0.151001;0.049377;0.151276;0.049377;0.151550;0.049377;0.151825;0.049377;0.152130;0.049377;0.152130;0.049652;0.152405;0.049652;0.152679;0.049927;0.152954;0.050232;0.152954;0.050507;0.153229;0.050507;0.153229;0.050781;0.153229;0.051056;0.153503;0.051331;0.153503;0.051605;0.153503;0.051880;0.153503;0.052155;0.153778;0.052155;0.154053;0.052429;0.154327;0.052429;0.154633;0.052734;0.154907;0.052734;
0.157135;0.052734;0.157410;0.052734;0.157684;0.052734;0.157684;0.053009;0.157684;0.053284;0.157410;0.053558;0.157410;0.053833;0.157135;0.054382;0.157135;0.054657;0.156830;0.055237;0.156555;0.055511;0.156281;0.056061;0.156006;0.056610;0.155731;0.056885;0.155457;0.057434;0.155182;0.057739;0.154907;0.058014;0.154633;0.058563;0.154327;0.058838;0.154053;0.059113;0.153503;0.059387;0.153229;0.059662;0.152954;0.059937;0.152679;0.060242;0.152405;0.060242;0.152130;0.060242;0.152130;0.060516;0.151825;0.060516;0.151825;0.060791;0.152130;0.060791;0.152405;0.060791;0.152405;0.061066;0.152679;0.061066;0.152679;0.061340;0.152954;0.061340;0.153229;0.061340;0.153503;0.061340;0.153778;0.061340;0.154053;0.061066;
0.157135;0.058289;0.157410;0.058289;0.157684;0.058289;0.157684;0.058014;0.157684;0.058289;0.157410;0.058289;0.157135;0.058563;0.156830;0.058838;0.156281;0.059387;0.155731;0.059662;0.155457;0.059937;0.154907;0.060516;0.154633;0.060791;0.154327;0.061066;0.154327;0.061340;0.154327;0.061615;0.154327;0.061890;
0.159058;0.077484;0.159058;0.077209;0.159058;0.077484;0.159332;0.077759;0.159332;0.078308;0.159637;0.078583;0.159637;0.078857;0.159912;0.079407;0.160187;0.079987;0.160461;0.080261;0.160736;0.080536;0.161011;0.081085;0.161285;0.081360;0.161560;0.081635;0.161865;0.081940;0.162415;0.081940;0.162689;0.082214;0.162964;0.082489;
0.162964;0.082764;0.162964;0.083313;0.163239;0.083313;0.163239;0.083588;0.163239;0.083862;0.163513;0.084137;0.163788;0.084442;0.163788;0.084717;0.164062;0.084991;0.164368;0.085266;0.164642;0.085541;0.164917;0.085541;0.165192;0.085815;0.165192;0.086090;0.165466;0.086090;0.165741;0.086365;0.166016;0.086639;0.166290;0.086639;0.166290;0.086945;0.166565;0.086945;0.166870;0.086945;0.166870;0.087219;0.167145;0.087219;0.167419;0.087219;0.167419;0.086945;0.167145;0.086945;0.166870;0.086639;0.166870;0.086365;0.166565;0.086090;0.166290;0.086090;0.166290;0.085815;0.166016;0.085541;0.165741;0.085266;0.166016;0.085541;0.166290;0.085541;0.166870;0.085815;0.167419;0.086090;0.167969;0.086365;0.168518;0.086639;0.169098;0.086945;0.169647;0.087219;0.170471;0.087494;0.171021;0.087769;0.171295;0.088043;0.171875;0.088318;0.172424;0.088593;0.172699;0.088867;0.173248;0.088867;0.173523;0.089172;0.173798;0.089447;0.174103;0.089722;0.174377;0.089722;0.174377;0.089996;0.174377;0.089722;0.174377;0.089447;0.174377;0.089172;0.174103;0.088867;0.174103;0.088593;0.173798;0.088318;0.173798;0.087769;0.173523;0.087494;0.173523;0.086945;0.173248;0.086365;0.173248;0.086090;0.172974;0.085541;0.172699;0.084991;0.172424;0.084442;0.172150;0.084137;0.171875;0.083862;0.171875;0.083313;0.171600;0.083313;0.171600;0.083038;0.171295;0.082764;0.171295;0.082489;0.171021;0.082489;0.171021;0.082214;0.171021;0.081940;0.170746;0.081940;0.170471;0.081940;0.170197;0.082214;0.169922;0.082214;0.169647;0.082489;0.169098;0.082764;0.168518;0.083038;0.168243;0.083313;0.167419;0.083588;0.166870;0.083862;0.166565;0.084137;0.166016;0.084442;0.165741;0.084717;0.165741;0.084991;
0.171021;0.081635;0.171295;0.081635;0.171600;0.081635;0.171600;0.081360;0.171875;0.081360;0.172150;0.081360;0.172424;0.081360;0.172699;0.081360;0.173248;0.081360;0.173523;0.081635;0.174103;0.081940;0.174652;0.081940;0.174927;0.082214;0.175476;0.082489;0.175751;0.082489;0.176300;0.082764;0.176605;0.083038;0.176880;0.083313;0.177155;0.083588;0.177429;0.083862;0.177704;0.084137;0.177704;0.084442;0.177979;0.084442;0.178253;0.084717;0.178528;0.084991;0.178802;0.084991;0.179108;0.084991;0.179382;0.085266;0.179657;0.085266;0.179932;0.085266;0.180206;0.085266;0.180481;0.085541;0.180756;0.085541;0.181030;0.085815;0.181305;0.086090;0.181610;0.086090;0.181610;0.086365;0.181885;0.086639;0.182159;0.086945;0.182159;0.087219;0.182434;0.087494;0.182709;0.087769;0.182983;0.088043;0.183258;0.088318;0.183258;0.088593;0.183533;0.088593;0.183533;0.088867;0.183533;0.089172;0.183838;0.089447;0.183838;0.089722;0.183838;0.089996;0.183838;0.090271;0.183533;0.090546;0.183533;0.090820;0.183258;0.090820;0.183258;0.091095;0.182983;0.091370;0.182434;0.091949;0.182159;0.092499;0.181610;0.092773;0.180756;0.093323;0.179932;0.093872;0.179108;0.094452;0.178253;0.095276;0.177155;0.096100;0.176300;0.096954;0.175476;0.097778;0.174927;0.098602;0.174103;0.099182;0.173248;0.099457;0.172699;0.100006;0.172150;0.100555;0.171875;0.100830;0.171600;0.101105;0.171295;0.101410;0.171021;0.101959;0.170746;0.102234;0.170746;0.102509;0.170471;0.102509;0.170471;0.102783;0.170197;0.102783;0.169922;0.102783;0.169922;0.103058;0.169922;0.103333;0.169647;0.103333;
0.156555;0.107513;0.156555;0.107239;0.156281;0.107239;0.156006;0.107239;0.155731;0.107239;0.155457;0.107239;0.155182;0.107239;0.154907;0.107239;0.154633;0.107239;0.154327;0.106964;0.154053;0.106964;0.153778;0.106964;0.153778;0.106689;
0.140991;0.081360;0.140717;0.081635;0.140442;0.081635;0.140442;0.081940;
0.140442;0.081085;0.141266;0.081085;0.141541;0.080811;0.141815;0.080811;0.142090;0.080536;0.142395;0.080536;
0.140442;0.077484;0.140717;0.077484;0.140717;0.077759;0.140991;0.077759;0.140991;0.078033;0.141266;0.078033;0.141266;0.078308;0.141541;0.078583;0.141815;0.078857;0.142090;0.079132;0.142395;0.079407;0.142395;0.079712;0.142395;0.079987;0.142395;0.080261;0.142395;0.080536;0.142395;0.080811;0.142395;0.081085;0.142395;0.081360;0.142395;0.081635;0.142395;0.081940;0.142395;0.082489;0.142670;0.082764;0.142670;0.083313;0.142670;0.083862;0.142670;0.084717;0.142670;0.085266;0.142670;0.085815;0.142670;0.086090;0.142670;0.086639;0.142944;0.086945;0.143219;0.087219;0.143494;0.087494;0.143768;0.087769;0.144043;0.087769;0.144318;0.087769;0.144592;0.087769;0.144897;0.087769;0.145172;0.087769;0.145447;0.087769;0.145721;0.087769;0.145996;0.087494;0.146271;0.087494;0.146545;0.087219;0.146820;0.087219;0.146820;0.086945;0.147095;0.086945;0.147400;0.086639;0.147675;0.086365;0.147675;0.086090;0.147949;0.085815;0.147949;0.085266;0.148224;0.084717;0.148224;0.084137;0.148499;0.083588;0.148499;0.083038;0.148499;0.082764;0.148773;0.082214;0.148773;0.081940;0.149048;0.081360;0.149048;0.081085;0.149048;0.080811;0.149323;0.080536;0.149323;0.079987;0.149323;0.079712;0.149323;0.079407;0.149323;0.079132;0.149323;0.078857;0.149323;0.078583;0.149628;0.078583;0.149628;0.078308;0.149628;0.078033;0.149902;0.077759;0.149902;0.077484;0.149902;0.077209;0.149902;0.076904;0.150177;0.076904;0.150177;0.076630;0.150452;0.076355;0.150452;0.076630;
0.150726;0.087769;0.150726;0.088043;0.150726;0.088318;0.150726;0.088593;0.150452;0.088867;0.150452;0.089447;0.150452;0.089996;0.150177;0.090546;0.149902;0.091095;0.149628;0.091675;0.149323;0.092224;0.149048;0.092773;0.148773;0.093323;0.148773;0.093597;0.148499;0.094177;0.148224;0.094452;0.147949;0.095001;0.147675;0.095276;0.147400;0.095825;0.147400;0.096375;0.147095;0.096954;0.146820;0.097504;0.146820;0.098053;0.146545;0.098602;0.146545;0.098877;0.146271;0.099457;0.146271;0.099731;0.145996;0.100006;0.145996;0.100281;0.145721;0.100555;0.145721;0.100830;0.145721;0.101105;0.145447;0.101410;0.145447;0.101959;0.145447;0.102234;0.145447;0.102509;0.145447;0.102783;0.145172;0.103333;0.145172;0.103607;0.145172;0.103912;0.145172;0.104187;0.144897;0.104462;0.144897;0.104736;0.144592;0.105011;0.144318;0.105011;0.144043;0.105011;0.143768;0.105011;0.143494;0.105286;0.143219;0.105286;0.142944;0.105286;0.142670;0.105560;0.142395;0.105560;0.142090;0.105560;0.141815;0.105835;0.141266;0.106110;0.140717;0.106110;0.140167;0.106415;0.139587;0.106964;0.138763;0.107239;0.138214;0.107788;0.137665;0.108063;0.137085;0.108643;0.136810;0.108917;0.136536;0.109192;0.136536;0.109467;0.136810;0.109467;0.136810;0.109741;0.136810;0.110016;0.136536;0.110016;0.136810;0.110016;0.136810;0.110291;0.136536;0.110565;
0.137085;0.109467;0.136536;0.109741;0.136536;0.110016;0.136261;0.110016;0.135986;0.110291;0.135712;0.110565;0.135162;0.111145;0.134857;0.111420;0.134308;0.111969;0.134033;0.112518;0.133484;0.113068;0.132660;0.114197;0.132080;0.115021;0.131531;0.115845;0.131256;0.116699;0.130707;0.117249;0.130432;0.117798;0.130157;0.118073;0.129852;0.118347;0.129578;0.118652;0.129578;0.118927;0.129303;0.119202;0.129303;0.118927;0.129578;0.118652;0.129852;0.118347;0.129852;0.118073;0.130157;0.117798;0.130707;0.117523;0.130981;0.117249;0.131531;0.116974;0.132080;0.116425;0.132935;0.115845;0.133759;0.115295;0.134583;0.114471;0.135437;0.113922;0.136261;0.113342;0.137085;0.112793;0.137939;0.112244;0.139038;0.111969;0.139862;0.111694;0.140442;0.111420;0.141266;0.111145;0.141815;0.110840;0.142090;0.110840;0.142670;0.110565;0.142944;0.110565;0.143219;0.110291;0.143494;0.110291;0.144043;0.110016;0.144318;0.110016;0.144592;0.110016;0.144897;0.109741;0.145172;0.109741;0.145447;0.109741;0.145721;0.109741;0.145996;0.109741;0.146271;0.109741;0.147095;0.109741;0.147675;0.109741;0.147949;0.109741;0.148499;0.110016;0.149048;0.110016;0.149902;0.110016;0.150726;0.110291;0.151550;0.110565;0.152130;0.110840;0.152954;0.110840;0.153778;0.111145;0.154633;0.111420;0.155457;0.111694;0.156555;0.111969;0.157410;0.112244;0.158508;0.112518;0.159332;0.113068;0.160187;0.113342;0.161011;0.113922;0.162140;0.114197;0.162964;0.114746;0.163788;0.115021;0.164368;0.115570;0.165192;0.115845;0.165741;0.116150;0.166016;0.116150;0.166565;0.116425;0.166870;0.116699;0.167419;0.116699;0.167694;0.116699;0.167419;0.116425;0.166870;0.116150;0.166565;0.115845;0.166016;0.115295;0.165466;0.115021;0.164917;0.114197;0.164368;0.113647;0.164062;0.113342;
0.151276;0.106110;0.151550;0.106110;0.152130;0.106110;0.152679;0.106110;0.153229;0.105835;0.154053;0.105835;0.154633;0.105835;0.155457;0.105835;0.156281;0.105835;0.157135;0.105835;0.157959;0.105835;0.158783;0.105835;0.159332;0.105835;0.159912;0.106110;0.160736;0.106110;0.161285;0.106110;0.161865;0.106110;0.162415;0.106110;0.162964;0.106415;0.163239;0.106415;0.163513;0.106415;0.163788;0.106689;0.164062;0.106689;0.164368;0.106964;0.164368;0.107239;0.164642;0.107513;0.164917;0.107788;0.165192;0.108337;0.165466;0.108643;0.165741;0.109192;0.166016;0.109467;0.166565;0.110016;0.167145;0.110565;0.167419;0.110840;0.167969;0.111420;0.168518;0.111694;0.169098;0.111969;0.169647;0.112518;0.169922;0.113068;0.170471;0.113922;0.170746;0.114746;0.171295;0.115570;0.171600;0.116150;0.172150;0.116699;0.172699;0.117249;0.173248;0.117798;0.173523;0.118073;0.174103;0.118347;0.174377;0.118927;0.174652;0.119202;0.174927;0.119476;0.175201;0.119751;0.175201;0.120026;0.175476;0.120575;0.175476;0.120850;0.175751;0.121155;0.175751;0.121429;0.175751;0.121704;0.175476;0.121704;0.175201;0.121704;0.174927;0.121704;0.174652;0.121704;0.174377;0.121979;0.174103;0.121979;0.173798;0.122253;0.173523;0.122253;0.173248;0.122528;0.172974;0.122528;0.172424;0.122803;0.172150;0.123077;0.171875;0.123383;0.171600;0.123657;0.171295;0.123657;0.171295;0.123932;0.171021;0.123932;0.171021;0.124207;0.171295;0.124207;0.171600;0.124207;0.171875;0.124207;
0.169098;0.053009;0.169098;0.053558;0.168793;0.053558;
0.165192;0.053284;0.165192;0.053833;0.164917;0.054108;0.164642;0.054382;0.164368;0.054932;0.164062;0.055511;0.163513;0.056061;0.163239;0.056610;0.162689;0.057434;0.161865;0.058014;0.161285;0.058563;0.160736;0.059387;0.160187;0.060242;0.159637;0.061340;0.159058;0.062164;0.158783;0.062744;0.158508;0.063293;0.158234;0.063568;0.158234;0.063843;0.157959;0.064117;0.157959;0.064392;0.157959;0.064667;0.157959;0.064972;0.158234;0.065247;0.158234;0.065521;0.158508;0.065796;0.158508;0.066071;0.158783;0.066345;0.159058;0.066620;0.159332;0.066895;0.159637;0.067169;0.159912;0.067474;0.160187;0.067749;0.160461;0.068024;0.160736;0.068298;0.161011;0.068573;0.161285;0.068848;0.161560;0.069122;0.161865;0.069122;0.162140;0.069397;0.162415;0.069397;0.162689;0.069397;0.162964;0.069397;0.163239;0.069397;0.163513;0.069397;0.163788;0.069397;0.164062;0.069397;0.164368;0.069122;0.164642;0.069122;0.164917;0.068848;0.165192;0.068573;0.165466;0.068298;0.165741;0.068024;0.166290;0.067474;0.166565;0.066895;0.167145;0.066620;0.167694;0.066071;0.167969;0.065521;0.168518;0.065247;0.168793;0.064972;0.168793;0.064667;0.169098;0.064667;0.169098;0.064392;0.168793;0.064667;0.168518;0.064667;0.168243;0.064972;0.167694;0.065247;0.167145;0.065521;0.166870;0.065796;0.166290;0.066071;0.165741;0.066620;0.165192;0.066895;0.164917;0.067169;0.164642;0.067474;0.164368;0.067749;0.164062;0.067749;0.164062;0.068024;0.164062;0.067749;
0.166016;0.048553;0.166290;0.048828;0.166565;0.048828;0.166565;0.049103;0.166870;0.049103;
0.166870;0.049103;0.167419;0.049103;0.167419;0.049377;0.167145;0.049652;0.166870;0.049927;0.166565;0.050232;0.166565;0.050507;0.166290;0.050507;0.166290;0.050781;0.166016;0.050781;
0.158234;0.048279;0.159058;0.048004;0.159637;0.048004;0.159912;0.048004;0.160461;0.048004;0.161011;0.048004;0.161560;0.048004;0.162140;0.048279;0.162689;0.048279;0.163239;0.048828;0.163513;0.049103;0.163788;0.049377;0.164062;0.049927;0.164368;0.050232;0.164642;0.050781;0.164642;0.051056;0.164642;0.051331;0.164642;0.051605;0.164642;0.051880;0.164642;0.052155;0.164642;0.052429;0.164368;0.052734;0.164062;0.053009;0.164062;0.053284;0.164062;0.053558;0.164062;0.054108;0.164062;0.054382;0.164062;0.054657;0.164368;0.054932;0.164642;0.054932;0.164917;0.054932;0.165192;0.054932;0.165466;0.054932;0.165741;0.054657;0.165741;0.054382;0.166016;0.054382;
0.161011;0.046326;0.161285;0.046326;0.161560;0.046326;0.161865;0.046326;0.162415;0.046326;0.162689;0.046326;0.163239;0.046326;0.163513;0.046600;0.164062;0.046600;0.164368;0.046875;0.164917;0.047150;0.165466;0.047150;0.165741;0.047424;0.166016;0.047729;0.166565;0.048004;0.166870;0.048553;0.167145;0.048828;0.167145;0.049377;0.167419;0.049927;0.167419;0.050232;0.167419;0.050781;0.167419;0.051056;0.167145;0.051605;0.166870;0.051880;0.166870;0.052155;0.166870;0.052429;0.166870;0.052734;0.166565;0.053284;0.166565;0.053558;0.166565;0.053833;0.166565;0.054108;0.166565;0.054382;0.166565;0.054657;0.166565;0.055237;0.166565;0.055511;0.166565;0.055786;0.166870;0.056061;
0.181610;0.099182;0.182159;0.098328;0.182159;0.098053;0.182434;0.097778;0.182434;0.097504;0.182709;0.097504;0.182709;0.097229;0.182709;0.096954;0.182983;0.096680;0.182983;0.096375;0.182983;0.096100;
0.184113;0.094177;0.184113;0.094727;0.184113;0.095001;0.184113;0.095551;0.184113;0.096100;0.184113;0.096680;0.184113;0.097504;0.184113;0.098328;0.184113;0.099182;0.183838;0.100281;0.183533;0.101685;0.183533;0.103058;0.183258;0.104736;0.182983;0.106110;0.182709;0.107788;0.182434;0.109467;0.182159;0.111145;0.181610;0.112793;0.181030;0.114746;0.180481;0.116425;0.179932;0.117798;0.179382;0.119202;0.179108;0.120575;0.178528;0.121979;0.178253;0.123077;0.177704;0.123932;0.177155;0.124756;0.176880;0.125305;0.176300;0.126160;0.176025;0.126709;0.175751;0.126984;0.175476;0.126984;0.175476;0.126709;0.175476;0.126160;0.175476;0.125885;
0.169922;0.110016;0.170471;0.110291;0.170746;0.110291;0.171295;0.110291;0.172150;0.110565;0.172974;0.110840;0.173798;0.110840;0.174652;0.111145;0.175476;0.111420;0.176300;0.111694;0.176880;0.111969;0.178528;0.112793;0.179108;0.113068;0.179657;0.113647;0.180206;0.113922;0.180481;0.114471;0.180756;0.114746;0.180756;0.115021;0.181030;0.115295;0.181030;0.115570;0.180756;0.115845;0.180481;0.115845;
0.177155;0.116150;0.177429;0.116699;0.177429;0.116974;0.177429;0.117249;0.177704;0.117523;0.177704;0.117798;0.177979;0.117798;0.177979;0.118073;0.178253;0.118347;0.178528;0.118652;0.178528;0.118927;
0.157410;0.119202;0.156006;0.118347;0.155731;0.118347;0.155182;0.118073;0.154907;0.118073;0.154327;0.118073;0.153778;0.118073;0.153229;0.118073;0.152679;0.118073;0.152130;0.118073;0.151276;0.118073;0.150452;0.118073;0.149628;0.118347;0.148773;0.118652;0.147675;0.118927;0.146820;0.119202;0.145996;0.119476;0.144897;0.120026;0.144043;0.120300;0.143219;0.120850;0.142395;0.121155;0.141815;0.121704;0.141266;0.122253;0.140717;0.122528;0.140167;0.123077;0.139862;0.123383;0.139313;0.123932;0.139038;0.124481;0.138763;0.125031;0.138489;0.125580;0.138489;0.126434;0.138214;0.127258;0.138214;0.127808;0.138214;0.128662;0.137939;0.129211;0.137939;0.129486;0.137939;0.130035;0.137665;0.130615;0.137360;0.130890;0.137360;0.131439;0.137360;0.131714;0.137085;0.132263;0.137085;0.132538;0.137085;0.132812;0.137085;0.133118;0.137360;0.133118;0.137665;0.133118;0.137939;0.133392;0.138214;0.133392;0.138489;0.133667;0.138763;0.133667;0.139038;0.133942;0.139587;0.134216;0.139862;0.134216;0.140167;0.134491;0.140717;0.134766;0.141266;0.135040;0.141815;0.135315;0.142395;0.135620;0.142944;0.136169;0.143768;0.136444;0.144592;0.136993;0.145447;0.137543;0.146271;0.138123;0.147095;0.138947;0.147949;0.139496;0.148773;0.140045;0.149628;0.140320;0.151001;0.140900;0.151825;0.141174;0.152954;0.141449;0.154053;0.141724;0.155182;0.141998;0.156281;0.142273;0.157410;0.142273;0.158234;0.142548;0.159058;0.142853;0.159912;0.143127;0.160461;0.143127;0.160736;0.143402;0.161285;0.143402;0.161560;0.143677;0.161865;0.143677;0.161865;0.143402;
0.156830;0.118927;0.157684;0.118927;0.157959;0.118927;0.158508;0.118927;0.159332;0.118927;0.159912;0.118927;0.160736;0.119202;0.161560;0.119476;0.162415;0.119751;0.163513;0.120026;0.164368;0.120300;0.165466;0.120575;0.166565;0.120850;0.167694;0.121155;0.168793;0.121704;0.169647;0.121979;0.170471;0.122253;0.171295;0.122528;0.172150;0.122803;0.172974;0.123077;0.173798;0.123383;0.174377;0.123657;0.174927;0.123932;0.175476;0.124207;0.175751;0.124481;0.176025;0.124481;
0.176880;0.127258;0.176300;0.128662;0.176025;0.129211;0.175751;0.129761;0.175476;0.130310;0.175201;0.131165;0.174652;0.132263;0.174103;0.133392;0.173523;0.134491;0.172974;0.135620;0.172150;0.136719;0.171600;0.137817;0.171021;0.139221;0.170471;0.140320;0.169922;0.141174;0.169373;0.141998;0.168793;0.142853;0.168243;0.143677;0.167694;0.144501;0.167145;0.145355;0.166870;0.145905;0.166290;0.146454;0.166016;0.147003;0.165741;0.147278;0.165741;0.147583;0.165466;0.147858;0.165192;0.148132;0.164917;0.148407;0.164642;0.148407;0.164368;0.148407;0.164062;0.148407;
0.163239;0.147278;0.162964;0.147278;
0.129303;0.120850;0.129578;0.121155;0.129578;0.121429;0.129578;0.121704;0.129578;0.121979;0.129852;0.122253;0.129852;0.122528;0.129578;0.122528;0.129303;0.122528;0.129028;0.122528;0.129028;0.122253;0.129028;0.121979;0.129028;0.122253;0.129028;0.122528;0.129303;0.122528;0.129303;0.122803;0.129028;0.122803;0.128754;0.123077;0.128479;0.123383;0.128204;0.123383;0.127930;0.123657;0.127655;0.123932;0.127350;0.123932;0.127075;0.124207;0.126526;0.124481;0.126251;0.125031;0.125702;0.125305;0.125427;0.125885;0.125122;0.126160;0.124573;0.126709;0.124298;0.126984;0.124023;0.127258;0.123749;0.127533;0.123474;0.127808;0.123199;0.127808;0.123199;0.128113;0.122925;0.128387;0.122620;0.128662;0.122345;0.128937;0.122070;0.129211;0.121796;0.129486;0.121521;0.129486;0.121521;0.129761;0.121246;0.129761;0.121246;0.130035;0.120972;0.130035;0.120972;0.130310;0.120972;0.130615;0.121246;0.130615;0.121246;0.130890;0.121246;0.131165;0.121521;0.131714;0.121796;0.131989;0.121796;0.132263;0.122070;0.132538;0.122070;0.132812;0.122345;0.133118;0.122345;0.133392;0.122620;0.133392;0.122620;0.133667;0.122925;0.133667;0.123199;0.133667;0.123474;0.133392;0.123749;0.133392;0.124023;0.133392;0.124298;0.133392;0.124847;0.133118;0.125427;0.133118;0.125702;0.133118;0.126526;0.132812;0.127075;0.132812;0.127655;0.132812;0.128479;0.132812;0.128754;0.132538;0.129303;0.132538;0.129578;0.132538;0.129852;0.132538;0.130157;0.132538;0.130432;0.132538;0.130707;0.132538;0.130981;0.132538;0.130707;0.132812;0.130432;0.133118;0.130432;0.133392;0.130157;0.133392;0.129852;0.133392;0.129578;0.133392;
0.128204;0.133942;0.127930;0.133942;0.127930;0.133667;0.127930;0.133392;0.127930;0.133118;0.128204;0.133118;0.128204;0.132812;0.128479;0.132812;0.128479;0.133118;0.128204;0.133392;0.127930;0.133667;0.127655;0.133942;0.127655;0.134491;0.127350;0.134766;0.127075;0.135315;0.126801;0.135895;0.126526;0.136444;0.126526;0.137268;0.126251;0.138397;0.125977;0.139771;0.125702;0.140625;0.125702;0.141724;0.125702;0.143127;0.125427;0.144501;0.125427;0.145905;0.125427;0.147003;0.125427;0.148132;0.125702;0.149506;0.125702;0.150635;0.125977;0.151733;0.126251;0.152588;0.126526;0.153137;0.126801;0.153687;0.127075;0.154510;0.127350;0.155090;0.127655;0.155640;0.127655;0.155914;0.127930;0.156464;0.128204;0.156738;0.128204;0.157013;0.128204;0.157288;0.127930;0.157288;0.127655;0.157288;0.127350;0.157288;0.127075;0.157288;0.126801;0.157288;0.126526;0.157288;
0.129578;0.153137;0.129303;0.152863;0.129303;0.153137;0.129578;0.153412;0.129578;0.153687;0.129578;0.153961;0.129852;0.154236;0.130157;0.154510;0.130157;0.154785;0.130432;0.154785;0.130707;0.155090;0.130981;0.155090;0.131256;0.155090;0.131531;0.155090;0.131805;0.154785;0.131805;0.154510;0.132080;0.154510;0.132080;0.154236;0.132355;0.153961;0.132355;0.153687;0.132355;0.153412;0.132080;0.153412;0.132080;0.153137;0.131805;0.152863;0.131531;0.152863;0.131256;0.152588;0.130981;0.152283;0.130707;0.152283;0.130432;0.152283;0.130432;0.152588;
0.131256;0.155090;0.131256;0.155365;0.131256;0.155640;0.131256;0.155914;0.131531;0.156189;0.131531;0.156464;0.131531;0.156738;0.131531;0.157013;0.131805;0.157288;0.131805;0.157593;0.131805;0.157867;0.132080;0.158142;
0.127655;0.158691;0.127655;0.158966;0.127930;0.158966;0.128204;0.158966;0.128204;0.159241;0.128479;0.159241;0.128479;0.159515;0.128754;0.159515;0.128754;0.159790;0.128754;0.160095;0.129028;0.160095;0.129028;0.160370;0.129303;0.160370;0.129303;0.160645;0.129578;0.160645;0.129852;0.160645;0.130157;0.160645;0.130432;0.160645;0.130707;0.160645;0.130981;0.160645;0.131256;0.160645;0.131531;0.160645;0.131805;0.160645;0.132080;0.160645;0.132660;0.160645;0.133209;0.160645;0.133759;0.160645;0.134308;0.160645;0.134857;0.160919;0.135437;0.160919;0.135986;0.161194;0.136261;0.161194;0.136810;0.161194;0.137360;0.161469;0.137665;0.161469;0.138214;0.161469;0.138489;0.161469;0.139038;0.161469;0.139313;0.161469;0.139587;0.161743;0.139862;0.161743;0.140167;0.161743;0.140442;0.162018;0.140717;0.162018;0.140991;0.162018;
0.160736;0.147003;0.161011;0.146729;0.161011;0.146454;0.161011;0.146179;0.161285;0.146179;0.161285;0.145905;0.161560;0.145905;0.161560;0.145630;
0.161285;0.144501;0.161011;0.144775;0.161011;0.145050;0.160736;0.145355;0.160461;0.145630;0.160187;0.145905;0.159637;0.146454;0.159332;0.146729;0.158783;0.147003;0.158508;0.147583;0.157959;0.147858;0.157410;0.148132;0.156830;0.148682;0.156555;0.148956;0.156006;0.149506;0.155457;0.150085;0.155182;0.150360;0.154907;0.150635;0.154633;0.150909;0.154327;0.151184;0.154053;0.151184;0.153778;0.151459;0.153503;0.151459;0.153229;0.151459;0.152954;0.151733;0.152679;0.152008;0.152679;0.152283;0.152405;0.152283;0.152130;0.152588;0.151825;0.152863;0.151550;0.153137;0.151276;0.153412;0.151001;0.153961;0.150726;0.154236;0.150177;0.154785;0.149902;0.155365;0.149323;0.155914;0.149048;0.156738;0.148773;0.157288;0.148224;0.157867;0.147949;0.158142;0.147400;0.158691;0.147095;0.158966;0.146820;0.159515;0.146271;0.159790;0.145996;0.160095;0.145447;0.160645;0.145172;0.160919;0.144592;0.161469;0.144318;0.161469;0.144043;0.161743;0.143768;0.162018;0.143494;0.162018;0.143494;0.162323;0.143219;0.162323;0.143219;0.162598;0.142944;0.162598;0.142670;0.162598;0.142395;0.162598;0.142090;0.162598;
0.126251;0.160645;0.127350;0.161194;0.127655;0.161194;0.127930;0.161194;0.128204;0.161194;0.128479;0.161194;0.128754;0.161194;0.129028;0.161194;0.129303;0.161194;
0.127655;0.159790;0.127350;0.159790;0.127075;0.159515;0.126801;0.159515;0.126801;0.159790;0.126526;0.160095;0.126251;0.160370;0.126251;0.160645;0.126251;0.160919;0.125977;0.161194;0.125977;0.161469;0.125977;0.161743;0.125977;0.162018;0.125977;0.162323;0.126251;0.162598;0.126251;0.162872;0.126526;0.162872;0.126526;0.163147;0.126801;0.163147;0.127075;0.163422;0.127350;0.163422;0.127655;0.163422;0.127930;0.163696;0.128204;0.163696;0.128479;0.163971;0.128754;0.163971;0.129028;0.163971;0.129303;0.164246;0.129578;0.164246;0.129852;0.164246;0.130157;0.164246;0.130432;0.164520;0.130707;0.164520;0.130707;0.164825;0.130707;0.165100;
0.130432;0.165375;0.130707;0.165375;0.130432;0.165375;0.130707;0.165375;0.130981;0.165375;0.131256;0.165375;0.131531;0.165375;0.131531;0.165649;0.131805;0.165649;0.132080;0.165649;0.132355;0.165649;0.132355;0.165924;0.132660;0.165924;0.132660;0.166199;0.132660;0.166473;0.132935;0.166748;0.132935;0.167053;0.133209;0.167328;0.133209;0.167603;0.133484;0.167877;0.133484;0.168152;0.133759;0.168427;0.133759;0.168701;0.133759;0.168976;0.133759;0.169250;0.133759;0.169556;0.133759;0.170105;0.133484;0.170380;0.133484;0.170654;0.133484;0.170929;0.133484;0.171204;0.133484;0.171478;0.133209;0.171478;0.132935;0.171204;0.132935;0.171478;0.132660;0.171478;0.132355;0.171753;0.132080;0.171753;0.131805;0.172058;0.131531;0.172333;0.131256;0.172607;0.130981;0.172882;0.130432;0.173157;0.129852;0.173431;0.129028;0.173981;0.128479;0.174255;0.127350;0.174835;0.126526;0.175385;0.125702;0.175659;0.124573;0.176208;0.123749;0.176483;0.122925;0.176758;0.121796;0.177063;0.120697;0.177338;0.119568;0.177612;0.118744;0.177887;0.117889;0.177887;0.117065;0.178162;0.116516;0.178162;0.115967;0.178162;0.115387;0.178162;0.114838;0.178162;0.114288;0.178162;0.114014;0.178162;0.113739;0.178162;0.113464;0.178436;0.113190;0.178436;0.112885;0.178436;0.112885;0.178711;
0.129578;0.167603;0.129578;0.167877;0.129303;0.167877;0.129028;0.167877;0.128754;0.167877;0.128479;0.167877;0.127930;0.168152;0.127655;0.168152;0.127075;0.168152;0.126526;0.168427;0.125977;0.168701;0.125122;0.168976;0.124298;0.169250;0.123749;0.169830;0.122925;0.170105;0.121796;0.170654;0.120972;0.171204;0.119843;0.171478;0.119019;0.172333;0.118195;0.172882;0.117615;0.173706;0.117065;0.174561;0.116516;0.175110;0.115967;0.175659;0.115692;0.176208;0.115692;0.176758;0.115692;0.177063;0.115692;0.177612;0.115692;0.177887;0.115967;0.178436;0.116241;0.178711;0.116516;0.179260;0.116791;0.179565;0.117065;0.179840;0.117065;0.180389;0.117340;0.180664;0.117615;0.180939;0.117615;0.181213;0.117889;0.181213;0.117889;0.181488;0.118195;0.181793;
0.117889;0.180389;0.117889;0.180664;0.117889;0.180939;0.117889;0.181213;0.118195;0.181488;0.118469;0.181488;0.118469;0.181793;0.118744;0.182068;0.119293;0.182343;0.119568;0.182617;0.119843;0.182892;0.120392;0.183167;0.120972;0.183441;0.121521;0.183716;0.122345;0.183990;0.122925;0.184296;0.123474;0.184845;0.124298;0.185120;0.124847;0.185394;0.125702;0.185669;0.126526;0.185944;0.127350;0.185944;0.128479;0.186218;0.129303;0.186523;0.130157;0.186523;0.131256;0.186523;0.132080;0.186798;0.133209;0.186798;0.134308;0.186798;0.135437;0.186798;0.136261;0.187073;0.137360;0.187073;0.138214;0.187073;0.139313;0.187073;0.139862;0.187347;0.140717;0.187347;0.141541;0.187347;0.142090;0.187073;0.142670;0.187073;0.142944;0.186798;0.143219;0.186798;0.143494;0.186523;
0.124573;0.169830;0.124847;0.169556;0.125122;0.169556;0.125427;0.169556;0.125702;0.169556;0.126251;0.169250;0.126801;0.169250;0.127350;0.169250;0.128204;0.169250;0.128754;0.168976;0.129303;0.168976;0.130157;0.168976;0.130707;0.168976;0.131256;0.168976;0.131805;0.168976;0.132355;0.168701;0.132935;0.168701;0.133484;0.168701;0.133759;0.168427;0.134033;0.168427;0.134308;0.168427;0.134583;0.168152;
0.132080;0.165100;0.132080;0.164825;0.132355;0.164825;0.132355;0.165100;0.132660;0.165100;0.132935;0.165375;0.132935;0.165649;0.133209;0.165924;0.133209;0.166199;0.133209;0.166473;0.133209;0.166748;0.133209;0.167053;0.133209;0.167328;0.133209;0.167603;0.133209;0.167877;
0.148773;0.162323;0.149048;0.162598;0.149323;0.162598;0.149628;0.162598;0.149902;0.162598;0.150177;0.162598;0.150452;0.162598;0.150452;0.162323;0.150726;0.162323;0.150726;0.162018;
0.154327;0.160370;0.155457;0.160095;0.155731;0.159790;0.156006;0.159790;0.156281;0.159790;0.156555;0.159515;0.156830;0.159515;0.157135;0.159515;0.157410;0.159515;0.157135;0.159515;0.156830;0.159515;0.156555;0.159515;0.156281;0.159790;0.156006;0.159790;0.155731;0.159790;0.155457;0.160095;0.155182;0.160095;0.154633;0.160370;0.154327;0.160645;0.154053;0.160645;0.153778;0.160919;0.153503;0.160919;0.153503;0.161194;0.153229;0.161194;0.153229;0.161469;0.153503;0.161469;0.153778;0.161194;0.154053;0.161194;0.154327;0.161194;0.154633;0.160919;0.154907;0.160645;0.155182;0.160645;0.155457;0.160370;
0.163788;0.150909;0.164642;0.150085;0.164642;0.149780;0.164368;0.149780;0.164062;0.150085;0.163513;0.150360;0.162964;0.150909;0.162140;0.151184;0.161285;0.151733;0.160461;0.152283;0.159637;0.152588;0.158508;0.153137;0.157135;0.153687;0.155731;0.154236;0.154633;0.155090;0.153778;0.155640;0.152954;0.156189;0.151825;0.157013;0.151276;0.157288;0.151001;0.157593;0.150726;0.157593;0.150726;0.157867;0.151001;0.157867;0.151276;0.157867;0.151550;0.157593;0.151825;0.157593;
0.153229;0.157593;0.153503;0.157593;0.153778;0.157593;0.154053;0.157593;0.154327;0.157867;0.154633;0.158142;0.154907;0.158417;0.154907;0.158691;0.155182;0.158691;0.155182;0.158966;0.155182;0.159241;0.155182;0.159515;0.155182;0.159790;0.155182;0.160095;0.155182;0.160370;0.154907;0.160645;0.154633;0.160919;0.154633;0.161194;0.154327;0.161469;0.154327;0.161743;0.154053;0.162018;0.154053;0.162323;0.154053;0.162598;0.154053;0.162872;
0.127655;0.155365;0.127350;0.154785;0.127075;0.154785;0.126801;0.154785;0.126526;0.154785;0.126526;0.155090;0.126251;0.155365;0.125977;0.155640;0.125977;0.156189;0.125702;0.156464;0.125702;0.157013;0.125702;0.157288;0.125702;0.157593;0.125427;0.157867;0.125427;0.158142;0.125427;0.158417;0.125427;0.158691;0.125427;0.158966;0.125427;0.159241;0.125427;0.159515;0.125427;0.159790;0.125702;0.160095;0.125977;0.160370;0.126251;0.160370;0.126526;0.160645;0.127075;0.160645;0.127350;0.160919;0.127930;0.161194;0.128204;0.161194;0.128479;0.161469;0.129028;0.161743;0.129303;0.162018;0.129852;0.162018;0.130157;0.162323;0.130432;0.162598;0.130707;0.162598;0.130981;0.162598;0.131256;0.162598;0.131531;0.162872;
0.129852;0.160095;0.130432;0.160095;0.130707;0.160095;0.131256;0.160095;0.131805;0.160095;0.132355;0.160370;0.133209;0.160370;0.133759;0.160645;0.134583;0.160645;0.135437;0.160919;0.136261;0.160919;0.137085;0.160919;0.138214;0.160919;0.139313;0.160919;0.140167;0.160645;0.141266;0.160370;0.142395;0.160370;0.143219;0.160095;0.144318;0.159790;0.145447;0.159790;0.146271;0.159515;0.147095;0.159515;0.147675;0.159515;0.148224;0.159241;0.148773;0.159241;0.149323;0.159241;0.149628;0.158966;0.149902;0.158966;0.150177;0.158691;0.150452;0.158691;0.150726;0.158691;0.150726;0.158417;0.151001;0.158417;0.151276;0.158417;0.151550;0.158417;0.151550;0.158691;0.151825;0.158691;0.152130;0.158691;
0.155182;0.162598;0.155182;0.162872;0.155457;0.162872;0.155182;0.162598;0.154907;0.162598;0.154633;0.162598;0.154327;0.162598;0.154053;0.162872;0.153229;0.163696;0.152954;0.163971;0.152679;0.164246;0.152405;0.164520;0.152130;0.164520;0.151825;0.164825;0.151550;0.165100;0.151276;0.165375;0.151276;0.165649;0.151001;0.165649;0.151001;0.165924;
0.150452;0.163971;0.150177;0.163971;0.150177;0.164246;0.149902;0.164520;0.149902;0.165100;0.149902;0.165375;0.149628;0.165649;0.149628;0.165924;0.149628;0.166473;0.149628;0.166748;0.149628;0.167328;0.149628;0.167603;0.149628;0.167877;0.149628;0.168152;0.149902;0.168152;0.150177;0.168152;0.150452;0.168152;0.150452;0.168427;0.150726;0.168427;0.150726;0.168701;0.151001;0.168701;0.151276;0.168427;
0.152679;0.165649;0.152954;0.165375;0.152954;0.165100;0.153229;0.165100;0.152954;0.165100;0.152679;0.165100;0.152679;0.165375;0.152679;0.165649;0.152405;0.165924;0.152405;0.166199;0.152405;0.166473;0.152405;0.167053;0.152405;0.167603;0.152405;0.167877;0.152405;0.168427;0.152679;0.168701;0.152954;0.169250;0.152954;0.169556;0.153229;0.169830;0.153503;0.170105;0.153778;0.170105;0.153778;0.170380;0.154053;0.170380;0.153778;0.170380;0.153778;0.170105;0.153503;0.170105;0.153503;0.169830;0.153229;0.169830;0.153229;0.169556;0.153229;0.169250;0.152954;0.169250;0.152954;0.168976;
0.152679;0.165100;0.152405;0.165100;0.152405;0.165375;0.152405;0.165649;0.152405;0.165924;0.152405;0.166473;0.152405;0.167328;0.152405;0.168152;0.152405;0.168976;0.152405;0.169556;0.152679;0.170105;0.152679;0.170654;0.152954;0.170929;0.153229;0.171204;0.153229;0.171478;0.153503;0.171753;0.153778;0.172058;0.154053;0.172058;0.154327;0.172058;0.154327;0.172333;0.154633;0.172333;0.154907;0.172333;
0.154053;0.171753;0.153778;0.171478;0.153778;0.171204;0.153503;0.171204;0.153503;0.170929;0.153503;0.170654;0.153229;0.170654;0.153229;0.170380;0.153229;0.170105;0.153229;0.169830;0.153503;0.169830;0.153503;0.170105;0.153778;0.170105;0.154053;0.170380;0.154327;0.170380;0.154633;0.170380;0.154907;0.170380;0.155182;0.170654;0.155457;0.170654;0.155731;0.170654;0.156006;0.170654;0.156281;0.170654;0.156006;0.170654;0.155731;0.170654;0.155457;0.170380;0.155182;0.170380;0.154907;0.170105;0.154633;0.170105;0.154327;0.169830;0.154327;0.169556;0.154053;0.169556;0.153778;0.169250;0.153503;0.169250;0.153778;0.169250;0.154053;0.169250;0.154327;0.169556;0.154907;0.169556;0.155182;0.169556;0.156006;0.169830;0.156555;0.170105;0.157135;0.170105;0.157959;0.170380;0.158508;0.170654;0.159058;0.170654;0.159912;0.170929;0.160461;0.170929;0.161285;0.171204;0.162140;0.171478;0.162689;0.171753;0.163239;0.172058;0.164062;0.172333;0.164642;0.172882;0.165192;0.173157;0.165466;0.173431;0.166016;0.173981;0.166290;0.174255;0.166870;0.174835;0.167145;0.175110;0.167419;0.175385;0.167694;0.175385;
0.165192;0.174835;0.165192;0.174561;0.165192;0.174835;0.165192;0.175110;0.165192;0.175385;0.165192;0.175934;0.165192;0.176208;0.165192;0.177338;0.165192;0.177612;0.165192;0.178162;0.165192;0.178436;0.165192;0.178986;0.165192;0.179565;0.165192;0.179840;0.165192;0.180115;0.164917;0.180115;0.164917;0.180389;0.164642;0.180389;0.164642;0.180115;0.164642;0.179565;
0.164642;0.174255;0.164642;0.173981;0.164917;0.173981;0.164917;0.174255;0.165192;0.174561;0.165192;0.175110;0.165466;0.175385;0.165466;0.175934;0.165466;0.176483;0.165741;0.177063;0.165741;0.177612;0.165741;0.178162;0.165741;0.178986;0.165741;0.179840;0.165466;0.180664;0.165466;0.181488;0.165192;0.182068;0.164917;0.182617;0.164642;0.183167;0.164062;0.183441;0.163788;0.183716;0.163239;0.184296;0.162689;0.184570;0.162140;0.184845;0.161560;0.185120;0.161011;0.185394;0.160461;0.185669;0.159912;0.185669;0.159637;0.185944;0.159058;0.185944;0.158783;0.185944;0.158508;0.185944;0.158234;0.185944;
0.142944;0.188721;0.145447;0.189026;0.145721;0.189026;0.146545;0.189026;0.147400;0.189026;0.148224;0.189026;0.149628;0.188721;0.150726;0.188446;0.151825;0.187897;0.152954;0.187622;0.154053;0.187073;0.155182;0.186218;0.156281;0.185669;0.157410;0.185120;0.158234;0.184570;0.159058;0.183990;0.159912;0.183716;0.160461;0.183441;0.161285;0.182892;0.161865;0.182617;0.162140;0.182343;0.162689;0.182068;0.162964;0.181793;0.162964;0.181213;0.163239;0.180939;0.163239;0.180664;0.163239;0.180389;0.163239;0.180115;0.163239;0.179840;0.163239;0.179565;0.163239;0.179260;0.163239;0.178986;0.163513;0.178711;0.163513;0.178436;0.163788;0.178162;0.163788;0.177887;0.164062;0.177612;0.164062;0.177338;0.164368;0.177063;
0.164642;0.175934;0.164642;0.175659;0.164642;0.175385;0.164642;0.175110;0.164642;0.174835;0.164642;0.174561;0.164642;0.174255;0.164642;0.173981;0.164642;0.173706;0.164642;0.173431;0.164642;0.173157;0.164642;0.172882;0.164917;0.173157;0.164917;0.173431;0.165192;0.173981;0.165192;0.174255;0.165192;0.175110;0.165466;0.175659;0.165466;0.176208;0.165466;0.177063;0.165192;0.177612;0.164917;0.178162;0.164642;0.178986;0.164368;0.179840;0.163788;0.180664;0.162964;0.181488;0.162140;0.182343;0.161285;0.182892;0.160461;0.183716;0.159332;0.184296;0.158234;0.185120;0.157410;0.185944;0.156006;0.186523;0.154907;0.187073;0.153778;0.187347;
0.179657;0.090546;0.181030;0.093597;0.181305;0.094452;0.181610;0.095551;0.181885;0.096954;0.181885;0.098053;0.182159;0.099182;0.182159;0.100006;0.182434;0.100830;0.182434;0.101959;0.182434;0.103058;0.182709;0.103912;0.182709;0.104736;0.182709;0.105286;0.182709;0.105835;0.182709;0.106415;0.182709;0.106964;0.182434;0.107513;0.182434;0.107788;0.182159;0.108063;0.182159;0.108337;
0.164368;0.075256;0.164368;0.075531;0.164368;0.075806;0.164642;0.076080;0.164642;0.076355;0.164917;0.076355;0.164917;0.076630;
0.163513;0.074982;0.163239;0.074707;0.163239;0.074982;0.163239;0.075256;0.163513;0.075531;0.163513;0.075806;0.163788;0.076355;0.164062;0.076630;0.164368;0.077209;0.164642;0.077759;0.164917;0.078308;0.165192;0.078857;0.165741;0.079712;0.166016;0.079987;0.166565;0.080536;0.167145;0.080811;0.167694;0.081360;0.168243;0.081635;0.168518;0.081940;0.168793;0.082214;0.169098;0.082214;0.169373;0.082489;0.169647;0.082764;0.169647;0.083038;0.169373;0.083038;0.169373;0.083313;0.169098;0.083313;
0.167145;0.080536;0.167694;0.080811;0.167969;0.081085;0.168243;0.081360;0.168243;0.081635;0.168518;0.081940;0.168793;0.082214;
0.163788;0.074982;0.163513;0.074707;0.163513;0.074982;0.163788;0.075256;0.164062;0.075806;0.164368;0.076080;0.164642;0.076355;0.165192;0.076904;0.165466;0.077484;0.166016;0.078033;0.166290;0.078857;0.166870;0.079712;0.167419;0.080261;0.167969;0.080811;0.168518;0.081085;0.169373;0.081635;0.169922;0.081940;0.170746;0.082214;
0.140167;0.070251;0.140442;0.069977;0.140717;0.069977;0.140991;0.069977;0.140717;0.069977;0.140442;0.069977;0.140717;0.069977;0.140442;0.069977;
