0.103333;0.031097;0.102997;0.031097;0.102997;0.030762;0.103333;0.030762;0.103333;0.030426;0.103653;0.030426;0.103973;0.030426;0.103973;0.030121;0.104309;0.030121;0.104630;0.029785;0.104950;0.029785;0.105286;0.029449;0.105606;0.029449;0.105927;0.029449;0.106247;0.029144;0.106583;0.029144;0.106903;0.029144;0.107559;0.028809;0.107880;0.028809;0.108200;0.028809;0.108536;0.028473;0.108856;0.028473;0.109177;0.028473;0.109497;0.028168;0.109833;0.028168;0.110153;0.027832;0.110809;0.027832;0.111130;0.027832;0.111450;0.027496;0.111771;0.027496;0.112106;0.027496;0.112747;0.027191;0.113083;0.027191;0.113724;0.026855;0.114059;0.026855;0.114380;0.026855;0.115021;0.026550;0.115356;0.026550;0.115997;0.026215;0.116333;0.026215;0.116653;0.025879;0.117310;0.025879;0.117630;0.025574;0.117950;0.025574;0.118607;0.025238;0.118927;0.025238;0.119583;0.025238;0.119904;0.024902;0.120544;0.024902;0.120880;0.024902;0.121857;0.024597;0.122498;0.024261;0.122833;0.024261;0.123154;0.024261;0.123795;0.023926;0.124130;0.023926;0.124451;0.023621;0.125107;0.023621;0.125427;0.023621;0.126083;0.023285;0.126724;0.023285;0.127045;0.023285;0.127701;0.022949;0.128021;0.022949;0.128677;0.022949;0.128998;0.022949;0.129333;0.022644;0.129974;0.022644;0.130295;0.022644;0.130630;0.022644;0.130951;0.022644;0.131271;0.022308;0.131927;0.022308;0.132248;0.022308;0.132568;0.022308;0.132904;0.022308;0.133545;0.021973;0.133881;0.021973;0.134201;0.021973;0.134521;0.021973;0.134857;0.021973;0.135178;0.021973;0.135498;0.021973;0.135818;0.021973;0.136154;0.021973;0.136475;0.021973;0.136795;0.021973;0.137131;0.021973;0.137451;0.021667;0.137772;0.021667;0.138107;0.021667;0.138428;0.021667;0.138748;0.021667;0.139069;0.021667;0.139404;0.021667;0.139725;0.021667;0.140045;0.021667;0.140381;0.021667;0.140701;0.021667;0.141022;0.021667;0.141342;0.021667;0.141678;0.021667;0.141998;0.021667;0.142319;0.021667;0.142654;0.021667;0.142975;0.021667;0.143295;0.021667;0.143631;0.021667;0.143951;0.021667;0.144272;0.021667;0.144592;0.021667;0.144592;0.021332;0.144928;0.021332;0.145248;0.021332;0.145569;0.021332;0.145905;0.021332;0.146225;0.021332;0.146545;0.021332;0.146881;0.021332;0.147202;0.021332;0.147522;0.021332;0.147842;0.020996;0.148178;0.020996;0.148499;0.020996;0.148819;0.020996;0.149155;0.020996;0.149475;0.020996;0.149796;0.020996;0.150116;0.020996;0.150452;0.020996;0.150772;0.020996;0.151093;0.020996;0.151428;0.020996;0.151749;0.020996;0.152069;0.020996;0.152405;0.020996;0.152725;0.020996;0.153046;0.020996;0.153366;0.020996;0.153702;0.020996;0.154022;0.020996;0.154343;0.020996;0.154678;0.020996;0.154999;0.020996;0.155319;0.020996;0.155655;0.020996;0.155975;0.020996;0.156296;0.020996;0.156616;0.020996;0.156952;0.020996;0.157272;0.020996;0.157593;0.020996;0.157928;0.020996;0.158249;0.020996;0.158569;0.020996;0.158890;0.020996;0.159225;0.020996;0.159546;0.020996;0.159866;0.020996;0.160202;0.020996;0.160522;0.020996;0.160843;0.020996;0.161179;0.020996;0.161499;0.020996;0.161819;0.020996;0.161819;0.021332;0.162140;0.021332;0.162476;0.021332;0.162796;0.021332;0.163116;0.021332;0.163437;0.021332;0.163773;0.021332;0.164093;0.021332;0.164429;0.021667;0.164749;0.021667;0.165070;0.021667;0.165390;0.021667;0.165726;0.021667;0.166046;0.021667;0.166367;0.021667;0.166687;0.021667;0.167023;0.021973;0.167343;0.021973;0.167664;0.021973;0.167999;0.021973;0.168320;0.021973;0.168640;0.021973;0.168976;0.021973;0.169296;0.021973;0.169617;0.021973;0.169937;0.021973;0.170273;0.021973;0.170593;0.021973;0.170914;0.021973;0.171249;0.021973;0.171570;0.021973;0.171890;0.021973;0.172226;0.021973;0.172546;0.021973;0.172867;0.021973;0.173187;0.022308;0.173523;0.022308;0.173843;0.022308;0.174164;0.022308;0.174500;0.022308;0.174820;0.022308;0.175140;0.022308;0.175461;0.022308;0.175797;0.022308;0.176117;0.022308;0.176437;0.022644;0.176773;0.022644;0.177094;0.022644;0.177414;0.022644;0.177750;0.022644;0.178070;0.022644;0.178070;0.022949;0.178391;0.022949;0.178711;0.022949;0.179047;0.022949;0.179367;0.022949;0.179688;0.023285;0.180023;0.023285;0.180344;0.023285;0.180664;0.023621;0.181000;0.023621;0.181320;0.023621;0.181641;0.023621;0.181641;0.023926;0.181961;0.023926;0.182297;0.023926;0.182617;0.024261;0.182938;0.024261;0.183273;0.024261;0.183594;0.024597;0.183914;0.024597;0.184235;0.024597;0.184570;0.024902;0.184891;0.024902;0.184891;0.025238;0.185211;0.025238;0.185547;0.025238;0.185547;0.025574;0.185867;0.025574;0.186188;0.025574;0.186523;0.025879;0.186844;0.025879;0.187164;0.025879;0.187485;0.026215;0.187820;0.026215;0.188141;0.026550;0.188461;0.026550;0.188797;0.026550;0.189117;0.026855;0.189438;0.026855;0.189774;0.027191;0.190094;0.027191;0.190414;0.027191;0.190735;0.027496;0.191071;0.027496;0.191391;0.027832;0.191711;0.027832;0.191711;0.028168;0.192047;0.028168;0.192368;0.028473;0.192688;0.028473;0.193008;0.028809;0.193344;0.028809;0.193665;0.028809;0.193665;0.029144;0.193985;0.029144;0.194321;0.029449;0.194641;0.029449;0.194962;0.029785;0.195297;0.030121;0.195618;0.030121;0.195618;0.030426;0.195938;0.030426;0.195938;0.030762;0.196259;0.030762;0.196259;0.031097;0.196594;0.031097;0.196594;0.031403;0.196915;0.031738;0.197235;0.032074;0.197235;0.032379;0.197571;0.032715;0.197891;0.033020;0.198212;0.033356;0.198212;0.033691;0.198547;0.033691;0.198547;0.033997;0.198547;0.034332;0.198868;0.034668;0.198868;0.034973;0.198868;0.035309;0.198868;0.035645;0.198868;0.035950;0.198868;0.036285;0.198868;0.036621;0.198868;0.036926;0.198868;0.037262;0.198868;0.037598;0.198868;0.037903;0.198868;0.038239;0.198868;0.038544;0.198868;0.038879;0.198547;0.039215;0.198547;0.039520;0.198547;0.039856;0.198547;0.040192;0.198547;0.040497;0.198212;0.040497;0.198212;0.040833;0.198212;0.041168;0.197891;0.041473;0.197891;0.041809;0.197891;0.042145;0.197571;0.042450;0.197571;0.042786;0.197571;0.043121;0.197235;0.043121;0.197235;0.043427;0.197235;0.043762;0.196915;0.044098;0.196915;0.044403;0.196915;0.044739;0.196915;0.045044;0.196594;0.045380;0.196594;0.045715;0.196259;0.046021;0.195938;0.046356;0.195618;0.046997;0.194962;0.047333;
0.101700;0.033020;0.101379;0.033356;0.101059;0.033691;0.101059;0.033997;0.100723;0.033997;0.100723;0.034332;0.100403;0.034332;0.100403;0.034668;0.100082;0.034973;0.099762;0.035309;0.099426;0.035645;0.099426;0.035950;0.099106;0.035950;0.099106;0.036285;0.098785;0.036285;0.098785;0.036621;0.098785;0.036926;
0.100082;0.035645;0.100082;0.035309;0.100082;0.034973;0.099762;0.034973;0.099762;0.034668;0.099762;0.034332;0.099426;0.034332;0.099426;0.034668;0.099106;0.034668;0.098785;0.034973;0.098450;0.035309;0.098129;0.035645;0.098129;0.035950;0.097809;0.035950;0.097809;0.036285;0.097473;0.036621;0.097473;0.036926;0.097473;0.037262;0.097473;0.037598;0.097153;0.038239;0.097153;0.038544;0.097153;0.039215;0.096832;0.039520;0.096832;0.039856;0.096832;0.040192;0.096832;0.040497;0.096832;0.040833;0.096512;0.041168;0.096512;0.041473;0.096512;0.041809;0.096512;0.042145;0.096512;0.042450;0.096176;0.042450;0.096176;0.042786;0.096176;0.043121;0.096176;0.043427;0.096176;0.043762;0.095856;0.044403;0.095856;0.044739;0.095856;0.045044;0.095856;0.045380;0.095856;0.045715;0.096176;0.045715;0.096176;0.046021;0.096176;0.046356;0.096512;0.046356;0.096512;0.046692;0.096512;0.046997;0.096832;0.046997;0.096832;0.047333;0.096832;0.047668;0.096832;0.047974;0.096832;0.048309;0.096832;0.048645;0.096832;0.048950;0.096832;0.049286;0.096832;0.049622;0.096832;0.049927;0.096832;0.050262;0.096832;0.050568;0.096832;0.050903;0.096832;0.051239;0.097153;0.051239;0.097153;0.051544;0.097473;0.051544;0.097809;0.051544;0.097809;0.051880;0.098129;0.051880;0.098450;0.052216;0.098785;0.052216;0.098785;0.052521;0.099106;0.052856;0.099426;0.052856;0.099426;0.053192;0.099762;0.053192;0.100082;0.053192;0.100082;0.053497;0.100403;0.053497;0.100723;0.053497;0.101059;0.053192;0.101379;0.053192;0.101700;0.053192;0.102036;0.053192;0.102356;0.053192;
0.104309;0.040833;0.104309;0.041168;0.104309;0.041473;0.104309;0.041809;0.104309;0.042145;0.103973;0.042450;0.103973;0.042786;0.103653;0.043121;0.103653;0.043762;0.103653;0.044739;0.103333;0.045715;0.103333;0.046692;0.102997;0.047668;0.102997;0.048645;0.102997;0.049286;0.102997;0.049927;0.102997;0.050262;0.102997;0.050903;0.102997;0.051544;0.102997;0.052216;0.102997;0.052521;0.103333;0.053192;0.103333;0.053497;0.103653;0.053833;0.103653;0.054169;0.103973;0.054169;0.104309;0.054474;0.104309;0.054810;
0.114380;0.046692;0.114380;0.046997;0.114700;0.047333;0.114700;0.047668;0.114700;0.048309;0.114700;0.048645;0.114700;0.048950;0.114700;0.049286;0.114700;0.049622;0.114380;0.050262;0.114380;0.050568;0.114059;0.051239;0.114059;0.051880;0.113724;0.052521;0.113724;0.053192;0.113403;0.053833;0.113083;0.054474;0.113083;0.054810;0.112747;0.055145;0.112747;0.055450;0.112747;0.055786;0.112427;0.056122;0.112106;0.056122;0.111771;0.056427;0.111450;0.056427;0.111130;0.056763;0.110809;0.056763;0.110474;0.056763;0.110474;0.057068;0.110153;0.057068;0.109833;0.057068;
0.106903;0.056763;0.106583;0.056763;0.106903;0.056763;0.106903;0.057068;0.107224;0.057068;0.107559;0.057068;0.107559;0.057404;0.107880;0.057404;0.108200;0.057404;0.108536;0.057404;0.108856;0.057404;0.109177;0.057404;0.109497;0.057404;0.109833;0.057404;0.110153;0.057404;
0.116333;0.048950;0.115997;0.048950;0.115997;0.049286;0.115677;0.049286;0.115356;0.049622;0.115021;0.049927;0.114700;0.050262;0.114380;0.050903;0.114059;0.051239;0.113724;0.051880;0.113724;0.052521;0.113403;0.053192;0.113403;0.053833;0.113403;0.054474;0.113403;0.055145;0.113403;0.055786;0.113403;0.056122;0.113403;0.056763;0.113724;0.057068;0.113724;0.057404;0.114059;0.057739;0.114059;0.058044;0.114380;0.058380;0.114380;0.058716;0.114700;0.058716;0.114700;0.059021;0.115021;0.059021;0.115021;0.059357;0.115356;0.059357;
0.115997;0.046997;0.115997;0.046692;0.115997;0.046356;0.115997;0.046021;0.115997;0.046356;0.115677;0.046692;0.115677;0.046997;0.115356;0.047668;0.115356;0.047974;0.115021;0.048645;0.115021;0.049286;0.114700;0.049622;0.114700;0.050262;0.114380;0.050903;0.114380;0.051880;0.114059;0.052521;0.114059;0.053192;0.114059;0.053833;0.114059;0.054474;0.114059;0.055145;0.114059;0.055450;0.114059;0.055786;0.114059;0.056122;0.114059;0.056427;0.114380;0.056427;0.114380;0.056763;0.114380;0.057068;0.114700;0.057404;
0.114700;0.057068;0.114700;0.057404;0.115021;0.057404;0.115356;0.057739;0.115677;0.058044;0.115997;0.058380;0.116333;0.058380;0.116653;0.058716;0.116974;0.059021;0.117310;0.059357;0.117630;0.059692;0.118271;0.059998;0.118607;0.059998;0.119247;0.060333;0.119904;0.060669;0.120544;0.060669;0.121201;0.060974;0.121857;0.060974;0.122498;0.060974;0.123154;0.060974;0.123795;0.060974;0.124130;0.060974;0.124451;0.060974;0.125107;0.060974;0.125427;0.060974;
0.126724;0.051544;0.126724;0.051880;0.126724;0.052216;0.126724;0.052521;0.126404;0.052856;0.126404;0.053497;0.126404;0.053833;0.126404;0.054474;0.126083;0.054810;0.126083;0.055450;0.125748;0.055786;0.125748;0.056427;0.125748;0.056763;0.125427;0.057068;0.125427;0.057404;0.125427;0.057739;0.125107;0.058044;0.125107;0.058380;0.124771;0.058716;0.124451;0.059021;0.124130;0.059357;0.123795;0.059357;0.123795;0.059692;0.123795;0.059998;0.123795;0.060333;0.124130;0.060333;0.124451;0.060669;0.124771;0.060974;0.125107;0.060974;0.125427;0.061310;0.125748;0.061310;0.126083;0.061310;0.126404;0.061310;0.127045;0.061310;0.127380;0.061646;0.127701;0.061646;0.128021;0.061646;0.128357;0.061646;0.128677;0.061646;0.128998;0.061646;0.129333;0.061646;0.129654;0.061646;0.129974;0.061646;0.130295;0.061646;0.130630;0.061646;0.130630;0.061310;0.130630;0.060974;0.130295;0.060974;0.130295;0.060669;
0.131607;0.048309;0.131271;0.048309;0.130951;0.048645;0.130630;0.048950;0.130295;0.049286;0.130295;0.049622;0.129974;0.050262;0.129654;0.050568;0.129654;0.051239;0.129333;0.052216;0.129333;0.052856;0.128998;0.053833;0.128998;0.054474;0.128677;0.055145;0.128677;0.055786;0.128677;0.056427;0.128677;0.056763;0.128677;0.057404;0.128677;0.058044;0.128677;0.058716;0.128677;0.059357;0.128998;0.059692;0.128998;0.060333;0.129333;0.060669;0.129654;0.060974;0.129974;0.061310;0.129974;0.061646;0.130295;0.061951;0.130630;0.062286;0.130951;0.062592;0.130630;0.062592;
0.129333;0.059692;0.129333;0.059357;0.128998;0.059357;0.128998;0.059692;0.128998;0.059998;0.128998;0.060333;0.128998;0.060669;0.128998;0.060974;0.129333;0.060974;0.129333;0.061310;0.129333;0.061646;0.129654;0.061646;0.129654;0.061951;0.129654;0.062286;0.129654;0.062592;0.129974;0.062592;0.130295;0.062592;0.130630;0.062592;0.130951;0.062592;0.131607;0.062927;0.131927;0.062927;0.132248;0.062927;0.132904;0.062927;0.133545;0.062927;0.134201;0.062927;0.135178;0.062927;0.135498;0.063263;0.136154;0.063263;0.136795;0.063263;0.137451;0.063263;0.138107;0.063263;0.138428;0.063263;0.139069;0.063263;0.139404;0.063263;0.140045;0.062927;0.140381;0.062927;0.140701;0.062927;0.141022;0.062927;0.141342;0.062592;0.141678;0.062592;0.141678;0.062286;0.141998;0.062286;
0.143295;0.055786;0.143631;0.055786;0.143631;0.056122;0.143631;0.056763;0.143631;0.057068;0.143631;0.057404;0.143631;0.057739;0.143631;0.058044;0.143631;0.058380;0.143631;0.058716;0.143631;0.059021;
0.103653;0.028168;0.103973;0.028168;0.104309;0.027832;0.104630;0.027832;0.104950;0.027496;0.105606;0.027496;0.105927;0.027191;0.106583;0.026855;0.106903;0.026855;0.107559;0.026550;0.107880;0.026215;0.108200;0.025879;0.108856;0.025879;0.109497;0.025574;0.109833;0.025238;0.112427;0.024261;0.113403;0.024261;0.114059;0.023926;0.114700;0.023621;0.115677;0.023621;0.116333;0.023285;0.116974;0.023285;0.117630;0.022949;0.118607;0.022949;0.119247;0.022644;0.120224;0.022644;0.120880;0.022644;0.121521;0.022644;0.122177;0.022308;0.122833;0.022308;0.123474;0.022308;0.124130;0.022308;0.124771;0.022308;0.125427;0.021973;0.126083;0.021973;0.126724;0.021973;0.127380;0.021973;0.128021;0.021973;0.128677;0.021973;0.128998;0.021973;0.129654;0.021667;0.129974;0.021667;0.130630;0.021667;0.131271;0.021667;0.131607;0.021667;0.132248;0.021667;0.132904;0.021667;0.133545;0.021667;0.134201;0.021667;0.135178;0.021667;0.135818;0.021667;0.136475;0.021667;0.137131;0.021667;0.138107;0.021667;0.138748;0.021667;0.139725;0.021667;0.141022;0.021667;0.141678;0.021667;0.142654;0.021667;0.143631;0.021973;0.143951;0.021973;
0.116653;0.033691;0.116333;0.033691;0.115997;0.033691;0.115677;0.033691;0.115356;0.033691;0.115021;0.033691;0.114700;0.033691;0.114380;0.033997;0.114059;0.033997;0.114059;0.034332;0.113724;0.034332;0.113724;0.034668;0.113724;0.034973;0.114059;0.034973;0.114380;0.034973;0.114700;0.034973;
0.114380;0.034973;0.114059;0.034973;0.114380;0.034973;0.114380;0.035309;0.114700;0.035309;0.115021;0.035309;0.115356;0.035309;0.115677;0.035645;0.115997;0.035645;0.116333;0.035645;0.116653;0.035645;0.116974;0.035645;0.117630;0.035950;0.117950;0.035950;0.118271;0.035950;0.118607;0.035950;0.118927;0.035950;0.119247;0.035950;0.118927;0.035950;0.118607;0.035950;0.118271;0.035950;0.117950;0.035950;0.117630;0.035950;0.117310;0.035950;0.116974;0.035950;0.116653;0.035950;0.116974;0.035950;0.117310;0.035950;0.117630;0.035950;0.117950;0.036285;0.118271;0.036285;0.118607;0.036285;0.119247;0.036285;0.119583;0.036285;0.120224;0.036621;0.120544;0.036621;0.121201;0.036621;0.121521;0.036621;0.122177;0.036926;0.122498;0.036926;0.123154;0.036926;0.123474;0.037262;0.124130;0.037262;0.124771;0.037262;0.125107;0.037262;0.126083;0.037598;0.126724;0.037598;0.127380;0.037598;0.128021;0.037598;0.128677;0.037598;0.128998;0.037598;0.129654;0.037903;0.130295;0.037903;0.130630;0.037903;0.131271;0.037903;0.131607;0.037903;0.132248;0.038239;0.132904;0.038239;0.133545;0.038239;0.133881;0.038239;0.134521;0.038239;0.134857;0.038239;0.135498;0.038544;0.135818;0.038544;0.136475;0.038544;0.136795;0.038544;0.137131;0.038544;0.137772;0.038544;0.138107;0.038879;0.138428;0.038879;0.138748;0.038879;0.139404;0.038879;0.139725;0.038879;0.140045;0.038879;0.140701;0.038879;0.141022;0.038879;0.141342;0.038879;0.141678;0.039215;0.142319;0.039215;0.142654;0.039215;0.142975;0.039215;0.143295;0.039215;0.143631;0.039215;0.144272;0.039215;0.144592;0.039215;0.144928;0.039215;0.145248;0.039215;0.145905;0.039215;0.146225;0.039520;0.146545;0.039520;0.147202;0.039520;0.147522;0.039520;0.147842;0.039520;0.148178;0.039520;0.148819;0.039520;0.149155;0.039520;0.149475;0.039520;0.149796;0.039520;0.150116;0.039520;0.150452;0.039520;0.151093;0.039520;0.151428;0.039520;0.151749;0.039520;0.152069;0.039520;0.152405;0.039520;0.152725;0.039520;0.153366;0.039520;0.153702;0.039520;0.154022;0.039520;0.154343;0.039520;0.154678;0.039520;0.155319;0.039520;0.155655;0.039520;0.155975;0.039520;0.156296;0.039520;0.156616;0.039520;0.156952;0.039520;0.157272;0.039520;0.157593;0.039520;0.157928;0.039520;0.158249;0.039520;0.158569;0.039520;0.158890;0.039520;0.159225;0.039520;0.159546;0.039520;0.159866;0.039520;0.160202;0.039520;0.160522;0.039520;0.160843;0.039520;0.161179;0.039520;0.161499;0.039520;0.161819;0.039520;0.162140;0.039520;0.162476;0.039520;0.162796;0.039520;0.163116;0.039520;0.163773;0.039520;0.164093;0.039520;0.164429;0.039520;0.164749;0.039520;0.165070;0.039520;0.165390;0.039520;0.165726;0.039520;0.166046;0.039520;0.166687;0.039215;0.167023;0.039215;0.167343;0.039215;0.167664;0.039215;0.168320;0.039215;0.168640;0.039215;0.168976;0.038879;0.169296;0.038879;0.169937;0.038879;0.170273;0.038879;0.170593;0.038879;0.170914;0.038879;0.171249;0.038879;0.171570;0.038544;0.171890;0.038544;0.172226;0.038544;0.172546;0.038544;0.172867;0.038544;0.173187;0.038544;0.173523;0.038544;0.173843;0.038544;0.174164;0.038544;0.174500;0.038544;0.174820;0.038239;0.175140;0.038239;0.175461;0.038239;0.175797;0.038239;0.176117;0.038239;0.176437;0.038239;0.176773;0.038239;0.177094;0.038239;0.177414;0.038239;0.177750;0.038239;0.178070;0.037903;0.178391;0.037903;0.178711;0.037903;0.179047;0.037903;0.179367;0.037903;0.179688;0.037903;0.180023;0.037598;0.180344;0.037598;0.180664;0.037598;0.181000;0.037598;0.181320;0.037598;0.181641;0.037598;0.181961;0.037598;0.182297;0.037598;0.182617;0.037262;0.182938;0.037262;0.183273;0.037262;0.183594;0.037262;0.183914;0.037262;0.183914;0.036926;0.184235;0.036926;0.184570;0.036926;0.184891;0.036926;0.185211;0.036621;0.185547;0.036621;0.185867;0.036621;0.185867;0.036285;0.186188;0.036285;0.186523;0.036285;0.186844;0.036285;0.186844;0.035950;0.187164;0.035950;0.187485;0.035950;0.187820;0.035950;0.187820;0.035645;0.188141;0.035645;0.188461;0.035645;
0.199844;0.035309;0.199509;0.034973;0.199509;0.034668;0.199188;0.034668;0.199188;0.034332;0.199188;0.033997;0.199188;0.033691;0.198868;0.033691;0.199188;0.033691;0.199188;0.033997;0.199509;0.034332;0.199844;0.034668;0.199844;0.034973;0.200165;0.035309;0.200165;0.035645;0.200485;0.035950;0.200485;0.036285;0.200485;0.036621;0.200821;0.037262;0.200821;0.037598;0.200821;0.037903;0.200821;0.038239;0.200821;0.038879;0.200821;0.039215;0.200821;0.039856;0.200821;0.040192;0.200821;0.040833;0.200821;0.041168;0.200821;0.041473;0.200821;0.041809;0.200821;0.042145;0.200821;0.042450;0.201141;0.043121;0.201141;0.043427;0.201141;0.043762;0.201141;0.044098;0.201141;0.044403;0.201141;0.044739;0.201141;0.045044;0.200821;0.045044;
0.200821;0.046021;0.200821;0.046356;0.200821;0.046692;0.200821;0.046997;0.200821;0.047333;0.200485;0.047668;0.200485;0.047974;0.200485;0.048309;0.200165;0.048645;0.199844;0.048950;0.199844;0.049286;0.199509;0.049286;0.199509;0.049622;0.199188;0.049622;0.198868;0.049927;0.198547;0.049927;0.198547;0.050262;0.198212;0.050262;0.197891;0.050568;0.197571;0.050568;0.197571;0.050903;0.197571;0.050568;
0.195938;0.043427;0.195618;0.043121;0.195618;0.042786;0.195618;0.043121;0.195938;0.043427;0.195938;0.043762;0.195938;0.044098;0.195938;0.044403;0.195938;0.045044;0.196259;0.046021;0.196259;0.046692;0.196259;0.046997;0.196259;0.047333;0.196259;0.047668;0.196259;0.047974;0.196259;0.048309;0.196259;0.048645;0.196259;0.048950;0.196259;0.049286;0.196259;0.049622;0.196259;0.049927;0.195938;0.049927;0.195938;0.050262;0.195938;0.050568;0.195938;0.050262;0.196259;0.049927;0.196259;0.049622;
0.198212;0.043762;0.198212;0.044098;0.198212;0.044403;0.197891;0.044739;0.197891;0.045044;0.197891;0.045715;0.197571;0.046356;0.197571;0.046997;0.197571;0.047333;0.197235;0.047974;0.197235;0.048309;0.197235;0.048645;0.196915;0.049286;0.196915;0.049622;0.196594;0.049927;0.196594;0.050262;0.196259;0.050262;0.196259;0.050568;0.195938;0.050903;0.195938;0.051239;0.195618;0.051544;0.195618;0.051880;0.195618;0.052216;0.195297;0.052521;0.195297;0.052856;0.194962;0.053192;0.194962;0.053497;0.194641;0.053833;0.194641;0.054169;0.194321;0.054169;0.193985;0.054474;0.193665;0.054810;0.193344;0.054810;0.193008;0.055145;0.192688;0.055450;0.192368;0.055450;0.192047;0.055450;0.191711;0.055786;0.191391;0.055786;0.191071;0.055786;0.190735;0.056122;0.190414;0.056122;0.190094;0.056122;0.189774;0.056122;0.189774;0.056427;0.189438;0.056427;0.189117;0.056427;
0.189438;0.047668;0.189438;0.047974;0.189438;0.048309;0.189438;0.048645;0.189438;0.048950;0.189438;0.049286;0.189438;0.049622;0.189438;0.049927;0.189438;0.050262;0.189117;0.050568;0.189117;0.051239;0.189117;0.051880;0.189117;0.052521;0.189117;0.052856;0.188797;0.053497;0.188797;0.053833;0.188797;0.054474;0.188797;0.054810;0.188797;0.055145;0.188797;0.055450;0.188461;0.055450;
0.188461;0.052856;0.188461;0.053192;0.188461;0.053497;0.188461;0.053833;0.188461;0.054169;0.188461;0.054474;0.188461;0.054810;0.188461;0.055145;0.188141;0.055450;0.188141;0.055786;0.188141;0.056122;0.187820;0.056122;0.187820;0.056427;0.187820;0.056763;0.187820;0.057068;0.187485;0.057068;0.187164;0.057068;0.187164;0.057404;0.186844;0.057404;0.186523;0.057404;0.186188;0.057739;0.185867;0.058044;0.185547;0.058380;0.185211;0.058380;0.184891;0.058716;0.184570;0.059021;0.183914;0.059357;0.183594;0.059357;0.183273;0.059692;0.182938;0.059692;0.181961;0.059998;0.181641;0.059998;0.181320;0.059998;
0.178070;0.050903;0.178070;0.051239;0.178070;0.051544;0.178070;0.051880;0.178070;0.052216;0.178070;0.052856;0.178070;0.053192;0.178070;0.053833;0.178070;0.054169;0.178070;0.054810;0.178070;0.055145;0.178070;0.055450;0.178070;0.055786;0.178070;0.056122;0.178070;0.056427;0.178070;0.056763;0.178070;0.057068;0.177750;0.057404;0.178070;0.057404;0.178070;0.057068;
0.178391;0.056122;0.178391;0.056427;0.178391;0.056763;0.178391;0.057068;0.178391;0.057404;0.178391;0.057739;0.178391;0.058044;0.178070;0.058380;0.177750;0.058716;
0.179047;0.053192;0.179047;0.053497;0.179047;0.053833;0.179047;0.054169;0.179047;0.054474;0.179047;0.054810;0.179047;0.055145;0.179047;0.055450;0.179047;0.055786;0.179047;0.056122;0.179047;0.056427;0.179047;0.056763;0.178711;0.057068;0.178711;0.057404;0.178711;0.057739;0.178711;0.058044;0.178711;0.058380;0.178711;0.058716;0.178711;0.059021;0.178711;0.059357;
0.178391;0.059998;0.178070;0.060333;0.177750;0.060333;0.177414;0.060333;0.177414;0.060669;0.177094;0.060669;0.176773;0.060974;0.176437;0.060974;0.176117;0.061310;0.175797;0.061310;0.175461;0.061310;0.175140;0.061310;0.175140;0.061646;0.174820;0.061646;0.175140;0.061646;0.175140;0.061310;0.175461;0.061310;0.175461;0.060974;0.175797;0.060974;0.176117;0.060669;0.176437;0.060669;0.176437;0.060333;0.176773;0.060333;0.177094;0.059998;0.177414;0.059998;0.177094;0.059998;0.176773;0.059998;0.176773;0.060333;0.176437;0.060333;0.176117;0.060333;0.175797;0.060669;0.175461;0.060669;0.175140;0.060974;0.174820;0.060974;0.174500;0.060974;0.174164;0.060974;0.173843;0.060974;0.173523;0.061310;0.173187;0.061310;
0.165390;0.058044;0.165390;0.058380;0.165726;0.058380;0.166046;0.058716;0.166046;0.059021;0.166367;0.059357;0.166687;0.059692;0.167023;0.059998;0.167343;0.060333;0.167664;0.060669;0.167999;0.060669;0.168320;0.060974;0.168640;0.060974;0.168976;0.061310;0.169296;0.061310;0.169617;0.061310;0.169937;0.061646;0.170273;0.061646;0.170593;0.061646;0.170593;0.061951;0.170914;0.061951;
0.178391;0.058044;0.178391;0.058380;0.178070;0.058716;0.178070;0.059021;0.178070;0.059357;0.177750;0.059692;0.177414;0.059998;0.177094;0.060333;0.176773;0.060333;0.176437;0.060669;0.176117;0.060974;0.175797;0.061310;0.175461;0.061310;0.175140;0.061646;0.174820;0.061646;0.174500;0.061646;
0.165390;0.059692;0.165390;0.059357;0.165390;0.059692;0.165070;0.059998;0.165070;0.060333;0.164749;0.060669;0.164429;0.060974;0.164093;0.060974;0.163437;0.061310;0.163116;0.061310;0.162796;0.061646;0.162476;0.061646;0.161819;0.061951;0.161179;0.061951;0.160843;0.061951;0.160202;0.062286;0.159866;0.062286;0.159546;0.062286;0.159225;0.062286;0.158890;0.062286;0.158569;0.062286;0.158249;0.062286;0.157928;0.062286;
0.151428;0.059692;0.151428;0.059998;0.151749;0.059998;0.151749;0.060333;0.152069;0.060333;0.152069;0.060669;0.152405;0.060669;0.152725;0.060974;0.153046;0.060974;0.153366;0.061310;0.153702;0.061646;0.154022;0.061646;0.154678;0.061646;0.154999;0.061951;0.155655;0.061951;0.155975;0.061951;0.156616;0.061951;0.156952;0.062286;0.157272;0.062286;0.157593;0.062286;0.157593;0.062592;
0.153046;0.060333;0.153046;0.059998;0.153046;0.060333;0.153046;0.060669;0.152725;0.060669;0.152405;0.060974;0.152405;0.061310;0.152069;0.061646;0.151749;0.061646;0.151749;0.061951;0.151428;0.062286;0.150772;0.062286;0.150452;0.062592;0.150116;0.062592;0.149475;0.062927;0.148819;0.062927;0.148178;0.062927;0.147522;0.062927;0.146881;0.063263;0.146225;0.063263;0.145569;0.063263;0.144928;0.063263;0.144272;0.063263;0.143951;0.063263;0.143631;0.063263;0.143295;0.062927;0.142975;0.062927;0.142654;0.062592;0.142654;0.062286;0.142654;0.061951;
0.141678;0.059998;0.141678;0.059692;0.141678;0.059357;0.141678;0.059692;0.141678;0.059998;0.141678;0.060333;0.141998;0.060669;0.142975;0.061646;0.142975;0.061951;0.143295;0.061951;0.143631;0.062286;0.143951;0.062286;0.144272;0.062286;0.144272;0.062592;0.144592;0.062592;
0.140701;0.051880;0.140701;0.052856;0.140701;0.053497;0.140381;0.053833;0.140381;0.054474;0.140381;0.055145;0.140045;0.055450;0.140045;0.056122;0.140045;0.056427;0.140045;0.057068;0.140045;0.057404;0.140045;0.058044;0.140381;0.058380;0.140381;0.058716;0.140381;0.059021;0.140701;0.059357;
0.152405;0.051880;0.152725;0.051880;0.152725;0.052216;0.152725;0.052521;0.152725;0.053192;0.152725;0.053497;0.152725;0.054169;0.152725;0.054474;0.152725;0.055145;0.152725;0.055450;0.152725;0.055786;0.152725;0.056427;0.152405;0.056763;0.152405;0.057068;0.152405;0.057404;0.152405;0.057739;0.152405;0.058044;0.152405;0.058380;0.152405;0.058716;0.152725;0.058716;0.153046;0.058716;0.153366;0.058380;
0.164429;0.052216;0.164429;0.052521;0.164429;0.052856;0.164429;0.053192;0.164429;0.053497;0.164429;0.054169;0.164429;0.054474;0.164429;0.054810;0.164429;0.055450;0.164429;0.055786;0.164429;0.056122;0.164429;0.056427;0.164749;0.056763;0.164749;0.057068;0.164749;0.057404;0.164749;0.057739;0.164749;0.058044;0.164749;0.058380;0.164749;0.058716;
0.153046;0.059021;0.153046;0.059357;0.153046;0.059692;0.153366;0.059998;0.153702;0.060333;0.153702;0.060669;0.154022;0.060974;0.154022;0.061310;0.154343;0.061646;0.154343;0.061951;0.154678;0.061951;0.154999;0.061951;
0.165070;0.057739;0.165070;0.058044;0.165070;0.058380;0.164749;0.058716;0.164749;0.059021;0.164429;0.059357;0.164093;0.059998;0.163773;0.060333;0.163773;0.060669;0.163437;0.060974;0.163116;0.061646;
0.152069;0.045715;0.152069;0.045380;0.152069;0.045044;0.152405;0.044739;0.152725;0.044403;0.153046;0.044098;0.153366;0.043762;0.153702;0.043762;0.154343;0.043427;0.154678;0.043427;0.155319;0.043121;0.155655;0.043121;0.156296;0.042786;0.156616;0.042786;0.156952;0.042786;0.157272;0.042786;0.157593;0.042786;
0.158890;0.043121;0.159225;0.043121;0.159546;0.043427;0.159866;0.043427;0.160202;0.043762;0.160522;0.043762;0.160522;0.044098;0.160843;0.044098;0.161179;0.044403;0.161179;0.044739;0.161499;0.045044;0.161819;0.045380;0.162140;0.045380;0.162140;0.045715;0.162476;0.046021;0.162476;0.046356;0.162796;0.046356;0.162796;0.046692;0.162796;0.046997;
0.169296;0.043121;0.168640;0.043121;0.168640;0.043427;0.167999;0.043427;0.167664;0.043762;0.167343;0.044098;0.167023;0.044403;0.166687;0.044739;0.166367;0.045044;0.166046;0.045380;0.165726;0.046021;0.165390;0.046356;0.165070;0.046692;0.165070;0.046997;0.164749;0.047333;0.164749;0.047668;0.164429;0.047668;0.164429;0.047974;
0.169937;0.043427;0.170273;0.043427;0.170593;0.043762;0.170914;0.043762;0.171249;0.043762;0.171570;0.043762;0.171890;0.043762;0.172226;0.043762;0.172546;0.044098;0.173187;0.044098;0.173523;0.044403;0.173843;0.044403;0.174164;0.044739;0.174500;0.045044;0.174820;0.045380;0.175140;0.045380;0.175140;0.045715;0.175461;0.046021;0.175461;0.046356;0.175797;0.046692;
0.180344;0.042786;0.179688;0.043121;0.179367;0.043427;0.179047;0.043762;0.178711;0.044098;0.178391;0.044403;0.178070;0.044739;0.178070;0.045044;0.177750;0.045380;0.177750;0.045715;0.177750;0.046021;0.177414;0.046021;0.177414;0.046356;
0.181320;0.042145;0.181961;0.042145;0.182297;0.042145;0.182617;0.042145;0.182938;0.042145;0.183273;0.042145;0.183594;0.042145;0.184235;0.042145;0.184570;0.042145;0.184891;0.042450;0.185211;0.042450;0.185867;0.042450;0.186188;0.042786;0.186523;0.042786;0.186844;0.043121;0.187164;0.043121;0.187485;0.043427;0.187820;0.043427;0.187820;0.043762;0.187820;0.044098;0.187820;0.044403;0.187820;0.044739;
0.191071;0.039856;0.190735;0.039856;0.190735;0.039520;0.190414;0.039520;0.190094;0.039520;0.189774;0.039520;0.189438;0.039520;0.189117;0.039856;0.188797;0.039856;0.188461;0.040192;0.188141;0.040497;0.187820;0.040497;0.187485;0.040833;0.187164;0.040833;0.186844;0.041168;
0.190414;0.039215;0.190094;0.039215;0.189774;0.039215;0.189438;0.039215;0.189117;0.039215;0.189117;0.039520;0.188797;0.039520;0.188797;0.039856;0.188461;0.039856;0.188461;0.040192;
0.190735;0.039520;0.191391;0.039856;0.191711;0.039856;0.192047;0.039856;0.192368;0.040192;0.192688;0.040497;0.193008;0.040497;0.193344;0.040833;0.193665;0.040833;0.193985;0.040833;
0.190414;0.040497;0.190735;0.040497;0.191071;0.040497;0.191391;0.040497;0.191711;0.040497;0.192047;0.040497;0.192368;0.040497;0.192688;0.040833;0.193008;0.040833;0.193344;0.041168;0.193665;0.041168;0.193985;0.041473;0.194321;0.041473;0.194321;0.041809;
0.193985;0.035950;0.194321;0.035950;0.194321;0.035645;0.194641;0.035645;0.194962;0.035645;0.195297;0.035645;0.195618;0.035645;0.195938;0.035645;0.196259;0.035645;0.196594;0.035645;0.197235;0.035645;0.197571;0.035950;0.197891;0.035950;0.198212;0.035950;0.198868;0.036285;0.199188;0.036285;0.199509;0.036285;0.199509;0.036621;0.199844;0.036621;0.199844;0.036926;0.199509;0.036926;
0.197891;0.035950;0.197571;0.035950;0.197571;0.035645;0.197891;0.035645;0.198212;0.035645;0.198547;0.035950;0.198868;0.036285;0.199188;0.036285;0.199188;0.036621;0.199509;0.036621;0.199844;0.036926;0.200165;0.037262;
0.195938;0.030762;0.195938;0.030426;0.195618;0.030426;0.195297;0.030426;0.194962;0.030426;0.194641;0.030762;0.194321;0.031097;0.193985;0.031097;0.193665;0.031403;0.193665;0.031738;0.193344;0.032074;
0.195938;0.030762;0.196259;0.030762;0.197235;0.030762;0.197235;0.031097;0.197571;0.031097;0.197891;0.031403;0.198212;0.032074;0.198547;0.032379;0.198868;0.032715;0.199188;0.033020;0.199188;0.033691;0.199509;0.033997;0.199844;0.034332;0.199844;0.034668;0.200165;0.034973;0.200165;0.035309;0.200485;0.035645;0.200485;0.035950;
0.120880;0.042145;0.120224;0.041809;0.119904;0.041809;0.119247;0.041809;0.118927;0.041809;0.118607;0.041809;0.118271;0.041809;0.117950;0.042145;0.117630;0.042450;0.116974;0.042786;0.116974;0.043121;0.116653;0.043121;0.116333;0.043427;0.116333;0.043762;0.115997;0.043762;0.115997;0.044098;
0.115997;0.043762;0.115997;0.043427;0.116333;0.043427;0.116653;0.043427;0.116653;0.043121;0.116974;0.043121;0.117310;0.043121;0.117950;0.042786;0.118271;0.042786;0.118927;0.042786;0.119247;0.042786;0.119583;0.042786;
0.135498;0.044098;0.134857;0.044098;0.134521;0.044098;0.134201;0.044098;0.133881;0.044098;0.133224;0.044403;0.132904;0.044739;0.132568;0.044739;0.132248;0.045044;0.131927;0.045380;0.131607;0.045715;0.131271;0.046021;0.130951;0.046021;0.130951;0.046356;0.130951;0.046692;0.130951;0.046997;0.130951;0.047333;0.130951;0.047668;
0.130951;0.046692;0.130630;0.046997;0.130630;0.047333;0.130630;0.047668;0.130295;0.047668;0.130295;0.047974;0.130295;0.048309;
0.130295;0.048950;0.130295;0.049286;0.129974;0.049622;0.129974;0.049927;0.129654;0.050262;0.129654;0.050568;
0.139725;0.045380;0.140045;0.045715;0.140381;0.046021;0.140381;0.046356;0.140701;0.046692;0.141022;0.046997;0.141022;0.047333;0.141022;0.047668;0.141342;0.048309;0.141342;0.048645;0.141342;0.048950;0.141678;0.049286;
0.144592;0.046997;0.144272;0.047333;0.143951;0.047333;0.143631;0.047668;0.143295;0.047974;0.142975;0.048309;0.142654;0.048645;0.142319;0.048950;0.141998;0.049286;0.141678;0.049622;0.141998;0.049622;0.141998;0.049286;0.142654;0.048950;
0.144928;0.044739;0.144928;0.044403;0.144592;0.044403;0.144272;0.044403;0.143951;0.044739;0.143951;0.045044;0.143631;0.045380;0.143295;0.046021;0.142975;0.046356;0.142654;0.046692;0.142654;0.046997;0.142319;0.047333;0.142319;0.047668;0.142319;0.047974;
0.146881;0.044739;0.147522;0.044739;0.147842;0.044739;0.148178;0.044739;0.148499;0.044739;0.148819;0.044739;0.149155;0.045044;0.149475;0.045044;0.149475;0.045380;0.149796;0.045380;0.149796;0.045715;0.149796;0.046021;0.149796;0.046356;0.149796;0.046692;
0.124130;0.043121;0.124771;0.043121;0.125107;0.043121;0.125427;0.043427;0.125748;0.043427;0.126083;0.043427;0.126083;0.043762;0.126404;0.044098;0.126724;0.044098;0.126724;0.044403;0.126724;0.044739;0.127045;0.045380;0.127045;0.045715;0.127380;0.046021;
0.105606;0.041168;0.105606;0.040833;0.105927;0.040497;0.105927;0.040192;0.106247;0.040192;0.106583;0.039856;0.106903;0.039520;0.107559;0.039520;0.107880;0.039215;0.108200;0.039215;0.108536;0.038879;0.108856;0.038879;
0.108856;0.039215;0.108200;0.039215;0.108200;0.039520;0.107880;0.039856;0.107559;0.039856;0.107224;0.040192;0.106903;0.040192;0.106583;0.040497;0.105927;0.040833;0.105606;0.040833;0.105286;0.041168;
0.101059;0.034668;0.101379;0.034668;0.101700;0.034332;0.102036;0.034332;0.102356;0.034332;0.102676;0.034332;0.102997;0.033997;0.103653;0.033997;0.103973;0.033997;0.104309;0.033997;0.104630;0.033997;0.104950;0.033997;0.105286;0.033997;
0.103653;0.030121;0.103973;0.030121;0.104309;0.030121;0.104309;0.029785;0.104630;0.029785;0.104950;0.029785;0.105286;0.029785;0.105606;0.029785;0.105927;0.030121;0.106247;0.030121;0.106583;0.030426;0.106903;0.030762;0.106903;0.031097;0.107224;0.031403;0.107224;0.031738;0.107224;0.032074;
0.109177;0.028809;0.109177;0.028473;0.108856;0.028473;0.108536;0.028473;0.108536;0.028809;0.108200;0.028809;0.107880;0.028809;0.107880;0.029144;0.107559;0.029144;0.107224;0.029449;0.106903;0.029785;0.106583;0.030121;0.106247;0.030121;0.106247;0.030426;0.106247;0.030762;0.106583;0.030762;
0.110474;0.028473;0.110153;0.028473;0.109833;0.028473;0.109497;0.028473;0.109177;0.028809;0.108856;0.028809;0.108536;0.029144;0.108200;0.029449;0.107559;0.029449;0.107224;0.029785;0.106903;0.030121;0.106903;0.030426;
0.100082;0.055145;0.100403;0.055450;0.100403;0.055786;0.100723;0.056122;0.101059;0.056427;0.101379;0.056427;0.101700;0.056427;0.102036;0.056427;0.102036;0.056763;0.102356;0.056763;0.102676;0.056763;0.102997;0.056763;0.103333;0.057068;0.103653;0.057068;0.103973;0.057068;0.104309;0.057068;0.104630;0.057404;0.104950;0.057404;0.105286;0.057404;0.105606;0.057404;0.105927;0.057404;0.106247;0.057404;0.106247;0.057739;0.106583;0.057739;0.106903;0.057739;0.106903;0.058044;0.107224;0.058044;0.107559;0.058380;0.107880;0.058380;0.107880;0.058716;0.108200;0.058716;0.108200;0.059021;0.108536;0.059357;
0.110153;0.060974;0.110474;0.061310;0.110809;0.061646;0.111130;0.061646;0.111130;0.061951;0.111450;0.061951;0.111771;0.061951;0.112106;0.061951;0.112106;0.062286;0.112427;0.062286;0.112747;0.062592;0.113083;0.062592;0.113083;0.062927;0.113403;0.062927;0.113724;0.063263;0.114059;0.063263;0.114380;0.063568;0.114700;0.063904;0.115021;0.063904;
0.115021;0.063904;0.114700;0.063904;0.114380;0.063904;0.114380;0.064240;0.114380;0.064545;0.114700;0.064545;0.114700;0.064880;0.114700;0.065216;0.114700;0.064880;
0.114700;0.063904;0.114700;0.064240;0.114700;0.064545;0.114380;0.064545;0.114380;0.064240;0.114059;0.064240;0.113724;0.063904;0.113403;0.063904;0.113083;0.063568;0.112747;0.063568;0.112747;0.063904;0.112747;0.064240;0.112427;0.064545;0.112427;0.064240;0.112106;0.064240;
0.110474;0.062592;0.110809;0.062592;0.110809;0.062927;0.110809;0.063263;0.110809;0.063568;0.110809;0.063904;0.110809;0.064240;0.110809;0.064545;0.110809;0.064880;0.110809;0.065216;0.110809;0.065521;0.110809;0.065857;0.110809;0.065521;0.110809;0.065216;0.111130;0.064880;
0.111771;0.062286;0.111771;0.061646;0.111771;0.061310;0.111771;0.061646;0.111771;0.061951;0.111771;0.062286;0.111771;0.062927;0.111771;0.063263;0.111771;0.063568;0.111771;0.063904;0.111771;0.064545;0.111771;0.064880;0.111771;0.065216;0.111771;0.064880;0.111450;0.064545;0.111450;0.064240;0.111450;0.063904;0.111450;0.063568;0.111450;0.063263;0.111450;0.062927;0.111450;0.063263;0.111450;0.063568;0.111450;0.063904;0.111450;0.064240;0.111450;0.064545;0.111450;0.064880;0.111450;0.065216;0.111450;0.064880;
0.111130;0.063263;0.111130;0.063568;0.111130;0.063904;0.111130;0.064240;
0.111130;0.063263;0.110809;0.063263;
0.110809;0.062592;0.110809;0.062927;
0.109833;0.061951;0.110153;0.062286;0.110153;0.062592;0.110153;0.062927;0.110153;0.063263;0.110474;0.063568;0.110474;0.063904;0.110474;0.064240;0.110474;0.064545;
0.108536;0.059021;0.108536;0.059357;0.108536;0.059692;0.108536;0.059998;0.108856;0.060333;0.108856;0.060669;0.108856;0.061310;0.109177;0.061646;0.109177;0.062286;0.109177;0.062592;0.109177;0.062927;0.109497;0.063263;0.109497;0.063568;0.109497;0.063904;0.109497;0.064240;0.109497;0.064545;
0.109833;0.060333;0.109833;0.060669;0.109833;0.060974;0.109833;0.061646;0.109833;0.061951;0.109833;0.062592;0.109833;0.062927;0.110153;0.063568;0.110153;0.063904;0.110153;0.064545;0.110153;0.064880;0.110153;0.065216;0.110153;0.065521;0.110153;0.065857;0.110153;0.066193;0.110153;0.065857;0.110153;0.065521;0.110153;0.065216;0.110153;0.065521;
0.109833;0.065521;0.109833;0.065857;0.109497;0.065857;0.109497;0.065521;0.109833;0.065521;0.109833;0.065216;0.109497;0.065216;0.109177;0.065216;0.108856;0.065216;0.108536;0.065216;0.108200;0.065521;0.107880;0.065521;0.107559;0.065521;0.107224;0.065521;0.106583;0.065857;0.106247;0.065857;0.105927;0.065857;0.105606;0.065857;0.105286;0.065857;0.104950;0.065857;0.104630;0.065857;0.104309;0.065857;0.103653;0.065857;0.103333;0.066193;0.102997;0.066193;0.102676;0.066193;0.102356;0.066193;0.102036;0.066193;0.101700;0.066193;0.101379;0.066193;0.101379;0.066498;0.101059;0.066833;0.101059;0.067139;0.100723;0.067474;0.100723;0.067810;0.100723;0.068115;0.100723;0.068451;0.100723;0.068787;
0.100723;0.068451;0.100723;0.068787;0.100403;0.068787;0.100403;0.069092;0.100403;0.069427;0.100082;0.069427;0.100082;0.069763;
0.101059;0.070404;0.101059;0.070068;0.101059;0.069763;0.101059;0.070068;0.101059;0.070404;0.101059;0.071045;0.101379;0.071716;0.101379;0.072357;0.101700;0.072998;0.101700;0.073334;0.101700;0.073639;0.102036;0.073975;0.102036;0.074310;0.102356;0.074615;0.102356;0.074310;0.102356;0.073975;0.102356;0.073639;0.102356;0.072998;0.102356;0.072662;0.102356;0.072357;
0.101700;0.067139;0.101700;0.066833;0.102036;0.066833;0.102356;0.066833;0.102676;0.067474;0.102997;0.068115;0.103333;0.068787;0.103653;0.069427;0.103653;0.070068;0.103973;0.070404;0.104309;0.071045;0.104309;0.071716;0.104309;0.072357;0.104630;0.072998;0.104630;0.073334;0.104630;0.073639;0.104630;0.073975;0.104950;0.074310;0.104950;0.073975;
0.103973;0.076569;0.103973;0.076904;0.104309;0.076904;0.104309;0.077240;0.103973;0.077240;
0.103973;0.077240;0.103973;0.076904;0.103973;0.076569;0.103973;0.076263;0.104309;0.076263;0.104630;0.076263;0.104950;0.076569;0.105286;0.076904;0.105606;0.076904;0.105927;0.076904;0.105927;0.077240;0.106247;0.077240;0.106247;0.077545;
0.104309;0.077240;0.104309;0.077545;0.104630;0.077881;0.104950;0.078217;0.105286;0.078522;0.105606;0.079163;0.106247;0.079834;0.106903;0.080139;0.107559;0.080811;0.107880;0.081451;0.108200;0.081787;0.108536;0.082092;0.108856;0.082764;0.108856;0.083069;0.109177;0.083069;0.109177;0.083405;0.108856;0.083069;0.108856;0.082764;0.108856;0.082428;0.108536;0.082092;
0.105286;0.076263;0.105606;0.076263;0.105927;0.076263;0.106583;0.076569;0.106903;0.077240;0.107559;0.077881;0.108200;0.078522;0.108856;0.079498;0.109177;0.080139;0.109497;0.081116;0.109833;0.081787;0.110153;0.082092;0.110153;0.082428;0.110474;0.082764;0.110474;0.083069;0.110809;0.083405;0.110474;0.083405;0.110474;0.083069;0.110153;0.083069;0.109833;0.083069;0.109497;0.083069;
0.104630;0.079834;0.103973;0.079163;0.103973;0.078857;0.103973;0.078522;0.103653;0.078522;0.103653;0.078217;0.103653;0.078522;0.103973;0.078857;0.103973;0.079163;0.103973;0.079498;0.104309;0.080139;0.104309;0.080475;0.104309;0.080811;0.104309;0.081116;0.104309;0.081451;0.104309;0.081787;0.104309;0.082092;0.103973;0.082092;0.103973;0.082428;0.103973;0.082764;0.103973;0.083069;0.103973;0.083405;0.104309;0.083405;
0.103973;0.082764;0.103973;0.083069;0.103653;0.083069;0.103653;0.083405;0.103333;0.083405;0.102997;0.083405;0.102997;0.083740;0.102676;0.083740;0.102676;0.084045;0.102997;0.084045;0.103333;0.084381;0.103333;0.084686;0.103653;0.084686;0.103973;0.085022;0.103973;0.085358;0.104309;0.085663;0.104309;0.085999;0.104630;0.086334;0.104630;0.086639;0.104950;0.086639;0.104950;0.086975;0.104950;0.086639;0.104950;0.086334;0.104950;0.085999;0.104630;0.085999;0.104630;0.085663;0.104630;0.085358;
0.102356;0.079163;0.102036;0.078522;0.102036;0.079163;0.102036;0.079498;0.102356;0.080139;0.102676;0.081116;0.102997;0.081787;0.102997;0.082428;0.103333;0.083069;0.103653;0.083405;0.103653;0.083740;0.103973;0.084381;0.103973;0.084686;0.104309;0.085022;0.104309;0.085358;0.104630;0.085358;0.104630;0.085663;0.104950;0.085999;0.104950;0.086334;0.105286;0.086334;0.105286;0.086639;0.105286;0.086975;0.105606;0.087311;0.105927;0.087311;0.105927;0.086975;0.106247;0.086975;0.106583;0.086975;0.106903;0.086975;0.107224;0.086975;0.107559;0.086975;0.107880;0.086975;0.108200;0.087311;0.108536;0.087311;0.108856;0.087311;0.109177;0.087616;0.109497;0.087616;0.109497;0.087952;0.109833;0.087952;0.110153;0.088287;0.109833;0.088287;0.109497;0.087952;0.109497;0.087616;0.109177;0.087616;0.109497;0.087952;0.109833;0.087952;0.109833;0.088287;0.110153;0.088928;0.110474;0.089264;0.110474;0.089569;0.110809;0.089905;0.110809;0.090240;0.111130;0.090546;0.111130;0.090881;0.111450;0.091187;0.111450;0.091522;0.111450;0.091187;0.111130;0.091187;0.111130;0.090881;0.111130;0.091187;0.111130;0.091522;0.111130;0.092163;0.111450;0.092499;0.111450;0.093140;0.111450;0.093475;
0.107880;0.077545;0.108200;0.078217;0.108536;0.078857;0.109177;0.079834;0.109497;0.080811;0.109833;0.081451;0.110153;0.082428;0.110474;0.082764;0.110809;0.083405;0.110809;0.083740;0.111130;0.084045;0.111450;0.084381;0.111450;0.084686;0.111771;0.085022;0.111771;0.085358;0.111771;0.085663;0.112106;0.085999;0.112106;0.086334;0.112427;0.086334;
0.112747;0.070740;0.112747;0.071381;0.112747;0.071716;0.112747;0.072021;0.112747;0.072357;0.113083;0.072998;0.113403;0.073639;0.113403;0.074310;0.113724;0.074951;0.114059;0.075928;0.114380;0.076569;0.115021;0.077240;0.115356;0.077545;0.115356;0.077881;0.115677;0.078217;0.115997;0.078522;0.116333;0.078217;
0.111450;0.070740;0.111130;0.070740;0.111450;0.071045;0.111771;0.071381;0.112106;0.071716;0.112427;0.072357;0.112747;0.072662;0.113083;0.073334;0.113403;0.073975;0.114059;0.074615;0.114380;0.075287;0.114700;0.075928;0.115021;0.076263;0.115356;0.076569;0.115677;0.076904;0.115997;0.077240;0.116653;0.077545;0.116974;0.078217;0.117310;0.078857;0.117630;0.079498;0.118271;0.080475;0.118927;0.081787;0.119583;0.082428;0.120544;0.083405;0.121521;0.084686;0.122498;0.086334;0.123474;0.087952;0.124771;0.089569;0.126083;0.090546;0.127380;0.091522;0.128677;0.092499;0.129654;0.093811;0.130630;0.095093;0.131607;0.096069;0.132248;0.097046;0.133224;0.098022;0.133881;0.098358;0.134201;0.098999;0.134857;0.099640;0.135178;0.100311;0.135498;0.100616;
0.193008;0.061646;0.193008;0.061310;0.193008;0.060974;0.193008;0.060669;0.193008;0.060974;0.193008;0.061310;0.193344;0.061646;0.193665;0.061951;0.193985;0.062592;0.194321;0.062927;0.194641;0.063263;0.194641;0.063568;0.194962;0.063568;0.194962;0.063904;0.194962;0.064240;0.194962;0.064545;0.194641;0.064545;0.194641;0.064880;0.194641;0.065216;0.194321;0.065857;0.194321;0.066498;0.194321;0.066833;0.194321;0.067810;0.194321;0.068451;0.194321;0.069427;0.194321;0.070068;0.194321;0.070740;0.194321;0.071716;0.194321;0.072357;0.194321;0.073334;0.194321;0.073975;0.194321;0.074615;0.194321;0.075287;0.194321;0.075592;0.193985;0.075287;0.193985;0.074615;0.193985;0.074310;0.193665;0.073975;0.193665;0.073639;0.193665;0.072998;0.193665;0.072662;0.193665;0.072021;0.193665;0.071716;0.193665;0.071045;0.193665;0.070740;0.193665;0.070404;0.193665;0.070068;0.193665;0.069763;0.193665;0.069427;0.193665;0.069092;0.193665;0.069427;0.193985;0.069763;0.193985;0.070404;0.193985;0.070740;0.193985;0.071381;0.193985;0.072357;0.194321;0.073334;0.194321;0.073975;0.194321;0.075287;0.194321;0.075928;0.194321;0.076904;0.194641;0.077545;0.194641;0.078217;0.194641;0.079163;0.194962;0.079834;0.194962;0.080475;0.194962;0.081451;0.194962;0.082092;0.194962;0.082428;0.194962;0.083069;0.194962;0.083740;0.194641;0.084045;0.194641;0.084381;0.194321;0.085022;0.194321;0.085663;0.194321;0.085999;0.193985;0.086639;0.193985;0.087311;0.193985;0.087952;0.193985;0.088593;0.193665;0.089264;0.193665;0.089905;0.193344;0.090546;0.193344;0.091187;0.193344;0.091522;0.193008;0.092163;0.193008;0.092834;0.192688;0.093811;0.192688;0.094452;0.192368;0.095093;0.192047;0.096069;0.191711;0.096710;0.191391;0.097382;0.191071;0.098022;0.190735;0.098663;0.190414;0.098999;0.190414;0.099640;0.190094;0.100616;0.189774;0.101288;0.189438;0.101929;0.189438;0.102570;0.189117;0.103210;0.189117;0.103882;0.188797;0.104187;0.188797;0.104523;0.188461;0.104523;0.188461;0.104858;0.188461;0.104523;0.188461;0.104187;0.188461;0.103882;0.188461;0.103546;0.188797;0.103546;
0.189774;0.102570;0.189774;0.102234;0.189774;0.101929;0.190094;0.101593;0.190094;0.100952;0.190414;0.100616;
0.192368;0.081787;0.192368;0.082092;0.192368;0.082428;0.192368;0.082764;0.192688;0.083405;0.192688;0.083740;0.192688;0.084045;0.192688;0.084381;0.193008;0.084381;0.193008;0.084686;0.193008;0.085022;0.193344;0.085358;0.193344;0.085663;0.193344;0.085999;0.193008;0.085999;0.193008;0.086334;0.193008;0.086639;0.193008;0.086975;0.192688;0.087311;0.192688;0.087616;0.192688;0.088287;0.192688;0.088593;0.192688;0.089264;0.192688;0.089905;0.192688;0.090240;0.192688;0.090881;0.192688;0.091187;0.192688;0.091858;0.192688;0.092163;0.192688;0.092499;0.192688;0.092834;0.192688;0.093140;0.192368;0.093475;0.192368;0.093811;0.192368;0.094116;0.192368;0.094452;0.192368;0.094788;0.192047;0.094788;0.192047;0.095093;0.192047;0.094788;0.192047;0.094452;0.192047;0.094116;0.192047;0.093811;0.192047;0.093475;0.192047;0.092834;0.192368;0.092499;
0.192368;0.085022;0.192047;0.084686;0.191711;0.084686;0.191391;0.084686;0.191391;0.085022;0.191071;0.085358;0.190735;0.085663;0.190735;0.086334;0.190414;0.086975;0.190414;0.087616;0.190414;0.088287;0.190414;0.088593;0.190414;0.089264;0.190414;0.089569;0.190414;0.090240;0.190414;0.090546;0.190414;0.091187;0.190414;0.091522;0.190414;0.092163;0.190094;0.092499;0.190094;0.093140;0.190094;0.094116;0.190094;0.094788;0.190094;0.095428;0.190094;0.096069;0.190094;0.096710;0.190094;0.097046;0.189774;0.097382;0.189774;0.098022;0.189774;0.098358;0.189438;0.098999;0.189438;0.099335;0.189438;0.099640;0.189117;0.099976;0.189117;0.100311;0.189117;0.100952;0.189117;0.101288;0.188797;0.101593;0.188797;0.101929;0.188797;0.102234;0.188461;0.102570;0.188461;0.102905;0.188141;0.102905;0.188141;0.103210;0.187820;0.103546;0.187485;0.103546;0.187485;0.103882;0.187164;0.103882;0.186844;0.104187;0.186523;0.104523;0.186188;0.104523;0.185867;0.104523;0.185867;0.104858;0.185547;0.104858;0.185211;0.104858;0.184891;0.105164;0.185211;0.104858;0.185547;0.104523;
0.191391;0.062592;0.191391;0.062286;0.191391;0.062592;0.191391;0.062927;0.191391;0.063263;0.191071;0.063568;0.191071;0.064240;0.191071;0.064880;0.191071;0.065521;0.191071;0.066193;0.190735;0.066833;0.190735;0.067474;0.190414;0.067810;0.190414;0.068451;0.190414;0.068787;0.190094;0.069092;
0.191071;0.065521;0.191071;0.065216;0.191071;0.064880;0.191071;0.065216;0.191071;0.065521;0.190735;0.065857;0.190735;0.066193;0.190735;0.066498;0.190414;0.067139;0.190414;0.067474;0.190414;0.067810;0.190414;0.067474;0.190414;0.067139;0.190094;0.067139;
0.189774;0.066833;0.189438;0.066833;0.189438;0.067139;0.189438;0.067474;0.189774;0.067810;0.189774;0.068115;0.190094;0.068451;0.190414;0.069092;0.190414;0.069427;0.190735;0.070068;0.191071;0.070404;0.191391;0.071045;0.191391;0.071716;0.191711;0.072662;0.192047;0.073334;0.192047;0.074310;0.192368;0.074951;0.192368;0.075592;0.192688;0.076263;0.192688;0.076569;0.193008;0.076904;0.193008;0.077240;0.193008;0.077545;0.192688;0.077545;0.192688;0.077240;0.192368;0.076904;0.192368;0.076569;
0.190094;0.069092;0.190094;0.068787;0.190414;0.068787;0.190414;0.068451;0.190414;0.068115;0.190414;0.067810;0.190414;0.067474;0.190735;0.067139;0.190735;0.067474;0.191071;0.067810;0.191071;0.068451;0.191391;0.068787;0.191391;0.069092;0.191711;0.069427;0.192047;0.069763;0.192368;0.070068;0.192368;0.070404;0.192688;0.070740;0.192688;0.071045;0.192688;0.071381;0.193008;0.072021;0.193008;0.072357;0.193008;0.072998;0.193008;0.073639;0.193008;0.073975;0.193008;0.074615;0.193008;0.074951;0.193008;0.075287;0.193008;0.075592;0.193008;0.075928;0.193008;0.076263;0.193008;0.076569;0.192688;0.076569;0.192688;0.076904;0.192688;0.077240;0.192368;0.077240;0.192368;0.077545;0.192047;0.077881;0.192047;0.078217;0.191711;0.078217;0.191711;0.077881;0.191711;0.077545;0.191711;0.077240;
0.190094;0.068451;0.190094;0.068787;0.190094;0.069427;0.190094;0.069763;0.190094;0.070068;0.190094;0.070404;0.189774;0.070740;0.189774;0.071045;0.189438;0.071716;0.189438;0.072021;0.189117;0.072998;0.189117;0.073639;0.188797;0.074310;0.188797;0.075287;0.188797;0.075592;0.188461;0.076263;0.188461;0.076569;0.188461;0.076904;0.188141;0.077240;0.188141;0.077545;0.187820;0.077545;0.187820;0.077881;0.187485;0.078217;0.187164;0.078522;0.186844;0.078857;0.186844;0.079163;0.186523;0.079498;0.186523;0.079834;0.186188;0.080139;0.186188;0.080475;0.186188;0.080811;0.185867;0.081116;0.185547;0.081787;0.185211;0.082428;0.184891;0.083069;0.184570;0.083740;0.183914;0.084686;0.183273;0.085663;0.182297;0.087311;0.181641;0.088287;
0.185211;0.083740;0.184891;0.084381;0.184570;0.084686;0.184235;0.085022;0.183914;0.085358;0.183594;0.085663;0.183273;0.085999;0.182617;0.086334;0.182297;0.086639;0.181641;0.086975;0.181000;0.087616;0.180664;0.087952;0.180023;0.088287;0.179367;0.088928;0.179047;0.089264;0.178391;0.089569;0.178070;0.089905;0.177750;0.090240;0.177414;0.090546;0.177094;0.090881;0.176773;0.090881;0.176773;0.091187;0.176437;0.091187;0.176437;0.091522;0.176117;0.091522;0.176117;0.091858;0.176117;0.092163;0.175797;0.092499;0.175797;0.092834;0.175797;0.093140;0.175461;0.093475;0.175461;0.094116;0.175140;0.094452;0.175140;0.095093;0.174820;0.095764;0.174500;0.096405;0.174500;0.097046;0.174500;0.097382;0.174164;0.097687;0.174164;0.098358;0.174164;0.098663;0.173843;0.098999;0.173843;0.099335;0.173523;0.099640;0.173523;0.099976;0.173523;0.100311;0.173523;0.100616;0.173523;0.100311;0.173843;0.099976;0.174164;0.099976;0.174164;0.100311;0.174500;0.100311;0.174820;0.100616;0.175140;0.100616;0.175461;0.100616;0.176117;0.100616;0.176437;0.100616;0.176773;0.100616;0.177414;0.100616;0.177750;0.100311;0.178391;0.100311;0.179047;0.099976;0.179688;0.099976;0.180344;0.099640;0.181000;0.099640;0.181641;0.099640;0.181961;0.099335;0.182297;0.099335;0.182938;0.098999;0.183273;0.098999;0.182938;0.098663;0.182617;0.098663;0.182297;0.098663;
0.177414;0.091858;0.177414;0.091522;0.177094;0.091522;0.176773;0.091522;0.176437;0.091522;
0.175140;0.092499;0.174500;0.093811;0.174500;0.094116;0.174164;0.094788;0.174164;0.095093;0.173843;0.095764;0.173523;0.096405;0.173523;0.096710;0.173187;0.097382;0.172867;0.097687;0.172867;0.098022;0.172546;0.098358;0.172546;0.098663;0.172546;0.099335;0.172546;0.099640;0.172546;0.099976;0.172546;0.100311;0.172546;0.100616;0.172546;0.100952;0.172546;0.101288;0.172546;0.101593;0.172546;0.101929;0.172546;0.102234;0.172867;0.102234;0.173187;0.102234;0.173523;0.102234;0.173843;0.102234;0.174164;0.102234;0.174820;0.102234;0.175140;0.102234;0.175797;0.102234;0.176437;0.102234;0.177094;0.101929;0.177750;0.101593;0.178070;0.101288;0.178711;0.101288;0.179047;0.100952;0.179367;0.100616;0.179688;0.100616;0.180023;0.100616;0.180344;0.100311;0.180664;0.100311;0.181000;0.099976;0.181320;0.099976;0.181641;0.099976;0.181641;0.099640;0.181641;0.099976;0.181320;0.099976;0.181000;0.099976;0.181000;0.100311;0.180664;0.100311;0.180344;0.100616;0.180023;0.100616;0.179688;0.100952;
0.176773;0.100952;0.176773;0.100616;0.176773;0.099976;0.177094;0.099976;
0.184235;0.088928;0.184235;0.089264;0.183914;0.089264;0.183914;0.089569;0.183594;0.089905;0.183273;0.090240;0.182938;0.090881;0.182617;0.091187;0.182297;0.091522;0.181961;0.091858;0.181641;0.092163;0.181000;0.092499;0.180664;0.092834;0.180344;0.093140;0.180023;0.093475;0.180023;0.093811;0.179688;0.094116;0.179688;0.094452;0.179367;0.094452;0.179367;0.094788;0.179367;0.095093;0.179047;0.095093;0.179047;0.095428;
0.179047;0.095428;0.179367;0.095764;0.179688;0.095764;0.179688;0.096069;0.180023;0.096069;0.180344;0.096069;0.180664;0.096069;0.181000;0.096069;0.181320;0.096069;0.181641;0.095764;0.182297;0.094788;0.182617;0.094116;0.182938;0.093811;0.182938;0.093475;0.183273;0.093140;0.183273;0.092834;0.183594;0.092499;0.183594;0.092163;
0.184891;0.089569;0.184570;0.089569;0.184570;0.089905;0.184235;0.090240;0.184235;0.090546;0.184235;0.090881;0.183914;0.091187;0.183594;0.091858;0.183273;0.092163;0.183273;0.092499;0.182938;0.092834;0.182617;0.093475;0.182297;0.094116;
0.168640;0.098022;0.167999;0.098358;0.167664;0.098358;0.167343;0.098358;0.167343;0.098663;0.167023;0.098663;0.166687;0.098999;0.166367;0.099335;0.166046;0.099335;0.165726;0.099640;0.165390;0.099976;0.165070;0.099976;0.164749;0.100311;0.164429;0.100311;0.164093;0.100616;0.164093;0.100952;0.164429;0.100952;0.164429;0.100616;0.164749;0.100616;0.165070;0.100616;0.165390;0.100616;0.165070;0.100952;0.164749;0.100952;0.164749;0.101288;0.164429;0.101288;0.164429;0.101593;0.164429;0.101929;0.164429;0.102234;0.164429;0.102570;
0.169617;0.098999;0.169937;0.098663;0.170273;0.098663;0.170593;0.098663;0.170914;0.098663;0.171249;0.098663;0.171249;0.098999;0.171249;0.099335;0.171249;0.099640;0.171249;0.100311;0.171249;0.100616;0.170914;0.100952;0.170914;0.101288;0.170593;0.101929;0.170273;0.102234;0.170273;0.102570;0.169937;0.102905;0.169617;0.103210;0.169617;0.103546;0.169296;0.103546;0.169296;0.103882;0.168976;0.103882;0.168640;0.103882;0.168320;0.103882;0.167999;0.103882;0.167664;0.103882;0.167343;0.103546;0.167023;0.103546;0.166687;0.103546;0.166367;0.103546;0.166046;0.103546;0.165726;0.103546;0.165390;0.103546;0.165070;0.103546;0.164749;0.103546;0.164093;0.103546;0.163773;0.103546;0.163437;0.103546;0.163116;0.103546;0.162796;0.103546;0.162140;0.103546;0.161819;0.103882;0.161179;0.103882;0.160843;0.103882;0.160522;0.103882;0.159866;0.104187;0.159546;0.104187;0.159225;0.104187;0.158890;0.104187;0.158569;0.104523;0.158249;0.104523;0.157928;0.104523;0.157928;0.104858;0.157593;0.104858;0.157593;0.105164;0.157272;0.105164;0.157272;0.105499;0.157272;0.105835;0.157272;0.106140;0.157272;0.106476;0.156952;0.106812;0.156952;0.107117;0.156952;0.107788;0.156952;0.108093;0.156952;0.108429;0.156952;0.108734;0.156952;0.109070;0.156952;0.109406;0.156952;0.109711;0.156952;0.110046;0.156952;0.110382;0.156952;0.110687;0.156952;0.111023;0.157272;0.111023;0.157593;0.111023;0.157928;0.111023;0.158249;0.111023;0.158569;0.111023;0.158890;0.111023;0.159225;0.111359;0.159866;0.111359;0.160202;0.111664;0.160843;0.111664;0.161179;0.112000;0.161819;0.112000;0.162140;0.112335;0.162476;0.112640;0.162796;0.112640;0.163116;0.112976;0.163116;0.113312;0.163437;0.113312;0.163773;0.113617;0.164093;0.113617;0.164429;0.113617;0.164749;0.113617;0.165070;0.113617;0.165390;0.113617;0.165726;0.113617;0.166046;0.113617;0.166046;0.113312;0.166367;0.113312;0.166687;0.113312;0.166687;0.112976;0.167023;0.112976;0.167343;0.112640;0.167664;0.112640;0.167999;0.112335;0.168640;0.112000;0.168976;0.111664;0.169296;0.111359;0.169617;0.111023;0.169937;0.110382;0.170593;0.110046;0.170914;0.109711;0.171249;0.109070;0.171570;0.108734;0.171570;0.108429;0.171890;0.107788;0.172226;0.107788;0.172226;0.107452;0.172546;0.107452;0.172546;0.107788;0.172546;0.108093;0.172226;0.108734;0.172226;0.109406;0.171890;0.109711;0.171570;0.110382;0.171249;0.110687;0.170914;0.111023;0.170593;0.111359;0.170273;0.111359;0.169937;0.111664;0.169617;0.111664;0.169617;0.112000;0.169296;0.112000;0.168976;0.112000;0.168640;0.112000;0.168320;0.112000;0.167999;0.111664;
0.157272;0.105835;0.156616;0.105835;0.156296;0.105835;0.155975;0.105499;0.155655;0.105499;0.155319;0.105499;0.155319;0.105164;0.154999;0.105164;0.154678;0.105164;0.154343;0.105164;0.154022;0.105164;
0.154022;0.105164;0.154343;0.105164;0.154678;0.105164;0.154999;0.105164;0.154999;0.104858;0.155319;0.104858;0.155319;0.104523;0.154999;0.104523;0.154678;0.104523;0.154343;0.104523;0.154022;0.104523;0.153702;0.104523;0.153366;0.104523;0.153046;0.104523;0.152405;0.104523;0.152069;0.104523;0.151749;0.104523;0.151428;0.104523;0.151093;0.104523;0.150772;0.104523;0.150452;0.104523;0.150116;0.104523;0.149796;0.104523;0.149475;0.104858;0.149155;0.104858;0.149155;0.105164;0.148819;0.105164;0.148499;0.105164;0.148178;0.105164;0.147842;0.105499;0.147522;0.105499;0.147202;0.105835;0.146881;0.105835;0.146545;0.105835;0.145905;0.106140;0.145569;0.106140;0.145248;0.106140;0.144592;0.106476;0.144272;0.106476;0.143951;0.106476;0.144272;0.106476;0.144592;0.106476;0.144592;0.106812;0.144928;0.106812;0.145248;0.107117;0.145569;0.107117;0.145905;0.107452;0.146545;0.107788;0.146881;0.108093;0.148178;0.108734;0.148819;0.109070;0.149475;0.109070;0.149796;0.109406;0.150452;0.109711;0.151093;0.110046;0.151428;0.110046;0.152069;0.110382;0.152725;0.110382;0.153046;0.110687;0.153702;0.110687;0.154343;0.110687;0.154678;0.110687;0.154999;0.110687;0.155319;0.110687;0.155655;0.110687;0.155319;0.110687;0.154999;0.110687;0.154678;0.110687;0.154022;0.111023;0.153702;0.111023;0.153366;0.111023;0.152725;0.111359;
0.148499;0.109070;0.148499;0.109406;0.148499;0.109711;0.148499;0.110046;0.148819;0.110382;0.148819;0.110687;0.149155;0.111023;0.149475;0.111023;0.150116;0.111359;0.150452;0.111664;0.150772;0.111664;0.151428;0.112000;0.151749;0.112000;0.152069;0.112335;0.152725;0.112335;0.153046;0.112335;0.153366;0.112335;0.153702;0.112335;0.154343;0.112335;0.154678;0.112335;0.155319;0.112335;0.155655;0.112335;0.155975;0.112000;0.156296;0.112000;0.156616;0.111664;0.156952;0.111664;0.157272;0.111664;0.157272;0.111359;0.157272;0.111664;0.156952;0.111664;0.156616;0.112000;0.156296;0.112000;0.155975;0.112335;0.155655;0.112335;
0.147202;0.104858;0.147202;0.104523;0.147522;0.104523;0.147522;0.104187;0.147202;0.104187;0.146881;0.104187;0.146545;0.104187;0.146225;0.103882;0.145905;0.103882;0.145569;0.103882;0.145248;0.103882;0.144928;0.103882;0.144592;0.103882;0.144272;0.103882;0.143951;0.103882;0.143631;0.103882;0.143295;0.103882;0.142654;0.104187;0.142319;0.104187;0.141998;0.104187;0.141678;0.104187;0.141342;0.104187;0.141022;0.104187;0.140701;0.104187;0.140381;0.104187;0.140045;0.104187;0.139725;0.104187;0.139404;0.104187;0.139069;0.104187;0.138748;0.104187;0.138428;0.104187;0.138107;0.104187;0.137772;0.104187;0.137451;0.104187;0.137131;0.104187;0.136795;0.104187;0.136475;0.104187;0.136154;0.104187;0.135818;0.104187;0.135178;0.104523;0.134857;0.104523;0.134201;0.104523;0.133545;0.104523;0.132904;0.104858;0.132568;0.104858;0.131927;0.104858;0.131607;0.104858;0.131271;0.104858;0.130630;0.105164;0.130295;0.105164;0.129974;0.105164;0.129654;0.105164;0.129333;0.105164;0.128998;0.105164;0.128677;0.105164;0.128357;0.105164;0.128021;0.105164;0.127701;0.105164;0.127380;0.105499;0.127045;0.105499;0.127380;0.105499;0.127701;0.105499;0.128021;0.105499;0.128357;0.105499;0.128677;0.105499;0.128998;0.105835;0.129333;0.105835;0.129974;0.105835;0.130630;0.105835;0.131271;0.106140;0.131927;0.106140;0.132568;0.106140;0.132904;0.106140;0.133881;0.106476;0.134201;0.106476;0.134521;0.106812;0.135178;0.106812;0.135818;0.107117;0.136475;0.107452;0.137131;0.107788;0.137772;0.108093;0.138428;0.108093;0.139069;0.108429;0.139725;0.108429;0.140381;0.108429;0.141022;0.108429;0.141678;0.108429;0.141998;0.108429;0.142319;0.108429;0.142654;0.108429;0.142975;0.108093;0.143295;0.108093;0.143295;0.107788;0.143631;0.107788;0.143631;0.107452;0.143631;0.107117;
0.142654;0.105164;0.142975;0.104858;0.143295;0.104858;0.143631;0.104858;0.143951;0.104858;0.144272;0.104858;0.144592;0.104858;0.144928;0.104858;0.145248;0.105164;0.145569;0.105164;0.145905;0.105164;0.146225;0.105164;0.146225;0.105499;0.145905;0.105499;0.145569;0.105499;0.145248;0.105499;
0.136475;0.101288;0.137131;0.101288;0.137451;0.101288;0.137451;0.100952;0.137451;0.100616;0.137451;0.100311;0.137131;0.100311;0.137131;0.099976;0.136475;0.099335;0.135818;0.098999;0.135498;0.098663;0.134857;0.098358;0.134521;0.098358;0.133881;0.098022;0.133224;0.098022;0.132904;0.097687;0.132568;0.097687;0.132248;0.097687;0.131927;0.097687;0.131607;0.097382;0.131271;0.097382;0.130951;0.097382;0.130951;0.097687;0.130630;0.097687;0.130630;0.098022;0.130951;0.098358;0.131271;0.098663;0.131607;0.098999;0.131927;0.099335;0.132248;0.099335;0.132568;0.099640;0.132568;0.099976;0.132904;0.100311;
0.107559;0.089569;0.107224;0.088928;0.107224;0.088593;0.107224;0.088287;0.107224;0.087952;0.107224;0.087616;0.107224;0.087311;0.107224;0.086975;0.107224;0.086639;0.107224;0.086334;0.106903;0.085999;0.106903;0.086334;0.106903;0.086639;0.107224;0.086975;0.107224;0.087311;0.107559;0.087616;0.107559;0.087952;0.107559;0.088287;0.107880;0.088593;0.107880;0.088928;0.107880;0.089264;0.108200;0.089569;0.108200;0.089905;0.108200;0.090240;0.108536;0.090546;0.108856;0.090881;0.108856;0.091187;0.109177;0.091522;0.109497;0.091522;0.109497;0.091858;0.109833;0.091858;0.109833;0.092163;0.110153;0.092499;0.110474;0.092834;0.110474;0.093475;0.110809;0.094116;0.110809;0.094788;0.111130;0.095093;
0.115021;0.091858;0.114700;0.092163;0.114700;0.092499;0.115021;0.092499;0.115356;0.092834;0.115677;0.093140;0.116333;0.093140;0.116653;0.093475;0.116974;0.093475;0.117630;0.093475;0.118271;0.093811;0.118927;0.093811;0.119247;0.094116;0.119904;0.094116;0.120224;0.094452;0.120544;0.094788;0.120880;0.095093;0.121201;0.095093;0.121521;0.095428;0.121857;0.095764;0.121857;0.096069;0.122177;0.096405;0.122498;0.096710;0.122498;0.097046;0.122833;0.097382;0.122833;0.098022;0.123154;0.098358;0.123474;0.098663;0.123795;0.098999;0.124130;0.099640;0.124771;0.100311;0.125107;0.100952;0.125427;0.101929;0.125748;0.102570;0.126083;0.102905;0.126404;0.103546;0.126724;0.103882;0.126724;0.104187;0.127045;0.104187;0.127045;0.104523;0.126724;0.104523;0.126724;0.104187;0.126404;0.104187;
0.117950;0.094452;0.118271;0.094452;0.118607;0.094788;0.118927;0.094788;0.119247;0.095093;0.119583;0.095428;0.119583;0.095764;0.119904;0.095764;0.120224;0.096069;0.120544;0.096405;0.120544;0.096710;0.120880;0.096710;0.120880;0.097046;0.121201;0.097382;0.121201;0.097687;0.121521;0.098358;0.121857;0.098663;0.121857;0.098999;0.122177;0.099335;0.122498;0.099640;0.122833;0.099976;0.122833;0.100311;0.123154;0.100952;0.123474;0.101288;0.123474;0.101593;0.123795;0.102234;0.123795;0.102570;0.124130;0.102905;0.124130;0.103210;0.124451;0.103546;0.124451;0.103882;0.124451;0.104187;0.124771;0.104187;0.124771;0.104523;0.125107;0.104858;0.125427;0.104858;0.125427;0.105164;0.125748;0.105164;0.126083;0.105164;0.125748;0.105164;0.126083;0.105164;0.126404;0.105164;0.126724;0.105164;0.127045;0.105164;0.126724;0.105164;0.126724;0.104858;0.126404;0.104858;0.126083;0.104858;0.125748;0.104858;0.125427;0.104858;0.125107;0.104858;
0.117310;0.099976;0.117630;0.100311;0.117950;0.100616;0.118271;0.100616;0.118271;0.100952;0.118607;0.100952;0.118607;0.101288;0.118607;0.101593;
0.118607;0.101593;0.118271;0.101593;0.117950;0.101593;0.117950;0.101288;0.117630;0.101288;0.117310;0.101288;0.117310;0.100952;0.116974;0.100616;0.116653;0.100616;0.116333;0.100311;0.115997;0.100311;0.115677;0.099976;0.115356;0.099976;0.114700;0.099976;0.114380;0.099976;0.114059;0.099976;0.113724;0.099976;0.113403;0.099976;0.113083;0.099976;0.112747;0.099640;0.113083;0.099640;0.113403;0.099976;0.113403;0.100311;0.113724;0.100311;0.114059;0.100616;0.114380;0.100616;0.115021;0.100952;0.115677;0.101288;0.116333;0.101288;0.116653;0.101593;0.117310;0.101593;0.117630;0.101593;0.118271;0.101929;0.118607;0.101929;0.119247;0.101929;0.119583;0.101929;0.119904;0.101929;0.120224;0.101593;0.120544;0.101593;0.120544;0.101288;0.120224;0.101288;
0.114700;0.100616;0.115356;0.100616;0.115677;0.100616;0.115997;0.100616;0.116653;0.100616;0.116974;0.100616;0.117310;0.100616;0.117950;0.100616;0.118607;0.100616;0.118927;0.100616;0.119583;0.100616;0.119904;0.100616;0.120224;0.100616;0.120544;0.100616;0.120544;0.100952;0.120880;0.100952;0.120880;0.101288;0.121201;0.101288;0.121201;0.101593;
0.115021;0.102234;0.115021;0.102905;0.115356;0.103210;0.115356;0.103546;0.115677;0.103546;0.115677;0.103882;0.115997;0.104187;0.116333;0.104187;0.116333;0.104523;0.116653;0.104523;0.116974;0.104523;0.116653;0.104523;0.116333;0.104187;0.115997;0.103882;0.115677;0.103882;0.115677;0.103546;0.115356;0.103210;0.115021;0.102905;0.114700;0.102570;0.114700;0.102234;0.114380;0.101929;0.114059;0.101593;0.114380;0.101593;0.114380;0.101929;0.114700;0.102234;0.114700;0.102570;0.115021;0.102570;0.115021;0.102905;0.115356;0.102905;0.115356;0.103210;0.115677;0.103210;0.115677;0.103546;0.115997;0.103546;0.115997;0.103882;0.116333;0.103882;0.116333;0.104187;0.116653;0.104187;0.116974;0.104523;0.117310;0.104858;0.117630;0.105164;0.117950;0.105164;0.117950;0.105499;0.118271;0.105499;0.118607;0.105835;0.118927;0.106140;0.119247;0.106476;0.119583;0.106812;0.119904;0.106812;0.120224;0.107117;0.120224;0.107452;0.120544;0.107788;0.120880;0.107788;0.121201;0.108093;0.121521;0.108093;0.121857;0.108429;0.121857;0.108734;0.122177;0.108734;0.122498;0.109070;0.122833;0.109406;0.123154;0.109406;0.123474;0.109711;0.123795;0.109711;0.123795;0.110046;0.124130;0.110046;0.124451;0.110046;0.124771;0.110382;0.125107;0.110382;0.125107;0.110687;0.125427;0.110687;0.125748;0.110687;0.125748;0.111023;0.126083;0.111023;0.126404;0.111023;0.126404;0.111359;0.126724;0.111359;0.127045;0.111359;0.127045;0.111664;0.127380;0.111664;0.127701;0.112000;0.128021;0.112000;0.127701;0.112000;
0.116333;0.102570;0.116333;0.102234;0.116653;0.102234;0.116653;0.102570;0.116974;0.102905;0.116974;0.103210;0.117310;0.103210;0.117310;0.103546;0.117630;0.103882;0.117950;0.104187;0.118271;0.104187;0.118607;0.104523;0.118927;0.104523;0.119583;0.104858;0.119904;0.105164;0.120224;0.105164;0.120544;0.105499;0.120880;0.105835;0.121201;0.105835;0.121521;0.106140;0.121521;0.106476;0.121857;0.106476;0.122177;0.106812;0.122498;0.107117;0.122833;0.107117;0.123154;0.107452;0.123474;0.107452;0.123474;0.107788;0.123795;0.107788;0.124130;0.108093;0.124451;0.108093;0.124451;0.108429;0.124771;0.108429;0.124771;0.108734;0.125107;0.109070;0.125107;0.109406;0.125427;0.109711;0.125748;0.109711;0.125748;0.110046;0.126083;0.110046;0.126083;0.110382;0.126404;0.110382;0.126404;0.110687;0.126724;0.110687;0.126724;0.111023;0.127045;0.111023;0.127380;0.111359;0.127701;0.111664;0.128021;0.111664;0.128357;0.112000;0.128677;0.112000;0.128998;0.112335;0.129333;0.112335;0.128998;0.112335;0.128677;0.112335;0.128357;0.112335;0.127701;0.112000;0.127380;0.112000;
0.106583;0.091187;0.106247;0.091187;0.106247;0.091522;0.106247;0.091858;0.106583;0.092163;0.106583;0.092499;0.106903;0.092499;0.107224;0.092834;0.107224;0.093140;0.107559;0.093475;0.107559;0.093811;0.107880;0.094116;0.107880;0.094452;0.108200;0.094788;0.108200;0.095093;0.108200;0.095764;0.108536;0.096069;0.108536;0.096405;0.108856;0.096405;0.109177;0.096710;0.109497;0.097046;0.109833;0.097046;0.110153;0.097382;0.110153;0.097687;0.110474;0.097687;0.110809;0.098022;0.111130;0.098358;0.111130;0.098663;0.111450;0.098663;0.111771;0.098999;0.111771;0.099335;0.112106;0.099640;0.112427;0.099976;0.112747;0.100311;0.113083;0.100616;0.113403;0.100952;0.113724;0.101288;0.114059;0.101593;0.114380;0.101929;0.114700;0.102234;0.114700;0.102570;0.115021;0.102905;0.115021;0.103210;0.115356;0.103546;0.115356;0.103882;0.115677;0.104187;0.115677;0.104523;0.115997;0.104523;0.116333;0.104858;0.116653;0.105164;0.116974;0.105499;0.116974;0.105835;0.117310;0.105835;0.117310;0.106140;0.117630;0.106476;0.117950;0.106812;0.117950;0.107117;0.118271;0.107452;0.118607;0.107788;0.118927;0.108093;0.118927;0.108429;0.119247;0.108734;0.119583;0.109070;0.119904;0.109406;0.120224;0.109406;0.120544;0.109711;0.120544;0.110046;0.120880;0.110046;0.120880;0.110382;0.121201;0.110382;0.121201;0.110687;0.121521;0.110687;0.121521;0.111023;0.121857;0.111023;0.122177;0.111359;0.122498;0.111664;0.122833;0.112000;0.123154;0.112335;0.123154;0.112640;0.123474;0.112976;
0.113083;0.100311;0.113083;0.100616;0.113083;0.100952;0.113403;0.101288;0.113403;0.101593;0.113724;0.101929;0.113724;0.102570;0.114059;0.102905;0.114380;0.103546;0.114380;0.103882;0.114380;0.104187;0.114700;0.104523;0.114700;0.104858;0.114700;0.105164;0.115021;0.105164;0.115021;0.105499;0.114700;0.105499;0.114700;0.105164;0.114380;0.105164;0.114380;0.104858;0.114380;0.104523;0.114059;0.104523;0.114059;0.104187;0.113724;0.103882;0.113403;0.103210;0.113083;0.102905;0.113083;0.102234;0.112747;0.101593;0.112427;0.101288;0.112427;0.100616;0.112106;0.100311;0.112106;0.099976;0.111771;0.099640;0.111771;0.099335;0.111450;0.099335;0.111450;0.098999;0.111450;0.098663;0.111130;0.098663;0.111130;0.098358;0.110809;0.098358;0.110809;0.098022;0.110809;0.097687;0.110474;0.097687;0.110474;0.097382;0.110153;0.097046;0.110153;0.096710;0.110153;0.096405;0.110153;0.096069;0.109833;0.096069;0.109833;0.095764;0.109497;0.095428;0.109177;0.095093;0.109177;0.094788;0.108856;0.094788;0.108856;0.094452;0.108856;0.094116;0.108856;0.094452;0.108856;0.094788;0.108856;0.095093;0.108856;0.095428;0.108856;0.095764;0.109177;0.096069;0.109177;0.096710;0.109177;0.097046;0.109177;0.097382;0.109497;0.097687;0.109497;0.098022;0.109497;0.098358;0.109497;0.098663;0.109497;0.098999;0.109833;0.099335;0.109833;0.099640;0.109833;0.100311;0.109833;0.100952;0.109833;0.101593;0.109833;0.102234;0.109833;0.102905;0.110153;0.103882;0.110153;0.104187;0.110153;0.104523;0.110153;0.105164;0.110153;0.105499;0.110153;0.105835;0.110474;0.106140;0.110474;0.106812;0.110474;0.107117;0.110809;0.107452;0.110809;0.107788;0.110809;0.108429;0.111130;0.108734;0.111130;0.109070;0.111130;0.109406;0.111450;0.109711;0.111450;0.110046;0.111450;0.110382;0.111771;0.110687;0.111771;0.111023;0.111771;0.111359;0.112106;0.111664;0.112106;0.112000;0.112106;0.112335;0.112106;0.112640;0.112427;0.112640;0.112427;0.112976;0.112427;0.113312;0.112427;0.113617;0.112427;0.113953;0.112427;0.114258;0.112747;0.114258;0.112747;0.114594;0.112747;0.114929;0.112747;0.115234;0.112747;0.115570;0.112747;0.115906;0.112747;0.116211;0.113083;0.116211;0.113083;0.116547;0.113083;0.117188;0.113403;0.117523;0.113403;0.117859;0.113403;0.118164;0.113724;0.118500;0.113724;0.118835;0.114059;0.119141;0.114059;0.119476;0.114380;0.119476;0.114380;0.119781;0.114380;0.120117;0.114700;0.120453;0.114700;0.120758;0.114700;0.121094;0.115021;0.121429;0.115021;0.121735;0.115021;0.122070;0.115021;0.122406;0.115021;0.122711;0.115021;0.123047;0.115021;0.123383;0.115021;0.123688;0.115021;0.124023;0.115021;0.124359;0.115021;0.124664;0.115021;0.125000;0.115021;0.125336;0.115021;0.125641;0.115021;0.125977;0.115021;0.126282;0.115356;0.126282;0.115356;0.126617;0.115356;0.126953;0.115356;0.127258;0.115677;0.127594;0.115677;0.127930;0.115677;0.128235;0.115677;0.128571;0.115997;0.128906;0.115997;0.129211;0.115997;0.129547;0.115997;0.129883;0.116333;0.129883;0.116333;0.130188;0.116653;0.130188;0.116974;0.130188;
0.115677;0.126282;0.116653;0.126617;0.116653;0.126953;0.116974;0.126953;0.117310;0.127258;0.117630;0.127594;0.117950;0.127594;0.118271;0.127930;0.118607;0.128235;0.118927;0.128235;0.119247;0.128235;0.118927;0.127930;0.118607;0.127594;0.118271;0.127258;0.117630;0.126953;0.117310;0.126617;0.116974;0.126282;0.116653;0.125977;0.116333;0.125641;0.115997;0.125336;0.115677;0.125000;0.115356;0.125000;0.115356;0.124664;0.115997;0.124664;0.115997;0.125000;0.116333;0.125336;0.116653;0.125336;0.116974;0.125641;0.117310;0.125977;0.117950;0.126282;0.118271;0.126282;0.118607;0.126617;0.119247;0.126953;0.119904;0.127258;0.120224;0.127258;0.120880;0.127594;0.121201;0.127930;0.121521;0.128235;0.122177;0.128571;0.122498;0.128906;0.122833;0.129211;0.123474;0.129211;0.123795;0.129547;0.124130;0.129883;0.124771;0.129883;0.125107;0.130188;0.125427;0.130188;0.126083;0.130524;0.126404;0.130524;0.127045;0.130859;0.127380;0.130859;0.128021;0.130859;0.128357;0.130859;0.128998;0.131165;0.129333;0.131165;0.129654;0.131165;0.130295;0.131165;0.130630;0.131165;0.131271;0.131500;0.131927;0.131500;0.132248;0.131500;0.132904;0.131805;0.133224;0.131805;0.133881;0.131805;0.134521;0.131805;0.134857;0.131805;0.135498;0.132141;0.135818;0.132141;0.136154;0.132141;0.136795;0.132141;0.137131;0.132141;0.137451;0.132141;0.137772;0.132141;0.138107;0.132141;0.138428;0.132141;0.138748;0.132477;0.139069;0.132477;0.139404;0.132477;0.139725;0.132477;0.140045;0.132477;0.140381;0.132477;0.141022;0.132477;0.141342;0.132477;0.141678;0.132782;0.141998;0.132782;0.142319;0.132782;0.142654;0.132782;0.142975;0.132782;0.143295;0.132782;0.143631;0.132782;0.143951;0.132782;0.144272;0.132782;0.144592;0.132782;0.144928;0.132782;0.145248;0.132782;0.145569;0.132782;0.145905;0.132782;0.146225;0.132782;0.146545;0.132782;0.146881;0.132782;0.147202;0.132782;0.147522;0.132782;0.147842;0.132782;0.148178;0.132782;0.148499;0.132782;0.148819;0.132782;0.149155;0.132782;0.149475;0.132782;0.149796;0.132782;0.150116;0.132782;0.150452;0.132477;0.150772;0.132477;0.151093;0.132477;0.151428;0.132477;0.151749;0.132477;0.152069;0.132477;0.152405;0.132477;0.152725;0.132477;0.153046;0.132477;0.153046;0.132141;0.153366;0.132141;0.153702;0.132141;0.154022;0.132141;0.154343;0.132141;0.154678;0.132141;0.154999;0.132141;0.155319;0.132141;0.155655;0.132141;0.156296;0.131805;0.156616;0.131805;0.156952;0.131805;0.157272;0.131805;0.157593;0.131805;0.157928;0.131805;0.158249;0.131500;0.158569;0.131500;0.158890;0.131500;0.159225;0.131500;0.159546;0.131500;0.159866;0.131500;0.160202;0.131500;0.160843;0.131165;0.161179;0.131165;0.161499;0.131165;0.161819;0.131165;0.162140;0.130859;
0.182297;0.108734;0.182297;0.109070;0.182297;0.109406;0.182297;0.109711;0.181961;0.110382;0.181961;0.110687;0.181961;0.111023;0.181961;0.111359;0.181961;0.112000;0.181641;0.112335;0.181641;0.112640;0.181641;0.112976;0.181320;0.113617;0.181320;0.114258;0.181320;0.114929;0.181000;0.115570;0.181000;0.116547;0.180664;0.116882;0.180664;0.117523;0.180344;0.118164;0.180344;0.118500;0.180023;0.119141;0.180023;0.119476;0.180023;0.119781;0.179688;0.120117;0.179688;0.120758;0.179688;0.121094;0.179367;0.121735;0.179367;0.122406;0.179367;0.122711;0.179367;0.123383;0.179047;0.123688;0.179047;0.124023;0.179047;0.124359;0.179047;0.124664;0.179047;0.125000;0.178711;0.125336;0.178711;0.125641;0.178391;0.125977;0.178070;0.126282;0.178070;0.126617;0.177750;0.126617;0.177750;0.126953;0.177414;0.126953;0.177414;0.127258;0.177094;0.127594;0.176773;0.127930;0.176437;0.128235;0.176117;0.128571;0.176117;0.128906;0.175797;0.128906;0.175797;0.129211;0.175461;0.129547;0.175140;0.129883;0.174500;0.130188;0.174164;0.130188;0.173843;0.130524;0.173187;0.130859;0.172867;0.131165;0.172546;0.131165;0.171890;0.131500;0.171570;0.131805;0.170914;0.131805;0.170593;0.132141;0.170273;0.132141;0.169937;0.132141;
0.168640;0.132141;0.166046;0.132141;0.165726;0.132477;
0.116653;0.129883;0.116653;0.130188;0.116653;0.130524;0.116653;0.130859;0.116653;0.131165;0.116974;0.131165;0.116974;0.131500;0.117310;0.131500;0.117310;0.131805;0.117630;0.131805;0.117950;0.131805;0.117950;0.132141;0.118271;0.132141;0.118607;0.132141;0.119247;0.132477;0.119583;0.132477;0.119904;0.132782;0.120224;0.132782;0.120544;0.132782;0.121201;0.133118;0.121521;0.133118;0.122177;0.133453;0.122498;0.133453;0.123154;0.133453;0.123474;0.133759;0.124130;0.133759;0.124771;0.134094;0.125427;0.134094;0.126083;0.134430;0.127045;0.134430;0.127701;0.134430;0.128357;0.134735;0.128998;0.134735;0.129654;0.134735;0.130630;0.135071;0.131271;0.135071;0.131927;0.135071;0.132904;0.135406;0.134521;0.135406;0.135178;0.135712;0.136154;0.135712;0.136795;0.135712;0.137451;0.135712;0.138428;0.135712;0.139069;0.135712;0.140045;0.135712;0.140701;0.135712;0.141678;0.135712;0.142319;0.135712;0.143295;0.135712;0.143951;0.135712;0.144592;0.135712;0.145248;0.135712;0.146225;0.135712;0.147202;0.135712;0.147842;0.135712;0.148819;0.135712;0.149475;0.135712;0.150116;0.135712;0.150772;0.135712;0.151428;0.135712;0.151749;0.135712;0.152405;0.135712;0.153046;0.135712;0.153702;0.135712;0.154343;0.135712;0.154999;0.135712;0.155655;0.135712;0.156296;0.135712;0.156952;0.135406;0.157272;0.135406;0.157928;0.135406;0.158249;0.135406;0.158890;0.135071;0.159546;0.135071;0.159866;0.135071;0.160522;0.135071;0.161179;0.134735;0.161819;0.134735;0.162476;0.134735;0.162796;0.134430;0.163437;0.134430;0.163773;0.134430;0.164093;0.134430;0.164429;0.134430;0.165070;0.134430;0.165390;0.134094;0.165726;0.134094;0.166046;0.134094;0.166687;0.134094;0.167023;0.133759;0.167664;0.133759;0.168320;0.133759;0.168640;0.133453;0.169296;0.133453;0.169617;0.133453;0.169937;0.133118;0.170593;0.133118;0.170914;0.133118;0.170914;0.132782;0.171249;0.132782;0.171570;0.132782;0.171890;0.132477;0.172546;0.132477;0.172867;0.132477;0.173187;0.132141;0.173523;0.132141;0.174164;0.131805;0.174500;0.131805;0.174820;0.131500;0.175140;0.131500;0.175140;0.131165;0.175461;0.130859;0.175797;0.130859;0.175797;0.130524;0.175797;0.130188;0.176117;0.129883;0.176117;0.129547;0.176117;0.129211;0.176437;0.128906;0.176773;0.128571;0.177094;0.128235;0.177414;0.128235;0.177750;0.128235;0.177750;0.128571;0.177750;0.128906;0.177414;0.129211;0.176773;0.129547;0.176437;0.129883;
0.115356;0.131165;0.115356;0.131500;0.115356;0.131805;0.115356;0.132141;0.115356;0.132782;0.115677;0.133118;0.115677;0.133453;0.115997;0.134094;0.116333;0.134430;0.116333;0.135071;0.116653;0.135406;0.116974;0.136047;0.116974;0.136688;0.116974;0.137024;0.117310;0.137360;0.117310;0.137665;0.117310;0.138000;0.117630;0.138000;0.117310;0.137665;0.117310;0.137360;0.116974;0.137024;0.116974;0.136353;0.116653;0.136047;0.116653;0.135406;0.116333;0.135071;
0.115677;0.130859;0.115677;0.130524;0.115997;0.130524;0.115997;0.130859;0.115997;0.131165;0.116333;0.131500;0.116333;0.131805;0.116653;0.132141;0.116653;0.132477;0.116974;0.132782;0.116974;0.133118;0.117310;0.133759;0.117310;0.134094;0.117630;0.134735;0.117630;0.135406;0.117950;0.136353;0.117950;0.137024;0.118271;0.137665;0.118607;0.138641;0.118927;0.138977;0.119247;0.139618;0.119583;0.139954;0.119904;0.140259;0.120224;0.140594;0.120544;0.141235;0.120880;0.141571;0.121201;0.142212;0.121857;0.142548;0.122177;0.143188;0.122498;0.143524;0.122833;0.143829;0.123154;0.144165;0.123474;0.144501;0.123795;0.144806;0.124451;0.145142;0.124771;0.145477;0.125427;0.145782;0.125748;0.146118;0.126404;0.146454;0.127045;0.146759;0.127701;0.147095;0.128357;0.147430;0.129333;0.147736;0.129974;0.148376;0.130951;0.149048;0.131927;0.149689;
0.178391;0.125977;0.178391;0.125336;0.178391;0.125641;0.178711;0.125977;0.178711;0.126282;0.178711;0.126617;0.178711;0.126953;0.178711;0.127594;0.178391;0.128235;0.178391;0.128906;0.178391;0.129883;0.178391;0.130524;0.178391;0.131500;0.178070;0.132141;0.178070;0.132782;0.178070;0.133118;0.177750;0.134735;0.177750;0.135406;0.177414;0.136047;0.177414;0.136688;0.177414;0.137360;0.177094;0.137665;0.177094;0.138000;0.176773;0.138000;0.176773;0.137665;0.176773;0.137360;0.177094;0.136688;0.177094;0.136047;0.177414;0.135406;0.177414;0.134430;0.177750;0.133759;0.177750;0.133453;
0.180344;0.122070;0.180664;0.122070;0.180664;0.122406;0.180664;0.123047;0.180664;0.123383;0.180344;0.124023;0.180344;0.124664;0.180344;0.125336;0.180344;0.125641;0.180023;0.126282;0.180023;0.127258;0.179688;0.128235;0.179688;0.129211;0.179367;0.130524;0.179047;0.131500;0.178711;0.132477;0.178391;0.133453;0.178070;0.134430;0.177750;0.135406;0.177414;0.136353;0.177094;0.137665;0.176773;0.138306;0.176117;0.139282;0.175797;0.139954;0.175461;0.140259;0.175140;0.140930;0.174500;0.141571;0.174164;0.142212;0.173843;0.142853;0.173187;0.143524;0.172867;0.144165;0.172546;0.144806;0.171890;0.145477;0.171570;0.145782;0.171249;0.146454;0.170914;0.146759;0.170593;0.147095;0.169937;0.147430;0.169617;0.148071;0.169296;0.148376;0.168976;0.148712;0.168320;0.149048;0.167999;0.149353;0.167343;0.150024;0.166687;0.150330;0.166046;0.150665;0.165390;0.151001;0.165070;0.151306;0.164429;0.151642;0.163437;0.151642;0.162796;0.151978;0.162140;0.152283;0.161179;0.152618;0.160202;0.152618;0.159546;0.152954;0.158890;0.152954;0.158569;0.152954;0.158249;0.153259;0.157928;0.153259;0.157593;0.153259;0.157272;0.153259;0.156616;0.153595;0.156296;0.153595;
0.123795;0.149048;0.124451;0.149353;0.125107;0.149353;0.125427;0.149689;0.126083;0.149689;0.126724;0.150024;0.127701;0.150330;0.128357;0.150330;0.129333;0.150665;0.130295;0.150665;0.130951;0.151001;0.131927;0.151001;0.132568;0.151306;0.133224;0.151306;0.133881;0.151642;0.134201;0.151642;0.134521;0.151642;0.134857;0.151978;0.135178;0.152283;0.134857;0.152618;
0.132248;0.152283;0.131607;0.152618;0.131271;0.152618;
0.126724;0.148071;0.126404;0.148071;0.126083;0.148071;0.125748;0.148071;0.125427;0.148071;0.125107;0.148376;0.124451;0.148376;0.124130;0.148712;0.123474;0.149048;0.122833;0.149353;0.121857;0.149689;0.120880;0.150330;0.119904;0.150665;0.118607;0.151306;0.117950;0.151642;0.116974;0.151978;0.116653;0.152283;0.116333;0.152283;0.115997;0.152618;0.115677;0.152618;
0.120544;0.150330;0.123474;0.149353;0.123795;0.149048;0.124130;0.149048;0.124771;0.148712;0.125107;0.148712;0.125427;0.148376;0.125748;0.148376;0.126404;0.148376;0.126404;0.148071;0.126724;0.148071;0.127045;0.148071;0.127380;0.148071;0.127701;0.148376;0.128021;0.148376;0.128357;0.148712;0.128677;0.148712;0.128998;0.148712;0.129333;0.148712;0.129654;0.148712;0.129654;0.149048;0.129333;0.149353;0.128998;0.149689;0.128677;0.150024;0.128021;0.150665;0.127380;0.151001;0.126724;0.151642;0.125748;0.151978;0.125427;0.152283;0.124130;0.152954;0.122498;0.153595;0.121201;0.154236;0.119904;0.154877;0.118607;0.155548;0.117310;0.156189;0.116653;0.156830;0.115677;0.157501;0.115356;0.157806;0.114700;0.158142;0.114380;0.158478;0.113724;0.158783;0.113403;0.159119;0.113083;0.159119;0.113083;0.159454;0.113083;0.159760;0.112747;0.160095;0.112427;0.160095;0.112427;0.160400;0.112106;0.160400;0.111771;0.160400;0.111771;0.160736;0.111450;0.160736;0.111130;0.160736;0.110809;0.160736;0.110809;0.161072;0.110474;0.161072;0.110474;0.161377;0.110153;0.161377;0.110153;0.161713;0.110153;0.162048;0.109833;0.162354;0.109833;0.163025;0.109833;0.163330;0.109833;0.163666;0.109833;0.164642;0.109833;0.164978;0.109833;0.165283;0.109833;0.165619;0.109833;0.165924;0.109833;0.166260;0.109833;0.165924;0.109833;0.165619;0.110153;0.165283;0.110153;0.164978;
0.112106;0.159760;0.112106;0.160095;0.112106;0.160400;0.112106;0.160736;0.112106;0.161072;0.112106;0.161377;0.112106;0.161713;0.112427;0.162048;0.112427;0.162689;0.112427;0.163330;0.112427;0.164307;0.112427;0.165283;0.112427;0.165924;0.112427;0.166595;0.112106;0.167236;0.112106;0.167572;0.112106;0.167877;0.112106;0.168213;0.112106;0.168549;0.112106;0.168213;0.112106;0.167877;0.112106;0.167572;0.112106;0.167236;0.112106;0.166901;0.112106;0.166595;0.112106;0.165924;0.112106;0.165283;0.111771;0.164978;0.111771;0.164001;0.111771;0.163666;0.111771;0.163025;0.111771;0.162689;0.111771;0.162354;0.111450;0.162354;0.111450;0.162048;0.111450;0.161713;0.111450;0.162048;0.111450;0.162354;0.111450;0.162689;0.111450;0.163025;0.111450;0.163666;0.111450;0.164307;0.111450;0.164642;0.111450;0.164978;0.111450;0.165619;0.111450;0.166595;0.111450;0.167236;0.111450;0.167572;0.111450;0.168213;0.111450;0.168549;0.111450;0.169189;0.111450;0.169830;0.111450;0.170166;0.111450;0.170807;0.111450;0.171143;0.111450;0.171783;0.111450;0.172119;0.111450;0.172424;0.111450;0.172760;0.111450;0.173096;0.111450;0.173401;0.111450;0.173737;0.111450;0.174072;0.111450;0.174377;
0.111130;0.174072;0.111130;0.173737;0.111130;0.173401;0.111450;0.173401;0.111450;0.173096;0.111450;0.172760;
0.110809;0.162048;0.111130;0.161072;0.111130;0.160736;0.111450;0.160400;0.111771;0.159760;0.112106;0.159454;0.112427;0.158783;0.112427;0.158478;
0.116653;0.154236;0.116333;0.154572;0.115997;0.154572;0.115997;0.154877;0.115677;0.155212;0.115677;0.155548;0.115356;0.155853;0.115021;0.156525;0.114700;0.157166;0.114380;0.157806;0.114059;0.158783;0.113403;0.159454;0.113083;0.160095;0.112427;0.160736;0.112106;0.161377;0.111771;0.162048;0.111450;0.163330;0.111130;0.164307;0.111130;0.165283;0.110809;0.166260;0.110809;0.166901;0.110809;0.167572;0.110809;0.168213;0.110474;0.168549;0.110474;0.169189;0.110474;0.169830;0.110474;0.170166;0.110474;0.170807;0.110474;0.171143;0.110474;0.171783;0.110474;0.172424;0.110474;0.172760;0.110474;0.173096;0.110474;0.172760;0.110809;0.172760;0.110809;0.173096;0.110809;0.173401;0.110809;0.173737;0.110809;0.174072;0.111130;0.174377;0.111130;0.174713;0.111130;0.175049;0.111130;0.175354;0.111450;0.176025;0.111450;0.176331;0.111450;0.176666;0.111450;0.177002;0.111771;0.177307;0.111771;0.177643;0.111771;0.177948;0.111771;0.178284;0.112106;0.178284;0.112106;0.178619;0.112427;0.178619;0.112747;0.178619;0.113083;0.178619;0.113403;0.178619;0.113724;0.178619;0.114059;0.178619;0.114380;0.178619;0.114700;0.178925;0.115021;0.178925;0.115356;0.178925;0.115677;0.178925;0.116333;0.179260;0.116653;0.179260;0.116974;0.179260;0.117310;0.179260;0.117950;0.179596;0.118271;0.179596;0.118927;0.179901;0.119583;0.179901;0.120544;0.179901;0.121201;0.180237;0.121521;0.180237;0.122177;0.180573;0.122833;0.180573;0.123474;0.180878;0.124130;0.180878;0.124771;0.181213;0.125427;0.181213;0.126083;0.181213;0.126724;0.181549;0.127701;0.181549;0.128357;0.181549;0.128998;0.181854;0.129654;0.181854;0.130295;0.181854;0.130951;0.181854;0.131271;0.182190;0.131927;0.182190;0.132568;0.182190;0.133545;0.182190;0.134201;0.182190;0.134857;0.182526;0.135498;0.182526;0.136154;0.182526;0.136795;0.182526;0.137451;0.182526;0.138107;0.182526;0.138428;0.182526;0.139069;0.182526;0.139725;0.182526;0.140701;0.182526;0.141342;0.182526;0.141998;0.182526;0.142319;0.182526;0.142975;0.182526;0.143631;0.182526;0.144272;0.182526;0.144592;0.182831;0.145248;0.182831;0.145905;0.182831;0.146545;0.182831;0.147202;0.182831;0.147842;0.182831;0.148499;0.182831;0.149155;0.182831;0.149796;0.182526;0.150452;0.182526;0.151093;0.182526;0.151749;0.182526;0.152405;0.182526;0.153046;0.182526;0.153702;0.182526;0.154343;0.182526;0.155319;0.182526;0.155975;0.182526;0.156616;0.182526;0.157272;0.182526;0.158249;0.182526;0.158890;0.182526;0.159866;0.182526;0.160522;0.182526;0.161499;0.182526;0.162476;0.182526;0.163437;0.182190;0.164093;0.182190;0.165070;0.182190;0.166046;0.182190;0.167023;0.182190;0.167999;0.181854;0.168976;0.181854;0.169617;0.181854;0.170593;0.181854;0.171249;0.181549;0.172226;0.181549;0.173187;0.181213;0.173843;0.180878;0.175797;0.180573;0.176773;0.180237;0.177414;0.179901;0.178070;0.179260;0.178711;0.178925;0.179367;0.178284;0.180344;0.177643;0.180664;0.177307;0.181320;0.176666;0.181961;0.176025;0.182297;0.175354;
0.166687;0.151642;0.166687;0.151001;0.167023;0.150665;0.167343;0.150330;0.167664;0.150330;0.167999;0.150024;0.168320;0.150024;0.168640;0.149689;0.168976;0.149689;0.169296;0.149689;0.169296;0.149353;
0.170593;0.148071;0.171570;0.148376;0.172226;0.148376;0.172546;0.148712;0.173187;0.148712;0.173843;0.149048;0.174500;0.149353;0.175140;0.149689;0.176117;0.150024;0.176773;0.150665;0.177750;0.151001;0.178391;0.151306;0.179047;0.151642;0.180023;0.151978;0.180664;0.152283;0.181320;0.152618;0.181961;0.152618;0.182617;0.152954;0.183273;0.152954;0.183914;0.153259;0.184235;0.153259;0.184570;0.153595;0.184891;0.153595;0.184891;0.153900;0.185211;0.153900;0.185211;0.154236;0.185211;0.154572;
0.185211;0.154877;0.185547;0.155212;0.185547;0.155548;0.185547;0.155853;0.185547;0.156189;0.185547;0.156525;0.185547;0.157166;0.185547;0.157501;0.185547;0.158142;0.185547;0.159454;0.185547;0.160095;0.185211;0.160736;0.185211;0.161072;0.185211;0.162048;0.185211;0.162689;0.185211;0.163666;0.185211;0.164642;0.185211;0.165283;0.185211;0.166260;0.185211;0.166901;0.185211;0.167572;0.185211;0.168213;0.185211;0.168854;0.185211;0.169830;0.185211;0.170807;0.185211;0.171783;0.185211;0.172424;0.185211;0.173401;0.185211;0.174072;0.185211;0.174713;0.185211;0.175354;0.185211;0.176025;0.185211;0.176666;0.185211;0.177307;0.184891;0.177948;0.184891;0.178284;0.184891;0.178925;0.184891;0.179260;0.184891;0.179596;0.184891;0.179901;
0.114700;0.159760;0.114700;0.160095;0.115021;0.160095;0.115021;0.160400;0.115356;0.160400;0.115677;0.160736;0.115997;0.160736;0.116333;0.161072;0.116653;0.161377;0.116974;0.162048;0.117630;0.162354;0.117950;0.163025;0.118607;0.163666;0.119247;0.164307;0.120224;0.164978;0.120880;0.165619;0.121521;0.165924;0.122498;0.166595;0.123154;0.166901;0.124130;0.167236;0.125107;0.167572;0.126083;0.167877;0.127380;0.168213;0.128357;0.168549;0.129654;0.168854;0.130630;0.168854;0.132248;0.169189;0.133545;0.169525;0.135178;0.169525;0.136475;0.169525;0.138107;0.169830;0.139725;0.169830;0.141342;0.169830;0.143295;0.169830;0.144592;0.169830;0.146545;0.169830;0.148178;0.169830;0.150116;0.169830;0.151749;0.169830;0.153702;0.169830;0.155319;0.169830;0.156952;0.169525;0.158569;0.169189;0.160522;0.169189;0.162140;0.168854;0.163773;0.168549;0.165390;0.168549;0.166687;0.168213;0.168320;0.168213;0.169617;0.167877;0.170914;0.167877;0.172226;0.167572;0.173523;0.167236;0.174500;0.166901;0.175797;0.166595;0.176773;0.166260;0.177750;0.165619;0.178391;0.164978;0.179047;0.164307;0.179688;0.163666;0.180344;0.163025;0.181000;0.162354;0.181641;0.161713;0.182297;0.161072;0.182617;0.160736;0.182938;0.160095;0.182938;0.159760;0.183273;0.159119;0.183273;0.158783;0.183273;0.158142;0.183273;0.157501;0.183273;0.156830;0.183594;0.156525;0.183594;0.155853;0.183594;0.155548;0.183594;0.155212;0.183594;0.154877;0.182938;0.154877;0.182938;0.155212;
0.111771;0.177948;0.112106;0.178284;0.112106;0.178619;0.112427;0.178925;0.112747;0.179260;0.113083;0.179596;0.113083;0.179901;0.113724;0.180237;0.114059;0.180573;0.114380;0.180878;0.115021;0.181213;0.115677;0.181549;0.116333;0.181854;0.117310;0.182190;0.117950;0.182831;0.119247;0.183167;0.120224;0.183807;0.121521;0.184448;0.122833;0.185120;0.124130;0.185425;0.125427;0.186096;0.127045;0.186401;0.128998;0.187073;0.130630;0.187378;0.132248;0.187714;0.133881;0.187714;0.135818;0.188049;0.137451;0.188354;0.141022;0.188690;0.142975;0.189026;0.144592;0.189026;0.146545;0.189026;0.148178;0.189026;0.149796;0.189026;0.151428;0.189026;0.153046;0.189026;0.154678;0.189026;0.156296;0.189026;0.157593;0.189026;0.159225;0.189026;0.160522;0.189026;0.162140;0.188690;0.163437;0.188690;0.164749;0.188354;0.166046;0.188354;0.167023;0.188049;0.168320;0.188049;0.169617;0.187714;0.170593;0.187378;0.171570;0.187073;0.172226;0.187073;0.173187;0.186737;0.174164;0.186401;0.174820;0.186096;0.175461;0.185760;0.176117;0.185425;0.176773;0.185120;0.177414;0.184784;0.178070;0.184448;0.178391;0.184143;0.179047;0.183807;0.179367;0.183472;0.180023;0.183167;0.180664;0.182831;0.181320;0.182526;0.181961;0.182190;0.182617;0.181854;0.183273;0.181549;0.183594;0.181549;0.184235;0.181213;0.184570;0.180878;0.184891;0.180878;0.185211;0.180573;0.185547;0.180237;0.185867;0.179901;0.186188;0.179596;0.186523;0.179260;0.187164;0.178619;0.187485;0.178284;0.187820;0.177948;0.187820;0.177643;0.188141;0.177643;0.188141;0.177948;
